iata,type,name,municipality,iso_country,latitude,longitude,scheduled,tz
AAA,medium_airport,Anaa Airport,Anaa,PF,-17.3526,-145.5100,yes,Pacific/Tahiti
AAB,small_airport,Arrabury Airport,Tanbar,AU,-26.6964,141.0487,no,Australia/Brisbane
AAC,large_airport,El Arish International Airport,El Arish,EG,31.0553,33.8280,yes,Africa/Cairo
AAD,small_airport,Adado Airport,Adado,SO,6.0958,46.6375,no,Africa/Mogadishu
AAE,large_airport,Annaba Rabah Bitat Airport,Annaba,DZ,36.8268,7.8133,yes,Africa/Algiers
AAF,small_airport,Apalachicola Regional Airport,Apalachicola,US,29.7275,-85.0275,no,America/New_York
AAH,small_airport,Aachen-Merzbrück Airport,Aachen,DE,50.8231,6.1864,no,Europe/Berlin
AAI,small_airport,Arraias Airport,Arraias,BR,-13.0252,-46.8841,no,America/Araguaina
AAJ,small_airport,Cayana Airstrip,Awaradam,SR,3.8987,-55.5779,no,America/Paramaribo
AAK,small_airport,Aranuka Airport,Buariki,KI,0.1853,173.6370,yes,Pacific/Tarawa
AAL,large_airport,Aalborg Airport,Aalborg,DK,57.0948,9.8499,yes,Europe/Copenhagen
AAM,medium_airport,Malamala Airport,Malamala,ZA,-24.8169,31.5441,no,Africa/Johannesburg
AAN,large_airport,Al Ain International Airport,Al Ain,AE,24.2617,55.6092,yes,Asia/Dubai
AAO,medium_airport,Anaco Airport,Anaco,VE,9.4302,-64.4707,no,America/Caracas
AAP,medium_airport,Aji Pangeran Tumenggung Pranoto International Airport,Samarinda,ID,-0.3745,117.2501,yes,Asia/Makassar
AAQ,medium_airport,Anapa Vityazevo Airport,Krasnyi Kurgan,RU,45.0021,37.3473,yes,Europe/Moscow
AAR,large_airport,Aarhus Airport,Aarhus,DK,56.3033,10.6183,yes,Europe/Copenhagen
AAS,small_airport,Apalapsili Airport,Apalapsili,ID,-3.8825,139.3109,no,Asia/Jayapura
AAT,medium_airport,Altay Xuedu Airport,Altay,CN,47.7499,88.0858,yes,Asia/Shanghai
AAU,small_airport,Asau Airport,Asau,WS,-13.5051,-172.6279,no,Pacific/Apia
AAV,medium_airport,Allah Valley Airport,Surallah,PH,6.3679,124.7524,no,Asia/Manila
AAX,medium_airport,Romeu Zema Airport,Araxá,BR,-19.5632,-46.9604,yes,America/Sao_Paulo
AAY,medium_airport,Al Ghaydah International Airport,Al Ghaydah,YE,16.1933,52.1742,yes,Asia/Aden
AAZ,small_airport,Quezaltenango Airport,Quezaltenango,GT,14.8656,-91.5020,yes,America/Guatemala
ABA,large_airport,Abakan International Airport,Abakan,RU,53.7400,91.3850,yes,Asia/Krasnoyarsk
ABB,large_airport,Asaba International Airport,Asaba,NG,6.2042,6.6653,yes,Africa/Lagos
ABC,medium_airport,Albacete Airport / Los Llanos Air Base,Albacete,ES,38.9485,-1.8635,no,Europe/Madrid
ABD,large_airport,Abadan Ayatollah Jami International Airport,Abadan,IR,30.3679,48.2301,yes,Asia/Tehran
ABE,medium_airport,Lehigh Valley International Airport,Allentown/Bethlehem,US,40.6518,-75.4428,yes,America/New_York
ABF,small_airport,Abaiang Airport,Abaiang,KI,1.7986,173.0410,no,Pacific/Tarawa
ABG,small_airport,Abingdon Downs Airport,Abingdon Downs,AU,-17.6088,143.1835,no,Australia/Brisbane
ABH,small_airport,Alpha Airport,Alpha,AU,-23.6528,146.5827,no,Australia/Brisbane
ABI,medium_airport,Abilene Regional Airport,Abilene,US,32.4113,-99.6819,yes,America/Chicago
ABJ,large_airport,Félix-Houphouët-Boigny International Airport,Abidjan,CI,5.2614,-3.9263,yes,Africa/Abidjan
ABK,medium_airport,Kebri Dahar Airport,Kebri Dahar,ET,6.7326,44.2413,yes,Africa/Addis_Ababa
ABL,medium_airport,Ambler Airport,Ambler,US,67.1055,-157.8553,yes,America/Anchorage
ABM,small_airport,Northern Peninsula Airport,Bamaga,AU,-10.9462,142.4551,yes,Australia/Brisbane
ABN,small_airport,Albina Airport,Albina,SR,5.5127,-54.0501,no,America/Paramaribo
ABO,small_airport,Aboisso Airport,Aboisso,CI,5.4619,-3.2347,no,Africa/Abidjan
ABP,small_airport,Atkamba Airport,Atkamba Mission,PG,-6.0646,141.0952,no,Pacific/Port_Moresby
ABQ,large_airport,Albuquerque International Sunport,Albuquerque,US,35.0400,-106.6089,yes,America/Denver
ABR,medium_airport,Aberdeen Regional Airport,Aberdeen,US,45.4491,-98.4218,yes,America/Chicago
ABS,medium_airport,Abu Simbel Airport,Abu Simbel,EG,22.3759,31.6117,yes,Africa/Cairo
ABT,medium_airport,King Saud Bin Abdulaziz (Al Baha) Airport,Al-Baha,SA,20.2985,41.6362,yes,Asia/Riyadh
ABU,small_airport,AA Bere Tallo (Haliwen) Airport,Atambua,ID,-9.0748,124.9033,yes,Asia/Makassar
ABV,large_airport,Nnamdi Azikiwe International Airport,Abuja,NG,9.0068,7.2632,yes,Africa/Lagos
ABX,medium_airport,Albury Airport,East Albury,AU,-36.0668,146.9591,yes,Australia/Sydney
ABY,medium_airport,Southwest Georgia Regional Airport,Albany,US,31.5329,-84.1962,yes,America/New_York
ABZ,large_airport,Aberdeen International Airport,Aberdeen,GB,57.2019,-2.1978,yes,Europe/London
ACA,large_airport,General Juan N. Álvarez International Airport,Acapulco,MX,16.7571,-99.7531,yes,America/Mexico_City
ACB,small_airport,Antrim County Airport,Bellaire,US,44.9886,-85.1984,no,America/Detroit
ACC,large_airport,Kotoka International Airport,Accra,GH,5.6052,-0.1668,yes,Africa/Accra
ACD,small_airport,Alcides Fernández Airport,Acandí,CO,8.4978,-77.2741,no,America/Bogota
ACE,large_airport,César Manrique-Lanzarote Airport,San Bartolomé,ES,28.9455,-13.6052,yes,Atlantic/Canary
ACF,small_airport,Aral Tarim Airport,Aral,CN,40.4347,81.2621,yes,Asia/Shanghai
ACH,medium_airport,Sankt Gallen Altenrhein Airport,St. Gallen,CH,47.4850,9.5608,yes,Europe/Zurich
ACI,medium_airport,Alderney Airport,Saint Anne,GG,49.7061,-2.2147,yes,Europe/Guernsey
ACJ,medium_airport,Anuradhapura Airport,Anuradhapura,LK,8.3015,80.4285,no,Asia/Colombo
ACK,medium_airport,Nantucket Memorial Airport,Nantucket,US,41.2531,-70.0602,yes,America/New_York
ACM,small_airport,Arica Airport,Arica,CO,-2.1437,-71.7593,no,America/Bogota
ACN,medium_airport,Ciudad Acuña International Airport,Ciudad Acuña,MX,29.3337,-101.1006,no,America/Matamoros
ACO,small_airport,Cóbano Airport,Cóbano,CR,9.6934,-85.0912,no,America/Costa_Rica
ACP,small_airport,Sahand Airport,Maragheh,IR,37.3480,46.1279,no,Asia/Tehran
ACR,small_airport,Araracuara Airport,Araracuara,CO,-0.6009,-72.3980,no,America/Bogota
ACS,medium_airport,Achinsk Airport,Achinsk,RU,56.2692,90.5751,no,Asia/Krasnoyarsk
ACT,medium_airport,Waco Regional Airport,Waco,US,31.6113,-97.2305,yes,America/Chicago
ACU,small_airport,Achutupu Airport,Mamitupu,PA,9.1885,-77.9942,no,America/Panama
ACV,medium_airport,California Redwood Coast-Humboldt County Airport,Arcata/Eureka,US,40.9781,-124.1090,yes,America/Los_Angeles
ACX,medium_airport,Xingyi Wanfenglin Airport,Xingyi,CN,25.0834,104.9608,yes,Asia/Shanghai
ACY,medium_airport,Atlantic City International Airport,Atlantic City,US,39.4562,-74.5775,yes,America/New_York
ACZ,medium_airport,Zabol Airport,Zabol,IR,31.0983,61.5439,no,Asia/Tehran
ADA,large_airport,Adana Şakirpaşa Airport,Seyhan,TR,36.9822,35.2804,yes,Europe/Istanbul
ADB,large_airport,Adnan Menderes International Airport,Gaziemir,TR,38.2924,27.1570,yes,Europe/Istanbul
ADC,small_airport,Andakombe Airport,Andekombe,PG,-7.1372,145.7447,no,Pacific/Port_Moresby
ADD,large_airport,Addis Ababa Bole International Airport,Addis Ababa,ET,8.9779,38.7993,yes,Africa/Addis_Ababa
ADE,large_airport,Aden International Airport,Aden,YE,12.8296,45.0300,yes,Asia/Aden
ADF,medium_airport,Adıyaman Airport,Adıyaman,TR,37.7314,38.4689,yes,Europe/Istanbul
ADG,small_airport,Lenawee County Airport,Adrian,US,41.8662,-84.0780,no,America/Detroit
ADH,small_airport,Aldan Airport,Aldan,RU,58.6028,125.4090,no,Asia/Yakutsk
ADI,medium_airport,Arandis Airport,Arandis,NA,-22.4619,14.9793,no,Africa/Windhoek
ADJ,large_airport,Marka International (Amman Civil) Airport,Amman,JO,31.9727,35.9916,yes,Asia/Amman
ADK,medium_airport,Adak Airport,Adak,US,51.8836,-176.6428,yes,America/Adak
ADL,large_airport,Adelaide International Airport,Adelaide,AU,-34.9475,138.5334,yes,Australia/Adelaide
ADM,small_airport,Ardmore Municipal Airport,Ardmore,US,34.3030,-97.0196,no,America/Chicago
ADO,small_airport,Andamooka Airport,Andamooka,AU,-30.4383,137.1370,no,Australia/Adelaide
ADP,medium_airport,Ampara Airport,Ampara,LK,7.3367,81.6239,no,Asia/Colombo
ADQ,medium_airport,Kodiak Airport,Kodiak,US,57.7500,-152.4940,yes,America/Anchorage
ADR,small_airport,Robert F Swinnie Airport,Andrews,US,33.4517,-79.5262,no,America/New_York
ADS,small_airport,Addison Airport,Dallas,US,32.9686,-96.8364,no,America/Chicago
ADT,medium_airport,Ada Regional Airport,Ada,US,34.8052,-96.6720,no,America/Chicago
ADU,medium_airport,Ardabil Airport,Ardabil,IR,38.3257,48.4244,yes,Asia/Tehran
ADV,small_airport,El Daein Airport,El Daein,SD,11.4023,26.1186,no,Africa/Khartoum
ADW,medium_airport,Joint Base Andrews,Camp Springs,US,38.8108,-76.8670,no,America/New_York
ADX,medium_airport,Leuchars Station Airfield,"Leuchars, Fife",GB,56.3740,-2.8689,no,Europe/London
ADY,small_airport,Alldays Airport,Alldays,ZA,-22.6790,29.0555,no,Africa/Johannesburg
ADZ,large_airport,Gustavo Rojas Pinilla International Airport,San Andrés,CO,12.5836,-81.7112,yes,America/Bogota
AEA,small_airport,Abemama Airport,Abemama,KI,0.4908,173.8303,no,Pacific/Tarawa
AEB,medium_airport,Baise (Bose) Bama Airport,Baise (Tianyang),CN,23.7206,106.9600,yes,Asia/Shanghai
AEE,small_airport,Adareil Airport,Adar,SS,10.0536,32.9594,no,Africa/Juba
AEG,medium_airport,Aek Godang Airport,Padang Sidempuan,ID,1.4001,99.4305,no,Asia/Jakarta
AEH,medium_airport,Abeche Airport,Abeche,TD,13.8470,20.8443,yes,Africa/Ndjamena
AEK,small_airport,Aseki Airport,Aseki,PG,-7.3508,146.1940,no,Pacific/Port_Moresby
AEL,small_airport,Albert Lea Municipal Airport,Albert Lea,US,43.6815,-93.3672,no,America/Chicago
AEM,small_airport,Amgu Airport,Amgu,RU,45.8413,137.6736,no,Asia/Vladivostok
AEO,small_airport,Aioun el Atrouss Airport,Aioun El Atrouss,MR,16.7113,-9.6379,no,Africa/Nouakchott
AEP,large_airport,Aeroparque Jorge Newbery,Buenos Aires,AR,-34.5594,-58.4155,yes,America/Argentina/Buenos_Aires
AEQ,small_airport,Ar Horqin Airport,Chifeng,CN,43.9084,120.1510,no,Asia/Shanghai
AER,large_airport,Sochi International Airport,Sochi,RU,43.4499,39.9566,yes,Europe/Moscow
AES,large_airport,Ålesund Airport,Ålesund,NO,62.5604,6.1108,yes,Europe/Oslo
AET,small_airport,Allakaket Airport,Allakaket,US,66.5518,-152.6220,yes,America/Anchorage
AEU,medium_airport,Abu Musa Island Airport,Abu Musa,IR,25.8757,55.0330,yes,Asia/Tehran
AEX,medium_airport,Alexandria International Airport,Alexandria,US,31.3258,-92.5467,yes,America/Chicago
AEY,large_airport,Akureyri International Airport,Akureyri,IS,65.6566,-18.0720,yes,Atlantic/Reykjavik
AFA,medium_airport,Suboficial Ay Santiago Germano Airport,San Rafael,AR,-34.5883,-68.4039,yes,America/Argentina/Mendoza
AFD,small_airport,Port Alfred Airport,Port Alfred,ZA,-33.5551,26.8817,no,Africa/Johannesburg
AFF,small_airport,USAF Academy Airfield,Colorado Springs,US,38.9725,-104.8211,no,America/Denver
AFI,small_airport,Amalfi Airport,Amalfi,CO,6.8950,-75.0473,no,America/Bogota
AFL,medium_airport,Piloto Osvaldo Marques Dias Airport,Alta Floresta,BR,-9.8664,-56.1063,yes,America/Cuiaba
AFN,small_airport,Jaffrey Airfield Silver Ranch Airport,Jaffrey,US,42.8051,-72.0030,no,America/New_York
AFO,small_airport,Afton Municipal Airport,Afton,US,42.7112,-110.9420,no,America/Denver
AFR,small_airport,Afore Airstrip,Afore,PG,-9.1387,148.3907,no,Pacific/Port_Moresby
AFS,small_airport,Sugraly Airport,Zarafshan,UZ,41.6138,64.2330,no,Asia/Samarkand
AFT,small_airport,Afutara Aerodrome,Bila,SB,-9.1914,160.9486,no,Pacific/Guadalcanal
AFW,medium_airport,Perot Field/Fort Worth Alliance Airport,Fort Worth,US,32.9904,-97.3195,no,America/Chicago
AFY,medium_airport,Afyon Air Base,Afyonkarahisar,TR,38.7264,30.6011,no,Europe/Istanbul
AFZ,medium_airport,Sabzevar National Airport,Sabzevar,IR,36.1681,57.5952,yes,Asia/Tehran
AGA,large_airport,Al Massira Airport,Agadir (Temsia),MA,30.3225,-9.4120,yes,Africa/Casablanca
AGB,medium_airport,Augsburg Airport,Augsburg,DE,48.4253,10.9317,no,Europe/Berlin
AGC,medium_airport,Allegheny County Airport,Pittsburgh,US,40.3544,-79.9302,no,America/New_York
AGD,small_airport,Anggi Airport,Anggi-Papua Island,ID,-1.3858,133.8737,no,Asia/Jayapura
AGE,small_airport,Wangerooge Airport,Wangerooge,DE,53.7825,7.9196,yes,Europe/Berlin
AGF,medium_airport,Agen La Garenne airport,Agen,FR,44.1742,0.5931,no,Europe/Paris
AGG,small_airport,Angoram Airport,Angoram,PG,-4.0571,144.0738,no,Pacific/Port_Moresby
AGH,medium_airport,Ängelholm-Helsingborg Airport,Ängelholm,SE,56.2961,12.8471,yes,Europe/Stockholm
AGI,small_airport,Wageningen Airstrip,Wageningen,SR,5.8413,-56.6732,yes,America/Paramaribo
AGJ,small_airport,Aguni Airport,Aguni,JP,26.5928,127.2403,yes,Asia/Tokyo
AGK,small_airport,Kagua Airport,Kagua,PG,-6.3964,143.8536,no,Pacific/Port_Moresby
AGL,small_airport,Wanigela Airport,Wanigela,PG,-9.3375,149.1556,no,Pacific/Port_Moresby
AGO,small_airport,Magnolia Municipal Airport / Ralph C Weiser Field,Magnolia,US,33.2280,-93.2170,no,America/Chicago
AGP,large_airport,Málaga-Costa del Sol Airport,Málaga,ES,36.6749,-4.4991,yes,Europe/Madrid
AGR,medium_airport,Agra Airport / Agra Air Force Station,Agra,IN,27.1580,77.9610,yes,Asia/Kolkata
AGS,medium_airport,Augusta Regional At Bush Field,Augusta,US,33.3699,-81.9645,yes,America/New_York
AGT,large_airport,Guaraní International Airport,Ciudad del Este,PY,-25.4572,-54.8395,yes,America/Asuncion
AGU,large_airport,Aguascalientes International Airport,Aguascalientes,MX,21.6996,-102.3184,yes,America/Mexico_City
AGV,medium_airport,Oswaldo Guevara Mujica Airport,Acarigua,VE,9.5534,-69.2379,no,America/Caracas
AGW,small_airport,Agnew Airport,Agnew,AU,-12.1456,142.1494,no,Australia/Brisbane
AGX,medium_airport,Agatti Airport,Agatti,IN,10.8237,72.1760,yes,Asia/Kolkata
AGZ,medium_airport,Aggeneys Airport,Aggeneys,ZA,-29.2818,18.8139,no,Africa/Johannesburg
AHA,medium_airport,Maa Mahamaya Airport,Ambikapur,IN,22.9875,83.1961,yes,Asia/Kolkata
AHB,large_airport,Abha International Airport,Abha,SA,18.2404,42.6566,yes,Asia/Riyadh
AHC,small_airport,Amedee Army Air Field,Herlong,US,40.2662,-120.1530,no,America/Los_Angeles
AHD,small_airport,Ardmore Downtown Executive Airport,Ardmore,US,34.1470,-97.1227,no,America/Chicago
AHE,medium_airport,Ahe Airport,Ahe Atoll,PF,-14.4281,-146.2570,yes,Pacific/Tahiti
AHF,small_airport,Arapahoe Municipal Airport,Arapahoe,US,40.3416,-99.9078,no,America/Chicago
AHG,small_airport,Agalega Island Airstrip,Vingt Cinq,MU,-10.3731,56.6098,no,Indian/Mauritius
AHH,small_airport,Amery Municipal Airport,Amery,US,45.2811,-92.3754,no,America/Chicago
AHI,small_airport,Amahai Airport,Amahai,ID,-3.3479,128.9271,no,Asia/Jayapura
AHJ,medium_airport,Hongyuan Airport,Ngawa (Hongyuan),CN,32.5315,102.3522,no,Asia/Shanghai
AHL,small_airport,Aishalton Airport,Aishalton,GY,2.4740,-59.3208,no,America/Guyana
AHM,small_airport,Ashland Municipal Airport Sumner Parker Field,Ashland,US,42.1903,-122.6606,no,America/Los_Angeles
AHN,medium_airport,Athens Ben Epps Airport,Athens,US,33.9488,-83.3256,no,America/New_York
AHO,medium_airport,Alghero-Fertilia Airport,Alghero,IT,40.6321,8.2908,yes,Europe/Rome
AHS,small_airport,Ahuas Airport,Ahuas,HN,15.4722,-84.3522,no,America/Tegucigalpa
AHU,medium_airport,Cherif Al Idrissi Airport,Al Hoceima,MA,35.1771,-3.8395,no,Africa/Casablanca
AHY,small_airport,Ambatolhy Airport,Ambatolahy,MG,-20.0158,45.5350,no,Indian/Antananarivo
AHZ,small_airport,L'Alpe d'Huez - Henri Giraud Altiport,"Huez, Isère",FR,45.0874,6.0836,no,Europe/Paris
AIA,medium_airport,Alliance Municipal Airport,Alliance,US,42.0525,-102.8040,yes,America/Denver
AIC,small_airport,Ailinglaplap Airok Airport,Bigatyelang Island,MH,7.2794,168.8257,no,Pacific/Majuro
AID,small_airport,Anderson Municipal Darlington Field,Anderson,US,40.1086,-85.6130,no,America/Indiana/Indianapolis
AIE,small_airport,Aiome Airport,Aiome,PG,-5.1457,144.7307,no,Pacific/Port_Moresby
AIF,small_airport,Marcelo Pires Halzhausen Airport,Assis,BR,-22.6386,-50.4560,no,America/Sao_Paulo
AIG,small_airport,Yalinga Airport,Yalinga,CF,6.5200,23.2600,no,Africa/Bangui
AIH,small_airport,Aiambak Airport,Aiambak,PG,-7.3428,141.2675,no,Pacific/Port_Moresby
AII,small_airport,Ali-Sabieh Airport,Ali-Sabieh,DJ,11.1469,42.7200,no,Africa/Djibouti
AIK,small_airport,Aiken Regional Airport,Aiken,US,33.6494,-81.6850,no,America/New_York
AIL,small_airport,Ailigandí Airport,Isla Lorenzo Bello,PA,9.2226,-78.0236,no,America/Panama
AIM,small_airport,Ailuk Airport,Ailuk Island,MH,10.2168,169.9830,no,Pacific/Majuro
AIN,medium_airport,Wainwright Airport,Wainwright,US,70.6380,-159.9950,yes,America/Anchorage
AIO,small_airport,Atlantic Municipal Airport,Atlantic,US,41.4073,-95.0469,no,America/Chicago
AIP,small_airport,Adampur Airport,Adampur,IN,31.4338,75.7588,yes,Asia/Kolkata
AIR,small_airport,Aripuanã Airport,Aripuanã,BR,-10.1874,-59.4575,no,America/Cuiaba
AIS,small_airport,Arorae Island Airport,Arorae Island,KI,-2.6162,176.8022,no,Pacific/Tarawa
AIT,small_airport,Aitutaki Airport,Aitutaki,CK,-18.8309,-159.7640,yes,Pacific/Rarotonga
AIU,small_airport,Enua Airport,Atiu Island,CK,-19.9678,-158.1190,yes,Pacific/Rarotonga
AIV,small_airport,George Downer Airport,Aliceville,US,33.1065,-88.1978,no,America/Chicago
AIW,small_airport,Ai-Ais Airport,Ai-Ais,NA,-27.9950,17.5966,no,Africa/Windhoek
AIY,small_airport,Araçuaí Airport,Araçuaí,BR,-16.8516,-42.0456,no,America/Sao_Paulo
AIZ,small_airport,Lee C Fine Memorial Airport,Kaiser Lake Ozark,US,38.0960,-92.5495,no,America/Chicago
AJA,medium_airport,Ajaccio Napoléon Bonaparte airport,Ajaccio,FR,41.9236,8.8029,yes,Europe/Paris
AJF,large_airport,Al-Jawf International Airport,Al-Jawf,SA,29.7833,40.1009,yes,Asia/Riyadh
AJI,medium_airport,Ağrı Airport,Ağrı,TR,39.6556,43.0257,yes,Europe/Istanbul
AJJ,small_airport,Akjoujt Airport,Akjoujt,MR,19.7280,-14.3772,no,Africa/Nouakchott
AJK,small_airport,Arak Airport,Araak,IR,34.1381,49.8473,no,Asia/Tehran
AJL,medium_airport,Lengpui Airport,Aizawl (Lengpui),IN,23.8406,92.6197,yes,Asia/Kolkata
AJN,medium_airport,Ouani Airport,Ouani,KM,-12.1310,44.4300,yes,Indian/Comoro
AJR,medium_airport,Arvidsjaur Airport,Arvidsjaur,SE,65.5903,19.2819,yes,Europe/Stockholm
AJS,small_airport,Punta Abreojos Airport,Mulegé,MX,26.7272,-113.5590,no,America/Mazatlan
AJU,medium_airport,Aracaju - Santa Maria Airport,Aracaju,BR,-10.9839,-37.0729,yes,America/Maceio
AJY,medium_airport,Mano Dayak International Airport,Agadez,NE,16.9660,8.0001,no,Africa/Niamey
AKA,small_airport,Ankang Fuqiang Airport,Ankang (Hanbin),CN,32.7570,108.8734,yes,Asia/Shanghai
AKB,small_airport,Atka Airport,Atka,US,52.2203,-174.2060,yes,America/Adak
AKC,medium_airport,Akron Fulton International Airport,Akron,US,41.0374,-81.4678,no,America/New_York
AKD,medium_airport,Akola Airport,Akola,IN,20.6989,77.0569,no,Asia/Kolkata
AKE,small_airport,Akieni Airport,Akieni,GA,-1.1397,13.9036,no,Africa/Libreville
AKF,medium_airport,Kufra Airport,Kufra,LY,24.1787,23.3140,yes,Africa/Tripoli
AKG,small_airport,Anguganak Airport,Anguganak,PG,-3.5605,142.2173,no,Pacific/Port_Moresby
AKH,medium_airport,Prince Sultan Air Base,Al Kharj,SA,24.0627,47.5805,no,Asia/Riyadh
AKI,small_airport,Akiak Airport,Akiak,US,60.9026,-161.2311,yes,America/Anchorage
AKJ,medium_airport,Asahikawa Airport,Higashikagura,JP,43.6708,142.4470,yes,Asia/Tokyo
AKK,small_airport,Akhiok Airport,Akhiok,US,56.9387,-154.1830,yes,America/Anchorage
AKL,large_airport,Auckland International Airport,Auckland,NZ,-37.0120,174.7863,yes,Pacific/Auckland
AKM,small_airport,Zakuoma Airport,ZaKouma,TD,10.8903,19.8172,no,Africa/Ndjamena
AKN,medium_airport,King Salmon Airport,King Salmon,US,58.6778,-156.6520,yes,America/Anchorage
AKO,small_airport,Colorado Plains Regional Airport,Akron,US,40.1756,-103.2220,no,America/Denver
AKP,medium_airport,Anaktuvuk Pass Airport,Anaktuvuk Pass,US,68.1336,-151.7430,yes,America/Anchorage
AKQ,small_airport,Astra Ksetra Airport,Menggala,ID,-4.6116,105.2320,no,Asia/Jakarta
AKR,medium_airport,Akure Airport,Akure,NG,7.2467,5.3010,yes,Africa/Lagos
AKS,small_airport,Gwaunaru'u Airport,Auki,SB,-8.7026,160.6820,yes,Pacific/Guadalcanal
AKT,medium_airport,RAF Akrotiri,Akrotiri,CY,34.5904,32.9879,no,Asia/Nicosia
AKU,medium_airport,Aksu Hongqipo Airport,Aksu (Onsu),CN,41.2625,80.2917,yes,Asia/Shanghai
AKV,small_airport,Akulivik Airport,Akulivik,CA,60.8186,-78.1486,yes,America/Toronto
AKW,medium_airport,Aghajari Airport,Omidiyeh,IR,30.7444,49.6772,no,Asia/Tehran
AKX,large_airport,Aktobe International Airport,Aktobe,KZ,50.2481,57.2041,yes,Asia/Aqtobe
AKY,medium_airport,Sittwe Airport,Sittwe,MM,20.1332,92.8707,yes,Asia/Yangon
ALA,large_airport,Almaty International Airport,Almaty,KZ,43.3543,77.0428,yes,Asia/Almaty
ALB,large_airport,Albany International Airport,Albany,US,42.7483,-73.8017,yes,America/New_York
ALC,large_airport,Alicante-Elche Miguel Hernández Airport,Alicante,ES,38.2822,-0.5582,yes,Europe/Madrid
ALD,small_airport,Alerta Airport,Fortaleza,PE,-11.6502,-69.2296,no,America/Lima
ALE,small_airport,Alpine Casparis Municipal Airport,Alpine,US,30.3842,-103.6840,no,America/Chicago
ALF,medium_airport,Alta Airport,Alta,NO,69.9761,23.3717,yes,Europe/Oslo
ALG,large_airport,Houari Boumediene Airport,Algiers,DZ,36.6939,3.2145,yes,Africa/Algiers
ALH,medium_airport,Albany Airport,Albany,AU,-34.9433,117.8089,yes,Australia/Perth
ALI,medium_airport,Alice International Airport,Alice,US,27.7409,-98.0269,no,America/Chicago
ALJ,medium_airport,Alexander Bay Airport,Alexander Bay,ZA,-28.5750,16.5333,no,Africa/Johannesburg
ALM,medium_airport,Alamogordo White Sands Regional Airport,Alamogordo,US,32.8378,-105.9931,no,America/Denver
ALN,medium_airport,St Louis Regional Airport,Alton/St Louis,US,38.8903,-90.0460,no,America/Chicago
ALO,medium_airport,Waterloo Regional Airport,Waterloo,US,42.5571,-92.4003,yes,America/Chicago
ALP,large_airport,Aleppo International Airport,Aleppo,SY,36.1813,37.2269,yes,Asia/Damascus
ALQ,small_airport,Alegrete Novo Airport,Alegrete,BR,-29.8116,-55.8947,no,America/Sao_Paulo
ALR,medium_airport,Alexandra Aerodrome,Alexandra,NZ,-45.2105,169.3711,no,Pacific/Auckland
ALS,medium_airport,San Luis Valley Regional Airport/Bergman Field,Alamosa,US,37.4349,-105.8670,yes,America/Denver
ALT,small_airport,Alenquer Municipal Airport,Alenquer,BR,-1.9170,-54.7231,no,America/Santarem
ALU,small_airport,Alula Airport,Alula,SO,11.9582,50.7480,no,Africa/Mogadishu
ALW,medium_airport,Walla Walla Regional Airport,Walla Walla,US,46.0949,-118.2880,yes,America/Los_Angeles
ALX,small_airport,Thomas C Russell Field,Alexander City,US,32.9147,-85.9630,no,America/Chicago
AMA,medium_airport,Rick Husband Amarillo International Airport,Amarillo,US,35.2179,-101.7064,yes,America/Chicago
AMB,small_airport,Ambilobe Airport,,MG,-13.1884,48.9880,no,Indian/Antananarivo
AMC,small_airport,Am Timan Airport,Am Timan,TD,11.0340,20.2740,no,Africa/Ndjamena
AMD,large_airport,Sardar Vallabh Patel International Airport,Ahmedabad,IN,23.0772,72.6347,yes,Asia/Kolkata
AME,small_airport,Alto Molocue Airport,Alto Molocue,MZ,-15.6103,37.6814,no,Africa/Maputo
AMF,small_airport,Ama Airport,,PG,-4.1011,141.6700,no,Pacific/Port_Moresby
AMH,medium_airport,Arba Minch Airport,Arba Minch,ET,6.0394,37.5905,yes,Africa/Addis_Ababa
AMJ,small_airport,Cirilo Queiróz Airport,Almenara,BR,-16.1656,-40.6840,no,America/Sao_Paulo
AMK,small_airport,Animas Air Park,Durango,US,37.2032,-107.8690,no,America/Denver
AML,small_airport,Puerto Armuelles Airport,Puerto Armuelles,PA,8.2677,-82.8645,no,America/Panama
AMM,large_airport,Queen Alia International Airport,Amman,JO,31.7226,35.9932,yes,Asia/Amman
AMN,small_airport,Gratiot Community Airport,Alma,US,43.3221,-84.6880,no,America/Detroit
AMO,small_airport,Mao Airport,Mao,TD,14.1456,15.3144,no,Africa/Ndjamena
AMP,small_airport,Ampanihy Airport,Ampanihy,MG,-24.6997,44.7342,no,Indian/Antananarivo
AMQ,large_airport,Pattimura International Airport,Ambon,ID,-3.7103,128.0890,yes,Asia/Jayapura
AMS,large_airport,Amsterdam Airport Schiphol,Amsterdam,NL,52.3086,4.7639,yes,Europe/Amsterdam
AMT,small_airport,Amata Airport,,AU,-26.0974,131.2027,no,Australia/Adelaide
AMU,small_airport,Amanab Airport,Amanab,PG,-3.5860,141.2143,no,Pacific/Port_Moresby
AMV,medium_airport,Amderma Airport,Amderma,RU,69.7633,61.5564,yes,Europe/Moscow
AMW,small_airport,Ames Municipal Airport,Ames,US,41.9920,-93.6218,no,America/Chicago
AMX,small_airport,Ammaroo Airport,,AU,-21.7383,135.2420,no,Australia/Darwin
AMY,small_airport,Ambatomainty Airport,,MG,-17.6867,45.6239,no,Indian/Antananarivo
AMZ,medium_airport,Ardmore Airport,Manurewa,NZ,-37.0297,174.9730,no,Pacific/Auckland
ANA,small_airport,Angama Mara Airport,Lolgorien,KE,-1.2716,34.9547,no,Africa/Nairobi
ANB,medium_airport,Anniston Regional Airport,Anniston,US,33.5882,-85.8581,no,America/Chicago
ANC,large_airport,Ted Stevens Anchorage International Airport,Anchorage,US,61.1790,-149.9926,yes,America/Anchorage
AND,medium_airport,Anderson Regional Airport,Anderson,US,34.4946,-82.7094,no,America/New_York
ANE,medium_airport,Angers Marcé airport,Angers,FR,47.5603,-0.3122,no,Europe/Paris
ANF,large_airport,Andrés Sabella Gálvez International Airport,Antofagasta,CL,-23.4453,-70.4452,yes,America/Santiago
ANG,medium_airport,Angoulême Brie-Champniers airport,Angoulême,FR,45.7292,0.2215,no,Europe/Paris
ANI,medium_airport,Aniak Airport,Aniak,US,61.5816,-159.5430,yes,America/Anchorage
ANJ,small_airport,Zanaga Airport,Zanaga,CG,-2.8467,13.8212,no,Africa/Brazzaville
ANK,medium_airport,Etimesgut Air Base,Ankara,TR,39.9498,32.6886,no,Europe/Istanbul
ANL,small_airport,Andulo Airport,Andulo,AO,-11.4723,16.7109,no,Africa/Luanda
ANM,medium_airport,Antsirabe Airport,Antsirabe,MG,-14.9994,50.3202,no,Indian/Antananarivo
ANN,medium_airport,Annette Island Airport,Metlakatla,US,55.0377,-131.5726,no,America/Metlakatla
ANO,small_airport,Angoche Airport,Angoche,MZ,-16.1819,39.9452,no,Africa/Maputo
ANP,small_airport,Lee Airport,Annapolis,US,38.9429,-76.5684,no,America/New_York
ANQ,small_airport,Tri State Steuben County Airport,Angola,US,41.6397,-85.0835,no,America/Indiana/Indianapolis
ANR,medium_airport,Antwerp International Airport (Deurne),Antwerp,BE,51.1907,4.4632,yes,Europe/Brussels
ANS,small_airport,Andahuaylas Airport,Andahuaylas,PE,-13.7064,-73.3504,yes,America/Lima
ANU,large_airport,V. C. Bird International Airport,Osbourn,AG,17.1367,-61.7927,yes,America/Antigua
ANV,medium_airport,Anvik Airport,Anvik,US,62.6467,-160.1910,yes,America/Anchorage
ANW,small_airport,Ainsworth Regional Airport,Ainsworth,US,42.5792,-99.9930,no,America/Chicago
ANX,medium_airport,"Andøya Airport, Andenes",Andenes,NO,69.2952,16.1394,yes,Europe/Oslo
ANY,small_airport,Anthony Municipal Airport,Anthony,US,37.1585,-98.0796,no,America/Chicago
ANZ,small_airport,Angus Downs Airport,Angus Downs Station,AU,-25.0325,132.2748,no,Australia/Darwin
AOB,small_airport,Annanberg Airport,,PG,-4.9042,144.6358,no,Pacific/Port_Moresby
AOC,medium_airport,Leipzig–Altenburg Airport,Nobitz,DE,50.9819,12.5064,no,Europe/Berlin
AOD,small_airport,Abou-Deïa Airport,Abou-Deïa,TD,11.4773,19.2874,no,Africa/Ndjamena
AOE,large_airport,Hasan Polatkan Airport,Eskişehir,TR,39.8116,30.5193,yes,Europe/Istanbul
AOG,medium_airport,Anshan Teng'ao Airport / Anshan Air Base,Anshan,CN,41.1053,122.8540,yes,Asia/Shanghai
AOH,small_airport,Lima Allen County Airport,Lima,US,40.7069,-84.0267,no,America/New_York
AOI,medium_airport,Marche Airport,Falconara Marittima (AN),IT,43.6163,13.3623,yes,Europe/Rome
AOJ,large_airport,Aomori Airport,Aomori,JP,40.7338,140.6895,yes,Asia/Tokyo
AOK,medium_airport,Karpathos Airport,Karpathos Island,GR,35.4214,27.1460,yes,Europe/Athens
AOL,medium_airport,Paso De Los Libres Airport,Paso de los Libres,AR,-29.6894,-57.1521,no,America/Argentina/Cordoba
AOM,small_airport,Adam Airport,Adam,OM,22.4919,57.3839,no,Asia/Muscat
AOO,medium_airport,Altoona Blair County Airport,Altoona,US,40.2964,-78.3200,yes,America/New_York
AOP,small_airport,Alferez FAP Alfredo Vladimir Sara Bauer Airport,Andoas,PE,-2.7961,-76.4666,no,America/Lima
AOR,medium_airport,Sultan Abdul Halim Airport,Alor Satar,MY,6.1897,100.3980,yes,Asia/Kuala_Lumpur
AOT,medium_airport,Aosta Corrado Gex Airport,Saint-Christophe (AO),IT,45.7386,7.3683,no,Europe/Rome
AOU,small_airport,Attopeu Airport,Attopeu,LA,14.7931,107.0453,no,Asia/Vientiane
APA,medium_airport,Centennial Airport,Denver,US,39.5701,-104.8490,no,America/Denver
APB,small_airport,Apolo Airport,Apolo,BO,-14.7356,-68.4119,no,America/La_Paz
APC,small_airport,Napa County Airport,Napa,US,38.2132,-122.2810,no,America/Los_Angeles
APD,small_airport,Arung Palakka Airport,Bone,ID,-4.4596,120.3104,no,Asia/Makassar
APF,medium_airport,Naples Municipal Airport,Naples,US,26.1526,-81.7753,no,America/New_York
APG,medium_airport,Phillips Army Air Field,Aberdeen,US,39.4662,-76.1688,no,America/New_York
APH,small_airport,Mary Walker LZ Airport,Bowling Green,US,38.0686,-77.3193,no,America/New_York
API,medium_airport,Gomez Nino Apiay Air Base,Apiay,CO,4.0761,-73.5627,no,America/Bogota
APJ,medium_airport,Ali Pulan Airport,Burang Town,CN,30.3979,81.1332,no,Asia/Shanghai
APK,small_airport,Apataki Airport,Apataki,PF,-15.5736,-146.4150,yes,Pacific/Tahiti
APL,large_airport,Nampula Airport,Nampula,MZ,-15.1056,39.2818,yes,Africa/Maputo
APN,medium_airport,Alpena County Regional Airport,Alpena,US,45.0781,-83.5603,yes,America/Detroit
APO,medium_airport,Antonio Roldán Betancur Airport,Carepa,CO,7.8120,-76.7164,yes,America/Bogota
APP,small_airport,Asapa Airport,,PG,-8.9792,148.1036,no,Pacific/Port_Moresby
APQ,small_airport,Arapiraca Airport,Arapiraca,BR,-9.7766,-36.6290,no,America/Maceio
APR,small_airport,April River Airport,April River,PG,-4.6767,142.5401,no,Pacific/Port_Moresby
APS,small_airport,Anápolis Airport,Anápolis,BR,-16.3636,-48.9288,no,America/Sao_Paulo
APT,small_airport,Marion County Airport - Brown Field,Jasper,US,35.0607,-85.5853,no,America/Chicago
APU,small_airport,Captain João Busse Airport,Apucarana,BR,-23.6091,-51.3843,no,America/Sao_Paulo
APV,small_airport,Apple Valley Airport,Apple Valley,US,34.5753,-117.1860,no,America/Los_Angeles
APW,large_airport,Faleolo International Airport,Apia,WS,-13.8300,-172.0080,yes,Pacific/Apia
APX,small_airport,Arapongas Airport,Arapongas,BR,-23.3526,-51.4920,no,America/Sao_Paulo
APY,small_airport,Alto Parnaíba Airport,Alto Parnaíba,BR,-9.0853,-45.9556,no,America/Fortaleza
APZ,medium_airport,Zapala Airport,Zapala,AR,-38.9755,-70.1136,no,America/Argentina/Salta
AQA,medium_airport,Araraquara Airport,Araraquara,BR,-21.8120,-48.1330,yes,America/Sao_Paulo
AQB,small_airport,Quiché Airport,Santa Cruz del Quiché,GT,15.0122,-91.1506,no,America/Guatemala
AQG,medium_airport,Anqing Tianzhushan Airport / Anqing North Air Base,Anqing,CN,30.5822,117.0500,yes,Asia/Shanghai
AQI,large_airport,Qaisumah–Hafar Al-Batin International Airport,Qaisumah,SA,28.3357,46.1271,yes,Asia/Riyadh
AQJ,large_airport,King Hussein International Airport,Aqaba,JO,29.6116,35.0181,yes,Asia/Amman
AQM,small_airport,Ariquemes Airport,Ariquemes,BR,-9.8804,-63.0471,no,America/Porto_Velho
AQP,large_airport,Rodríguez Ballón International Airport,Arequipa,PE,-16.3408,-71.5695,yes,America/Lima
AQY,small_airport,Girdwood-Alyeska Airport,Girdwood,US,60.9688,-149.1198,no,America/Anchorage
ARA,medium_airport,Acadiana Regional Airport,New Iberia,US,30.0378,-91.8839,no,America/Chicago
ARB,small_airport,Ann Arbor Municipal Airport,Ann Arbor,US,42.2230,-83.7456,no,America/Detroit
ARC,medium_airport,Arctic Village Airport,Arctic Village,US,68.1147,-145.5790,yes,America/Anchorage
ARD,small_airport,Alor Island - Mali Airport,Kabola,ID,-8.1323,124.5970,yes,Asia/Makassar
ARE,medium_airport,Antonio Nery Juarbe Pol Airport,Arecibo,PR,18.4508,-66.6758,no,America/Puerto_Rico
ARF,small_airport,Acaricuara Airport,Acaricuara,CO,0.5333,-70.1333,no,America/Bogota
ARG,small_airport,Walnut Ridge Regional Airport,Walnut Ridge,US,36.1247,-90.9251,no,America/Chicago
ARH,medium_airport,Talagi Airport,Archangelsk,RU,64.6003,40.7167,yes,Europe/Moscow
ARI,medium_airport,Chacalluta International Airport,Arica,CL,-18.3485,-70.3387,yes,America/Santiago
ARK,medium_airport,Arusha Airport,Arusha,TZ,-3.3678,36.6333,yes,Africa/Dar_es_Salaam
ARL,small_airport,Arly Airport,Arly,BF,11.5970,1.4830,no,Africa/Ouagadougou
ARM,medium_airport,Armidale Airport,Armidale,AU,-30.5281,151.6170,yes,Australia/Sydney
ARN,large_airport,Stockholm-Arlanda Airport,Stockholm,SE,59.6485,17.9288,yes,Europe/Stockholm
ARO,small_airport,Arboletes Airport,Arboletes,CO,8.8551,-76.4227,no,America/Bogota
ARP,small_airport,Aragip Airport,,PG,-9.8833,149.4833,no,Pacific/Port_Moresby
ARQ,small_airport,El Troncal Airport,Arauquita,CO,7.0211,-71.3889,no,America/Bogota
ARR,small_airport,D. Casimiro Szlapelis Airport,Alto Rio Senguerr,AR,-45.0136,-70.8122,no,America/Argentina/Catamarca
ARS,small_airport,Aragarças Airport,Aragarças,BR,-15.8994,-52.2411,no,America/Sao_Paulo
ART,medium_airport,Watertown International Airport,Watertown,US,43.9919,-76.0217,yes,America/New_York
ARU,medium_airport,Araçatuba Airport,Araçatuba,BR,-21.1415,-50.4246,yes,America/Sao_Paulo
ARV,small_airport,Lakeland Airport Noble F Lee Memorial Field,Woodruff,US,45.9279,-89.7309,no,America/Chicago
ARW,medium_airport,Arad International Airport,Arad,RO,46.1761,21.2643,yes,Europe/Bucharest
ARX,medium_airport,Aracati Dragão do Mar Regional Airport,Aracati,BR,-4.5689,-37.8051,no,America/Fortaleza
ARY,medium_airport,Ararat Airport,Ararat,AU,-37.3100,142.9887,no,Australia/Melbourne
ARZ,small_airport,N'zeto Airport,N'zeto,AO,-7.2593,12.8624,no,Africa/Luanda
ASA,medium_airport,Assab International Airport,Assab,ER,13.0718,42.6450,no,Africa/Asmara
ASB,large_airport,Ashgabat International Airport,Ashgabat,TM,37.9868,58.3610,yes,Asia/Ashgabat
ASC,small_airport,Ascención de Guarayos Airport,Ascensión de Guarayos,BO,-15.9334,-63.1556,no,America/La_Paz
ASD,medium_airport,Andros Town Airport,Andros Town,BS,24.6979,-77.7956,yes,America/Nassau
ASE,medium_airport,Aspen-Pitkin County Airport (Sardy Field),Aspen,US,39.2232,-106.8690,yes,America/Denver
ASF,large_airport,Astrakhan Narimanovo Boris M. Kustodiev International Airport,Astrakhan,RU,46.2828,48.0105,yes,Europe/Astrakhan
ASG,small_airport,Ashburton Airport,Ashburton,NZ,-43.9033,171.7970,no,Pacific/Auckland
ASH,small_airport,Nashua Airport / Boire Field,Nashua,US,42.7817,-71.5148,no,America/New_York
ASI,medium_airport,RAF Ascension Island,Cat Hill,SH,-7.9702,-14.3927,yes,Atlantic/St_Helena
ASJ,medium_airport,Amami Airport,Amami,JP,28.4306,129.7130,yes,Asia/Tokyo
ASK,large_airport,Yamoussoukro International Airport,Yamoussoukro,CI,6.9032,-5.3656,no,Africa/Abidjan
ASL,small_airport,Harrison County Airport,Marshall,US,32.5205,-94.3078,no,America/Chicago
ASM,medium_airport,Asmara International Airport,Asmara,ER,15.2919,38.9107,yes,Africa/Asmara
ASN,small_airport,Talladega Municipal Airport,Talladega,US,33.5699,-86.0509,no,America/Chicago
ASO,medium_airport,Asosa Airport,Asosa,ET,10.0185,34.5863,yes,Africa/Addis_Ababa
ASP,medium_airport,Alice Springs Airport,Alice Springs,AU,-23.8066,133.9034,yes,Australia/Darwin
ASQ,small_airport,Austin Airport,Austin,US,39.4677,-117.1976,no,America/Los_Angeles
ASR,large_airport,Kayseri Erkilet International Airport,Kayseri,TR,38.7704,35.4954,yes,Europe/Istanbul
ASS,small_airport,Arathusa Safari Lodge Airport,Arathusa,ZA,-24.7405,31.5180,no,Africa/Johannesburg
AST,medium_airport,Astoria Regional Airport,Astoria,US,46.1580,-123.8790,no,America/Los_Angeles
ASU,large_airport,Silvio Pettirossi International Airport,Asunción,PY,-25.2402,-57.5192,yes,America/Asuncion
ASV,medium_airport,Amboseli Airport,Ol Tukai,KE,-2.6448,37.2529,yes,Africa/Nairobi
ASW,large_airport,Aswan International Airport,Aswan,EG,23.9611,32.8204,yes,Africa/Cairo
ASX,small_airport,John F Kennedy Memorial Airport,Ashland,US,46.5485,-90.9190,no,America/Chicago
ASY,small_airport,Ashley Municipal Airport,Ashley,US,46.0239,-99.3526,no,America/Chicago
ASZ,small_airport,Asirim Airport,,PG,-6.0097,150.3686,no,Pacific/Port_Moresby
ATA,medium_airport,Comandante FAP German Arias Graziani Airport,Anta,PE,-9.3474,-77.5984,no,America/Lima
ATB,small_airport,Atbara Airport,Atbara,SD,17.7099,34.0572,no,Africa/Khartoum
ATC,medium_airport,Arthur's Town Airport,Arthur's Town,BS,24.6294,-75.6738,yes,America/Nassau
ATD,small_airport,Uru Harbour Airport,Atoifi,SB,-8.8733,161.0110,no,Pacific/Guadalcanal
ATE,small_airport,Antlers Municipal Airport,Antlers,US,34.1926,-95.6499,no,America/Chicago
ATF,medium_airport,Chachoán Regional Airport,Ambato,EC,-1.2121,-78.5746,no,America/Guayaquil
ATG,medium_airport,Minhas Air Base,Kamra,PK,33.8691,72.4009,no,Asia/Karachi
ATH,large_airport,Athens Eleftherios Venizelos International Airport,Spata-Artemida,GR,37.9364,23.9445,yes,Europe/Athens
ATI,small_airport,Artigas International Airport,Artigas,UY,-30.4007,-56.5079,no,America/Montevideo
ATJ,small_airport,Antsirabe Airport,Antsirabe,MG,-19.8392,47.0637,no,Indian/Antananarivo
ATK,medium_airport,Atqasuk Edward Burnell Sr Memorial Airport,Atqasuk,US,70.4670,-157.4360,yes,America/Anchorage
ATL,large_airport,Hartsfield Jackson Atlanta International Airport,Atlanta,US,33.6367,-84.4281,yes,America/New_York
ATM,medium_airport,Altamira Interstate Airport,Altamira,BR,-3.2531,-52.2539,yes,America/Santarem
ATN,small_airport,Namatanai Airport,Namatanai,PG,-3.6695,152.4380,no,Pacific/Port_Moresby
ATO,small_airport,Ohio University Airport,Albany,US,39.2118,-82.2295,no,America/New_York
ATP,small_airport,Aitape Airport,Aitape,PG,-3.1436,142.3468,no,Pacific/Port_Moresby
ATQ,large_airport,Sri Guru Ram Das Ji International Airport,Amritsar,IN,31.7096,74.7973,yes,Asia/Kolkata
ATR,medium_airport,Atar International Airport,Atar,MR,20.5058,-13.0437,no,Africa/Nouakchott
ATS,small_airport,Artesia Municipal Airport,Artesia,US,32.8525,-104.4680,no,America/Denver
ATT,small_airport,Atmautluak Airport,Atmautluak,US,60.8667,-162.2730,yes,America/Nome
ATU,small_airport,Casco Cove Coast Guard Station,Attu,US,52.8298,173.1738,no,America/Adak
ATV,small_airport,Ati Airport,Ati,TD,13.2398,18.3159,no,Africa/Ndjamena
ATW,medium_airport,Appleton International Airport,Appleton,US,44.2585,-88.5190,yes,America/Chicago
ATX,small_airport,Atbasar Airport,Atbasar,KZ,51.8523,68.3669,no,Asia/Almaty
ATY,medium_airport,Watertown Regional Airport,Watertown,US,44.9140,-97.1547,yes,America/Chicago
ATZ,large_airport,Asyut International Airport,Asyut,EG,27.0460,31.0128,yes,Africa/Cairo
AUA,large_airport,Queen Beatrix International Airport,Oranjestad,AW,12.5011,-70.0143,yes,America/Aruba
AUC,medium_airport,Santiago Perez Airport,Arauca,CO,7.0689,-70.7369,yes,America/Bogota
AUD,small_airport,Augustus Downs Airport,,AU,-18.5087,139.8821,no,Australia/Brisbane
AUE,small_airport,Abu Rudeis Airport,Ras Abu Rudeis,EG,28.8997,33.2021,no,Africa/Cairo
AUF,medium_airport,Auxerre Branches airport,Auxerre,FR,47.8502,3.4971,no,Europe/Paris
AUG,medium_airport,Augusta State Airport,Augusta,US,44.3206,-69.7973,yes,America/New_York
AUH,large_airport,Zayed International Airport,Abu Dhabi,AE,24.4410,54.6492,yes,Asia/Dubai
AUI,small_airport,Aua Island Airport,Aua Island,PG,-1.4606,143.0647,no,Pacific/Port_Moresby
AUJ,small_airport,Ambunti Airport,Ambunti,PG,-4.2157,142.8232,no,Pacific/Port_Moresby
AUK,small_airport,Alakanuk Airport,Alakanuk,US,62.6827,-164.7225,yes,America/Nome
AUL,small_airport,Aur Island Airport,Aur Atoll,MH,8.1453,171.1730,yes,Pacific/Majuro
AUM,small_airport,Austin Municipal Airport,Austin,US,43.6650,-92.9334,no,America/Chicago
AUN,small_airport,Auburn Municipal Airport,Auburn,US,38.9548,-121.0820,no,America/Los_Angeles
AUO,small_airport,Auburn University Regional Airport,Auburn,US,32.6151,-85.4340,no,America/Chicago
AUP,small_airport,Agaun Airport,Agaun,PG,-9.9277,149.3900,no,Pacific/Port_Moresby
AUQ,medium_airport,Hiva Oa-Atuona Airport,Hiva Oa Island,PF,-9.7688,-139.0110,yes,Pacific/Marquesas
AUR,medium_airport,Aurillac airport,Aurillac,FR,44.8914,2.4219,yes,Europe/Paris
AUS,large_airport,Austin Bergstrom International Airport,Austin,US,30.1975,-97.6620,yes,America/Chicago
AUT,small_airport,Atauro Airport,Vila,TL,-8.2431,125.6064,no,Asia/Dili
AUU,small_airport,Aurukun Airport,Aurukun,AU,-13.3540,141.7200,yes,Australia/Brisbane
AUV,small_airport,Aumo Airport,Aumo,PG,-5.7311,148.4453,no,Pacific/Port_Moresby
AUW,medium_airport,Wausau Downtown Airport,Wausau,US,44.9262,-89.6266,no,America/Chicago
AUX,medium_airport,Araguaína Airport,Araguaína,BR,-7.2279,-48.2405,yes,America/Araguaina
AUY,small_airport,Aneityum Airport,Anatom Island,VU,-20.2491,169.7708,no,Pacific/Efate
AUZ,small_airport,Aurora Municipal Airport,Chicago/Aurora,US,41.7719,-88.4757,no,America/Chicago
AVA,medium_airport,Anshun Huangguoshu Airport,Anshun (Xixiu),CN,26.2606,105.8733,yes,Asia/Shanghai
AVB,medium_airport,Aviano Air Base,Aviano (PN),IT,46.0319,12.5965,no,Europe/Rome
AVG,small_airport,Auvergne Airport,Auvergne Station,AU,-15.6906,130.0088,no,Australia/Darwin
AVI,medium_airport,Máximo Gómez Airport,Ciro Redondo,CU,22.0271,-78.7896,no,America/Havana
AVK,medium_airport,Arvaikheer Airport,Arvaikheer,MN,46.2503,102.8020,yes,Asia/Ulaanbaatar
AVL,medium_airport,Asheville Regional Airport,Asheville,US,35.4355,-82.5419,yes,America/New_York
AVN,medium_airport,Avignon Caumont airport,Avignon,FR,43.9073,4.9018,yes,Europe/Paris
AVO,small_airport,Avon Park Executive Airport,Avon Park,US,27.5912,-81.5278,no,America/New_York
AVP,medium_airport,Wilkes-Barre/Scranton International Airport,Wilkes-Barre/Scranton,US,41.3371,-75.7242,yes,America/New_York
AVU,small_airport,Avu Avu Airport,Avu Avu,SB,-9.8683,160.4106,no,Pacific/Guadalcanal
AVV,large_airport,Melbourne Avalon International Airport,Geelong/Melbourne,AU,-38.0403,144.4672,yes,Australia/Melbourne
AVW,small_airport,Marana Regional Airport,Marana,US,32.4091,-111.2162,no,America/Phoenix
AVX,small_airport,Catalina Airport,Avalon,US,33.4049,-118.4160,no,America/Los_Angeles
AWA,large_airport,Hawassa International Airport,Hawassa,ET,7.1006,38.3965,yes,Africa/Addis_Ababa
AWB,small_airport,Awaba Airport,Awaba,PG,-8.0134,142.7521,no,Pacific/Port_Moresby
AWD,small_airport,Aniwa Airport,Aniwa,VU,-19.2346,169.6009,no,Pacific/Efate
AWE,small_airport,Alowe Airport,Wonga Wongué Presidential Reserve,GA,-0.5450,9.4440,no,Africa/Libreville
AWK,medium_airport,Wake Island Airfield,Wake Island,UM,19.2824,166.6366,yes,Pacific/Wake
AWM,small_airport,West Memphis Municipal Airport,West Memphis,US,35.1351,-90.2344,no,America/Chicago
AWN,small_airport,Alton Downs Airport,,AU,-26.4890,139.2599,no,Australia/Adelaide
AWP,small_airport,Austral Downs Airport,,AU,-20.5000,137.7500,no,Australia/Darwin
AWR,small_airport,Awar Airport (unusable),Awar,PG,-4.1223,144.8533,no,Pacific/Port_Moresby
AWZ,large_airport,Qasem Soleimani International Airport,Ahvaz,IR,31.3364,48.7638,yes,Asia/Tehran
AXA,medium_airport,Clayton J. Lloyd International Airport,The Valley,AI,18.2048,-63.0538,yes,America/Anguilla
AXB,small_airport,Maxson Airfield,Alexandria Bay,US,44.3120,-75.9003,no,America/New_York
AXC,small_airport,Aramac Airport,,AU,-22.9579,145.2495,no,Australia/Brisbane
AXD,medium_airport,Alexandroupoli Democritus Airport,Alexandroupolis,GR,40.8559,25.9563,yes,Europe/Athens
AXE,small_airport,Xanxerê Airport,Xanxerê,BR,-26.8751,-52.3729,no,America/Sao_Paulo
AXF,medium_airport,Alxa Left Banner Bayanhot Airport,Bayanhot,CN,38.7483,105.5842,yes,Asia/Shanghai
AXG,small_airport,Algona Municipal Airport,Algona,US,43.0781,-94.2718,no,America/Chicago
AXJ,medium_airport,Amakusa Airport,Amakusa,JP,32.4825,130.1590,yes,Asia/Tokyo
AXK,medium_airport,Ataq Airport,Ataq,YE,14.5513,46.8262,no,Asia/Aden
AXL,small_airport,Alexandria Homestead Airport,,AU,-19.0602,136.7100,no,Australia/Darwin
AXM,medium_airport,El Eden Airport,Armenia,CO,4.4528,-75.7664,yes,America/Bogota
AXN,medium_airport,Chandler Field,Alexandria,US,45.8663,-95.3947,no,America/Chicago
AXO,small_airport,Pantar Kabir Airport,Kabir,ID,-8.2448,124.2191,no,Asia/Makassar
AXP,medium_airport,Spring Point Airport,Spring Point,BS,22.4418,-73.9709,yes,America/Nassau
AXR,medium_airport,Arutua Airport,,PF,-15.2483,-146.6170,yes,Pacific/Tahiti
AXS,small_airport,Altus Quartz Mountain Regional Airport,Altus,US,34.6980,-99.3385,no,America/Chicago
AXT,medium_airport,Akita Airport,Akita,JP,39.6156,140.2190,yes,Asia/Tokyo
AXU,medium_airport,Axum Airport,Axum,ET,14.1468,38.7728,yes,Africa/Addis_Ababa
AXV,small_airport,Neil Armstrong Airport,Wapakoneta,US,40.4934,-84.2989,no,America/New_York
AXX,small_airport,Angel Fire Airport,Angel Fire,US,36.4220,-105.2900,no,America/Denver
AYA,small_airport,Ayapel Airport,Ayapel,CO,8.3000,-75.1500,no,America/Bogota
AYC,small_airport,Ayacucho Airport,Ayacucho,CO,8.6021,-73.6129,no,America/Bogota
AYD,small_airport,Alroy Downs Airport,Alroy Downs,AU,-19.2908,136.0790,no,Australia/Darwin
AYG,small_airport,Yaguara Airport,San Vicente Del Caguán,CO,1.5442,-73.9333,no,America/Bogota
AYI,small_airport,Yari Airport,Yari,CO,-0.3833,-72.2667,no,America/Bogota
AYJ,medium_airport,Maharshi Valmiki International Airport,Faizabad,IN,26.7477,82.1637,yes,Asia/Kolkata
AYK,small_airport,Arkalyk North Airport,Arkalyk,KZ,50.3186,66.9528,no,Asia/Qostanay
AYL,small_airport,Anthony Lagoon Airport,,AU,-18.0181,135.5351,no,Australia/Darwin
AYN,small_airport,Anyang Yindu Airport,Anyang,CN,36.1339,114.3440,no,Asia/Shanghai
AYO,medium_airport,Aeropuerto Nacional Juan de Ayolas,Ayolas,PY,-27.3784,-56.8568,no,America/Asuncion
AYP,medium_airport,Air Force Colonel Alfredo Mendivil Duarte Airport,Ayacucho,PE,-13.1548,-74.2044,yes,America/Lima
AYQ,medium_airport,Ayers Rock Connellan Airport,Yulara,AU,-25.1859,130.9770,yes,Australia/Darwin
AYR,small_airport,Ayr Airport,Ayr,AU,-19.5958,147.3245,no,Australia/Brisbane
AYS,small_airport,Waycross Ware County Airport,Waycross,US,31.2491,-82.3955,no,America/New_York
AYT,large_airport,Antalya International Airport,Antalya,TR,36.8987,30.8005,yes,Europe/Istanbul
AYU,small_airport,Aiyura Airport,Aiyura Valley,PG,-6.3381,145.9042,no,Pacific/Port_Moresby
AYW,small_airport,Ayawasi Airport,Ayawasi,ID,-1.1598,132.4641,no,Asia/Jayapura
AYX,medium_airport,Teniente General Gerardo Pérez Pinedo Airport,Atalaya,PE,-10.7291,-73.7665,no,America/Lima
AZA,medium_airport,Mesa Gateway Airport,Mesa,US,33.3078,-111.6550,yes,America/Phoenix
AZB,small_airport,Amazon Bay Airport,,PG,-10.2992,149.3383,no,Pacific/Port_Moresby
AZD,medium_airport,Shahid Sadooghi Airport,Yazd,IR,31.9049,54.2765,yes,Asia/Tehran
AZG,small_airport,Apatzingán - Pablo L. Sidar Airport,Apatzingán,MX,19.0934,-102.3940,no,America/Mexico_City
AZH,small_airport,Azamgarh Airport,Azamgarh,IN,26.1533,83.1183,no,Asia/Kolkata
AZI,large_airport,Al Bateen Executive Airport,Abu Dhabi,AE,24.4271,54.4599,no,Asia/Dubai
AZJ,small_airport,Zhenjiang Dalu Airport,Zhenjiang,CN,32.2365,119.7187,no,Asia/Shanghai
AZL,small_airport,Fazenda Tucunaré Airport,Sapezal,BR,-13.4655,-58.8669,no,America/Cuiaba
AZN,medium_airport,Andijan International Airport,Andijan,UZ,40.7277,72.2940,yes,Asia/Tashkent
AZO,medium_airport,Kalamazoo/Battle Creek International Airport,Kalamazoo,US,42.2321,-85.5496,yes,America/Detroit
AZP,small_airport,Jorge Jiménez Cantú National Airport,Atizapán de Zaragoza,MX,19.5742,-99.2912,no,America/Mexico_City
AZR,medium_airport,Touat-Cheikh Sidi Mohamed Belkebir Airport,Adrar,DZ,27.8376,-0.1864,yes,Africa/Algiers
AZS,medium_airport,Samaná El Catey International Airport,Samana,DO,19.2693,-69.7374,yes,America/Santo_Domingo
AZT,small_airport,Zapatoca Airport,Zapatoca,CO,6.7673,-73.2848,no,America/Bogota
AZZ,small_airport,Ambriz Airport,Ambriz,AO,-7.8622,13.1161,no,Africa/Luanda
BAA,small_airport,Bialla Airport,"Bialla, Matalilu, Ewase",PG,-5.3306,151.0080,no,Pacific/Port_Moresby
BAB,medium_airport,Beale Air Force Base,Beale Air Force Base,US,39.1361,-121.4370,no,America/Los_Angeles
BAC,small_airport,Barranca De Upia Airport,Barranca De Upia,CO,4.5833,-72.9667,no,America/Bogota
BAD,medium_airport,Barksdale Air Force Base,Bossier City,US,32.5018,-93.6627,no,America/Chicago
BAE,small_airport,Barcelonnette - Saint-Pons Airfield,"Saint-Pons, Alpes-de-Haute-Provence",FR,44.3872,6.6088,no,Europe/Paris
BAF,medium_airport,Westfield-Barnes Regional Airport,Westfield,US,42.1578,-72.7156,no,America/New_York
BAG,medium_airport,Loakan Airport,Baguio,PH,16.3750,120.6199,no,Asia/Manila
BAH,large_airport,Bahrain International Airport,Manama,BH,26.2673,50.6376,yes,Asia/Bahrain
BAI,medium_airport,Buenos Aires Airport,Punta Arenas,CR,9.1639,-83.3302,no,America/Costa_Rica
BAJ,small_airport,Bali Airport,Unea Island,PG,-4.8833,149.1333,no,Pacific/Port_Moresby
BAL,medium_airport,Batman Airport,Batman,TR,37.9290,41.1166,yes,Europe/Istanbul
BAM,small_airport,Battle Mountain Airport,Battle Mountain,US,40.5990,-116.8740,no,America/Los_Angeles
BAN,small_airport,Basongo Airport,Basongo,CD,-4.3158,20.4149,no,Africa/Lubumbashi
BAQ,large_airport,Ernesto Cortissoz International Airport,Barranquilla,CO,10.8896,-74.7808,yes,America/Bogota
BAR,medium_airport,Qionghai Bo'ao Airport,Qionghai (Basuo),CN,19.1410,110.4528,yes,Asia/Shanghai
BAS,small_airport,Ballalae Airport,Ballalae,SB,-6.9907,155.8867,yes,Pacific/Guadalcanal
BAT,medium_airport,Chafei Amsei Airport,Barretos,BR,-20.5846,-48.5941,no,America/Sao_Paulo
BAV,large_airport,Baotou Donghe International Airport,Baotou,CN,40.5600,109.9970,yes,Asia/Shanghai
BAX,large_airport,Barnaul Gherman Titov International Airport,Barnaul,RU,53.3613,83.5397,yes,Asia/Barnaul
BAY,medium_airport,Maramureș International Airport,Tăuții-Măgherăuș,RO,47.6584,23.4644,yes,Europe/Bucharest
BAZ,small_airport,Barcelos Airport,Barcelos,BR,-0.9812,-62.9186,yes,America/Manaus
BBA,medium_airport,Balmaceda Airport,Balmaceda,CL,-45.9160,-71.6895,yes,America/Coyhaique
BBB,small_airport,Benson Municipal Airport,Benson,US,45.3319,-95.6506,no,America/Chicago
BBC,small_airport,Bay City Regional Airport,Bay City,US,28.9733,-95.8635,no,America/Chicago
BBD,medium_airport,Curtis Field,Brady,US,31.1789,-99.3247,no,America/Chicago
BBG,small_airport,Butaritari Airport,Butaritari,KI,3.0858,172.8110,yes,Pacific/Tarawa
BBH,small_airport,Stralsund-Barth Airport,Barth,DE,54.3383,12.7105,no,Europe/Berlin
BBI,large_airport,Biju Patnaik International Airport,Bhubaneswar,IN,20.2510,85.8147,yes,Asia/Kolkata
BBJ,small_airport,Bitburg Airport,Bitburg,DE,49.9453,6.5650,no,Europe/Berlin
BBK,large_airport,Kasane International Airport,Kasane,BW,-17.8317,25.1662,yes,Africa/Gaborone
BBL,small_airport,Ballera Airport,,AU,-27.4056,141.8095,no,Australia/Brisbane
BBM,medium_airport,Battambang Airport,Battambang,KH,13.0956,103.2240,yes,Asia/Phnom_Penh
BBN,medium_airport,Bario Airport,Bario,MY,3.7346,115.4785,yes,Asia/Kuching
BBO,medium_airport,Berbera Airport,Berbera,SO,10.3850,44.9367,yes,Africa/Mogadishu
BBP,small_airport,Bembridge Airport,"Bembridge, Isle of Wight",GB,50.6781,-1.1094,no,Europe/London
BBQ,medium_airport,Burton-Nibbs International Airport,Codrington,AG,17.6212,-61.7983,yes,America/Antigua
BBR,small_airport,Basse-Terre Baillif Airport,Basse-Terre,GP,16.0136,-61.7429,yes,America/Guadeloupe
BBS,medium_airport,Blackbushe Airport,"Camberley, Surrey",GB,51.3239,-0.8475,no,Europe/London
BBT,medium_airport,Berbérati Airport,Berbérati,CF,4.2216,15.7864,no,Africa/Bangui
BBU,large_airport,Bucharest Băneasa Aurel Vlaicu International Airport,Bucharest,RO,44.5031,26.1029,yes,Europe/Bucharest
BBV,small_airport,Nero-Mer Airport,Grand-Béréby,CI,4.6434,-6.9240,no,Africa/Abidjan
BBW,small_airport,Broken Bow Municipal Airport,Broken Bow,US,41.4365,-99.6422,no,America/Chicago
BBX,small_airport,Wings Field,Philadelphia,US,40.1375,-75.2651,no,America/New_York
BBY,small_airport,Bambari Airport,Bambari,CF,5.8470,20.6499,no,Africa/Bangui
BBZ,small_airport,Zambezi Airport,Zambezi,ZM,-13.5360,23.1056,no,Africa/Lusaka
BCA,medium_airport,Gustavo Rizo Airport,Baracoa,CU,20.3653,-74.5062,yes,America/Havana
BCB,small_airport,Virginia Tech Montgomery Executive Airport,Blacksburg,US,37.2076,-80.4078,no,America/New_York
BCC,small_airport,Bear Creek 3 Airport,Bear Creek,US,63.5733,-156.1495,no,America/Anchorage
BCD,large_airport,Bacolod-Silay International Airport,Bacolod City,PH,10.7762,123.0189,yes,Asia/Manila
BCE,medium_airport,Bryce Canyon Airport,Bryce Canyon,US,37.7064,-112.1450,no,America/Denver
BCF,small_airport,Bouca Airport,Bouca,CF,6.5170,18.2670,no,Africa/Bangui
BCG,small_airport,Bemichi Airport,Kumaka,GY,7.6402,-58.9618,no,America/Guyana
BCH,medium_airport,Baucau Airport,Baucau,TL,-8.4865,126.4000,yes,Asia/Dili
BCI,medium_airport,Barcaldine Airport,Barcaldine,AU,-23.5663,145.3021,yes,Australia/Brisbane
BCJ,small_airport,Beichuan Yongchang Airport,Mianyang,CN,31.5815,104.4597,no,Asia/Shanghai
BCK,small_airport,Bolwarra Airport,,AU,-17.3883,144.1690,no,Australia/Brisbane
BCL,medium_airport,Barra del Colorado Airport,Pococi,CR,10.7687,-83.5856,no,America/Costa_Rica
BCM,large_airport,Bacău George Enescu International  Airport,Bacău,RO,46.5219,26.9103,yes,Europe/Bucharest
BCN,large_airport,Josep Tarradellas Barcelona-El Prat Airport,Barcelona,ES,41.2971,2.0785,yes,Europe/Madrid
BCO,medium_airport,Jinka Airport,Jinka,ET,5.7497,36.5602,yes,Africa/Addis_Ababa
BCP,small_airport,Bambu Airport,Bambu,PG,-5.8636,146.4925,no,Pacific/Port_Moresby
BCQ,medium_airport,Brak Airport,Brak,LY,27.6530,14.2720,no,Africa/Tripoli
BCR,small_airport,Novo Campo Airport,Boca do Acre,BR,-8.8346,-67.3125,no,America/Manaus
BCS,small_airport,Southern Seaplane Airport,Belle Chasse,US,29.8661,-90.0216,no,America/Chicago
BCT,medium_airport,Boca Raton Airport,Boca Raton,US,26.3785,-80.1077,no,America/New_York
BCU,large_airport,Sir Abubakar Tafawa Balewa Bauchi State International Airport,Bauchi,NG,10.4828,9.7440,yes,Africa/Lagos
BCV,small_airport,Hector Silva Airstrip,Belmopan,BZ,17.2696,-88.7765,no,America/Belize
BCW,medium_airport,Benguera Island Airport,Benguera Island,MZ,-21.8533,35.4383,no,Africa/Maputo
BCX,small_airport,Beloretsk Airport,Beloretsk,RU,53.9384,58.3401,no,Asia/Yekaterinburg
BCZ,small_airport,Milyakburra Airport,Bickerton Island,AU,-13.7808,136.2017,no,Australia/Darwin
BDA,large_airport,L.F. Wade International Airport,Hamilton,BM,32.3638,-64.6782,yes,Atlantic/Bermuda
BDB,medium_airport,Bundaberg Airport,Bundaberg,AU,-24.9050,152.3226,yes,Australia/Brisbane
BDC,small_airport,Barra do Corda Airport,Barra do Corda,BR,-5.5025,-45.2158,no,America/Fortaleza
BDD,small_airport,Badu Island Airport,Badu Island,AU,-10.1495,142.1737,yes,Australia/Brisbane
BDE,medium_airport,Baudette International Airport,Baudette,US,48.7284,-94.6122,no,America/Chicago
BDF,small_airport,Rinkenberger Restricted Landing Area,Bradford,US,41.2309,-89.6157,no,America/Chicago
BDG,small_airport,Blanding Municipal Airport,Blanding,US,37.5833,-109.4830,no,America/Denver
BDH,medium_airport,Bandar Lengeh International Airport,Bandar Lengeh,IR,26.5323,54.8248,yes,Asia/Tehran
BDI,small_airport,Bird Island Airport,Bird Island,SC,-3.7237,55.2061,no,Indian/Mahe
BDJ,large_airport,Syamsudin Noor International Airport,Banjarbaru,ID,-3.4401,114.7612,yes,Asia/Makassar
BDK,small_airport,Soko Airport,Bondoukou,CI,8.0172,-2.7619,no,Africa/Abidjan
BDL,large_airport,Bradley International Airport,Hartford,US,41.9386,-72.6880,yes,America/New_York
BDM,medium_airport,Bandırma Airport,Bandırma,TR,40.3180,27.9777,no,Europe/Istanbul
BDN,small_airport,Talhar Airport,Badin,PK,24.8415,68.8384,no,Asia/Karachi
BDO,medium_airport,Husein Sastranegara International Airport,Bandung,ID,-6.9006,107.5760,yes,Asia/Jakarta
BDP,small_airport,Bhadrapur Airport,Bhadrapur,NP,26.5708,88.0796,yes,Asia/Kathmandu
BDQ,large_airport,Vadodara International Airport,Vadodara,IN,22.3362,73.2263,yes,Asia/Kolkata
BDR,medium_airport,Igor I Sikorsky Memorial Airport,Bridgeport,US,41.1635,-73.1262,no,America/New_York
BDS,large_airport,Brindisi Airport,Brindisi,IT,40.6576,17.9470,yes,Europe/Rome
BDT,medium_airport,Gbadolite Airport,Gbadolite,CD,4.2527,20.9753,yes,Africa/Kinshasa
BDU,medium_airport,Bardufoss Airport,Målselv,NO,69.0558,18.5404,yes,Europe/Oslo
BDV,small_airport,Moba Airport,Moba,CD,-7.0849,29.7371,no,Africa/Lubumbashi
BDW,small_airport,Bedford Downs Airport,,AU,-17.2867,127.4630,no,Australia/Perth
BDX,small_airport,Broadus Airport,Broadus,US,45.4705,-105.4571,no,America/Denver
BDY,small_airport,Bandon State Airport,Bandon,US,43.0865,-124.4080,no,America/Los_Angeles
BDZ,small_airport,Baindoung Airport,,PG,-6.3472,146.9422,no,Pacific/Port_Moresby
BEB,medium_airport,Benbecula Airport,Balivanich,GB,57.4811,-7.3628,yes,Europe/London
BEC,small_airport,Beech Factory Airport,Wichita,US,37.6945,-97.2150,no,America/Chicago
BED,medium_airport,Laurence G Hanscom Field,Bedford,US,42.4700,-71.2890,yes,America/New_York
BEE,small_airport,Beagle Bay Airport,Dampier Peninsula,AU,-17.0165,122.6464,no,Australia/Perth
BEF,medium_airport,Bluefields Airport,Bluefields,NI,11.9910,-83.7741,yes,America/Managua
BEG,large_airport,Belgrade Nikola Tesla Airport,Belgrade,RS,44.8184,20.3091,yes,Europe/Belgrade
BEH,small_airport,Southwest Michigan Regional Airport,Benton Harbor,US,42.1286,-86.4285,no,America/Detroit
BEI,small_airport,Beica Airport,Beica,ET,9.3864,34.5219,no,Africa/Addis_Ababa
BEJ,medium_airport,Kalimarau Airport,Tanjung Redeb - Borneo Island,ID,2.1478,117.4307,yes,Asia/Makassar
BEK,medium_airport,Bareilly Air Force Station,Bareilly,IN,28.4221,79.4508,yes,Asia/Kolkata
BEL,large_airport,Val de Cans/Júlio Cezar Ribeiro International Airport,Belém,BR,-1.3793,-48.4762,yes,America/Belem
BEM,large_airport,Beni Mellal Airport,Oulad Yaich,MA,32.4019,-6.3159,yes,Africa/Casablanca
BEN,large_airport,Benina International Airport,Benina,LY,32.0968,20.2695,yes,Africa/Tripoli
BEO,small_airport,Lake Macquarie Airport,City of Lake Macquarie,AU,-33.0660,151.6463,no,Australia/Sydney
BEP,medium_airport,Bellary Airport,Bellary,IN,15.1628,76.8828,no,Asia/Kolkata
BEQ,medium_airport,RAF Honington,"Bury Saint Edmunds, Suffolk",GB,52.3426,0.7729,no,Europe/London
BER,large_airport,Berlin Brandenburg Airport,Berlin,DE,52.3617,13.5023,yes,Europe/Berlin
BES,large_airport,Brest Bretagne airport,Brest,FR,48.4479,-4.4185,yes,Europe/Paris
BET,medium_airport,Bethel Airport,Bethel,US,60.7798,-161.8380,yes,America/Anchorage
BEU,medium_airport,Bedourie Airport,Bedourie,AU,-24.3461,139.4600,yes,Australia/Brisbane
BEV,small_airport,Beersheba (Teyman) Airport,Beersheba,IL,31.2870,34.7230,no,Asia/Jerusalem
BEW,large_airport,Beira International Airport,Beira,MZ,-19.7964,34.9076,yes,Africa/Maputo
BEX,medium_airport,RAF Benson,"Wallingford, Oxfordshire",GB,51.6144,-1.0960,no,Europe/London
BEY,large_airport,Beirut Rafic Hariri International Airport,Beirut,LB,33.8198,35.4874,yes,Asia/Beirut
BEZ,small_airport,Beru Airport,Beru,KI,-1.3547,176.0070,no,Pacific/Tarawa
BFA,small_airport,Bahía Negra Airport,Bahía Negra,PY,-20.2308,-58.1705,no,America/Asuncion
BFC,small_airport,Bloomfield River Airport,,AU,-15.8736,145.3300,no,Australia/Brisbane
BFD,medium_airport,Bradford Regional Airport,Bradford,US,41.8031,-78.6401,yes,America/New_York
BFE,medium_airport,Bielefeld Airport,Bielefeld,DE,51.9647,8.5444,no,Europe/Berlin
BFF,medium_airport,Western Neb. Rgnl/William B. Heilig Airport,Scottsbluff,US,41.8740,-103.5960,yes,America/Denver
BFG,small_airport,Bullfrog Basin Airport,Bullfrog,US,37.5478,-110.7129,no,America/Denver
BFH,medium_airport,Bacacheri Airport,Curitiba,BR,-25.4051,-49.2320,no,America/Sao_Paulo
BFI,medium_airport,King County International Airport - Boeing Field,Seattle,US,47.5270,-122.2999,yes,America/Los_Angeles
BFJ,medium_airport,Bijie Feixiong Airport,Bijie,CN,27.2671,105.4721,yes,Asia/Shanghai
BFK,medium_airport,Buckley Space Force Base,Aurora,US,39.7017,-104.7520,no,America/Denver
BFL,medium_airport,Meadows Field,Bakersfield,US,35.4336,-119.0570,yes,America/Los_Angeles
BFM,medium_airport,Mobile Downtown Airport,Mobile,US,30.6268,-88.0681,no,America/Chicago
BFN,large_airport,Bram Fischer International Airport,Bloemfontein,ZA,-29.0927,26.3024,yes,Africa/Johannesburg
BFO,medium_airport,Buffalo Range Airport,Chiredzi,ZW,-21.0081,31.5786,no,Africa/Harare
BFP,medium_airport,Beaver County Airport,Beaver Falls,US,40.7725,-80.3914,no,America/New_York
BFQ,small_airport,Bahia Piña Airport,Puerto Piña,PA,7.5874,-78.1799,yes,America/Panama
BFR,small_airport,Virgil I Grissom Municipal Airport,Bedford,US,38.8400,-86.4454,no,America/Indiana/Indianapolis
BFS,large_airport,Belfast International Airport,Belfast,GB,54.6575,-6.2158,yes,Europe/London
BFT,small_airport,Beaufort Executive Airport,Beaufort,US,32.4122,-80.6344,no,America/New_York
BFU,medium_airport,Bengbu Renheji Airport,Bengbu,CN,32.8477,117.3202,no,Asia/Shanghai
BFV,medium_airport,Buri Ram Airport,Buriram,TH,15.2295,103.2530,yes,Asia/Bangkok
BFW,small_airport,Sidi Bel Abbes Airport,Sidi Bel Abbès,DZ,35.1718,-0.5933,no,Africa/Algiers
BFX,medium_airport,Bafoussam Airport,Bafoussam,CM,5.5369,10.3546,no,Africa/Douala
BFY,medium_airport,Bengbu Tenghu Airport,Bengbu,CN,33.1663,117.0583,yes,Asia/Shanghai
BGA,medium_airport,Palonegro Airport,Bucaramanga,CO,7.1265,-73.1848,yes,America/Bogota
BGB,small_airport,Booue Airport,Booue,GA,-0.1075,11.9438,no,Africa/Libreville
BGC,medium_airport,Bragança Airport,Bragança,PT,41.8578,-6.7071,yes,Europe/Lisbon
BGD,small_airport,Hutchinson County Airport,Borger,US,35.7009,-101.3940,no,America/Chicago
BGE,small_airport,Decatur County Industrial Air Park,Bainbridge,US,30.9715,-84.6374,no,America/New_York
BGF,large_airport,Bangui M'Poko International Airport,Bangui,CF,4.3985,18.5188,yes,Africa/Bangui
BGG,small_airport,Bingöl Airport,Bingöl,TR,38.8601,40.5945,yes,Europe/Istanbul
BGH,small_airport,Abbaye Airport,Boghe,MR,16.6333,-14.2000,no,Africa/Nouakchott
BGI,large_airport,Grantley Adams International Airport,Bridgetown,BB,13.0747,-59.4910,yes,America/Barbados
BGJ,small_airport,Borgarfjörður eystri Airport,Borgarfjörður eystri,IS,65.5168,-13.8158,no,Atlantic/Reykjavik
BGK,small_airport,Big Creek Airport,Big Creek,BZ,16.5194,-88.4079,yes,America/Belize
BGL,small_airport,Baglung Airport,Baglung,NP,28.2128,83.6663,no,Asia/Kathmandu
BGM,medium_airport,Greater Binghamton/Edwin A Link field,Binghamton,US,42.2087,-75.9798,yes,America/New_York
BGN,medium_airport,Belaya Gora Airport,Belaya Gora,RU,68.5562,146.2278,no,Asia/Srednekolymsk
BGO,large_airport,"Bergen Airport, Flesland",Bergen,NO,60.2934,5.2181,yes,Europe/Oslo
BGQ,small_airport,Big Lake Airport,Big Lake,US,61.5347,-149.8129,no,America/Anchorage
BGR,medium_airport,Bangor International Airport,Bangor,US,44.8064,-68.8267,yes,America/New_York
BGS,small_airport,Boguchany Airport,Boguchany,RU,58.3806,97.4723,no,Asia/Krasnoyarsk
BGT,small_airport,Bagdad Airport,Bagdad,US,34.5928,-113.1720,no,America/Phoenix
BGU,small_airport,Bangassou Airport,Bangassou,CF,4.7850,22.7810,no,Africa/Bangui
BGV,small_airport,Aeroclube de Bento Gonçalves Airport,Bento Gonçalves,BR,-29.1474,-51.5408,no,America/Sao_Paulo
BGW,large_airport,Baghdad International Airport / New Al Muthana Air Base,Baghdad,IQ,33.2625,44.2346,yes,Asia/Baghdad
BGX,medium_airport,Comandante Gustavo Kraemer Airport,Bagé,BR,-31.3905,-54.1122,no,America/Sao_Paulo
BGY,large_airport,Il Caravaggio International Airport,Orio al Serio (BG),IT,45.6694,9.7089,yes,Europe/Rome
BHA,small_airport,Los Perales Airport,Bahía de Caraquez,EC,-0.6081,-80.4027,no,America/Guayaquil
BHB,medium_airport,Hancock County-Bar Harbor Airport,Bar Harbor,US,44.4500,-68.3615,yes,America/New_York
BHC,small_airport,Bhurban Heliport,Bhurban,PK,33.9610,73.4520,no,Asia/Karachi
BHD,medium_airport,George Best Belfast City Airport,Belfast,GB,54.6181,-5.8725,yes,Europe/London
BHE,medium_airport,Woodbourne Airport,Blenheim,NZ,-41.5183,173.8700,yes,Pacific/Auckland
BHF,small_airport,Cupica Airport,Bahía Solano,CO,6.6948,-77.4936,no,America/Bogota
BHG,small_airport,Brus Laguna Airport,Brus Laguna,HN,15.7631,-84.5436,no,America/Tegucigalpa
BHH,medium_airport,Bisha Airport,Bisha,SA,19.9844,42.6209,yes,Asia/Riyadh
BHI,medium_airport,Comandante Espora Airport,Bahía Blanca,AR,-38.7250,-62.1693,yes,America/Argentina/Buenos_Aires
BHJ,medium_airport,Bhuj Airport,Bhuj,IN,23.2878,69.6702,yes,Asia/Kolkata
BHK,large_airport,Bukhara International Airport,Bukhara,UZ,39.7753,64.4823,yes,Asia/Samarkand
BHL,small_airport,Bahía de los Ángeles Airport,Ensenada,MX,28.9786,-113.5610,no,America/Tijuana
BHM,large_airport,Birmingham-Shuttlesworth International Airport,Birmingham,US,33.5629,-86.7507,yes,America/Chicago
BHN,small_airport,Beihan Airport,Beihan,YE,14.7817,45.7197,no,Asia/Aden
BHO,large_airport,Raja Bhoj International Airport,Bhopal,IN,23.2875,77.3374,yes,Asia/Kolkata
BHP,small_airport,Bhojpur Airport,Bhojpur,NP,27.1474,87.0508,no,Asia/Kathmandu
BHQ,medium_airport,Broken Hill Airport,Broken Hill,AU,-32.0014,141.4720,yes,Australia/Broken_Hill
BHR,small_airport,Bharatpur Airport,Bharatpur,NP,27.6781,84.4294,yes,Asia/Kathmandu
BHS,medium_airport,Bathurst Airport,Bathurst,AU,-33.4068,149.6512,yes,Australia/Sydney
BHT,small_airport,Brighton Downs Airport,Brighton Downs,AU,-23.3658,141.5629,no,Australia/Brisbane
BHU,medium_airport,Bhavnagar Airport,Bhavnagar,IN,21.7522,72.1852,yes,Asia/Kolkata
BHV,medium_airport,Bahawalpur Airport,Bahawalpur,PK,29.3481,71.7180,yes,Asia/Karachi
BHW,small_airport,Bhagatanwala Airport,Bhagatanwala,PK,32.0561,72.9484,no,Asia/Karachi
BHX,large_airport,Birmingham Airport,"Birmingham, West Midlands",GB,52.4539,-1.7480,yes,Europe/London
BHY,medium_airport,Beihai Fucheng Airport,Beihai,CN,21.5387,109.2937,yes,Asia/Shanghai
BIA,large_airport,Bastia-Poretta International airport,Bastia,FR,42.5527,9.4837,yes,Europe/Paris
BIB,small_airport,Baidoa Airport,Baidoa,SO,3.1019,43.6271,no,Africa/Mogadishu
BIC,small_airport,Aérodrome de Belle Île,Bangor,FR,47.3253,-3.2013,no,Europe/Paris
BID,small_airport,Block Island State Airport,Block Island,US,41.1684,-71.5786,yes,America/New_York
BIE,small_airport,Beatrice Municipal Airport,Beatrice,US,40.3013,-96.7541,no,America/Chicago
BIF,medium_airport,Biggs Army Air Field (Fort Bliss),Fort Bliss/El Paso,US,31.8495,-106.3800,no,America/Denver
BIG,medium_airport,Allen Army Airfield,Delta Junction Ft Greely,US,63.9945,-145.7220,no,America/Anchorage
BIH,medium_airport,Eastern Sierra Regional Airport,Bishop,US,37.3731,-118.3640,yes,America/Los_Angeles
BII,small_airport,Bikini Atoll Airport,Bikini Atoll,MH,11.5225,165.5651,no,Pacific/Majuro
BIJ,small_airport,Biliau Airport,,PG,-5.5775,146.3340,no,Pacific/Port_Moresby
BIK,medium_airport,Frans Kaisiepo Airport,Biak,ID,-1.1900,136.1080,yes,Asia/Jayapura
BIL,medium_airport,Billings Logan International Airport,Billings,US,45.8089,-108.5412,yes,America/Denver
BIM,medium_airport,South Bimini Airport,South Bimini,BS,25.6999,-79.2647,yes,America/Nassau
BIN,small_airport,Bamyan Airport,Bamyan,AF,34.8089,67.8166,no,Asia/Kabul
BIO,large_airport,Bilbao Airport,Bilbao,ES,43.3011,-2.9106,yes,Europe/Madrid
BIP,small_airport,Bulimba Airport,,AU,-16.8808,143.4790,no,Australia/Brisbane
BIQ,medium_airport,Biarritz Pays Basque airport,Biarritz,FR,43.4684,-1.5232,yes,Europe/Paris
BIR,medium_airport,Biratnagar Airport,Biratnagar,NP,26.4815,87.2640,yes,Asia/Kathmandu
BIS,medium_airport,Bismarck Municipal Airport,Bismarck,US,46.7727,-100.7469,yes,America/Chicago
BIT,small_airport,Baitadi Airport,Baitadi,NP,29.4634,80.5490,no,Asia/Kathmandu
BIU,medium_airport,Bildudalur Airport,Bildudalur,IS,65.6413,-23.5462,no,Atlantic/Reykjavik
BIV,small_airport,Bria Airport,Bria,CF,6.5278,21.9894,no,Africa/Bangui
BIW,small_airport,Billiluna Airport,,AU,-19.5667,127.6670,no,Australia/Perth
BIX,medium_airport,Keesler Air Force Base,Biloxi,US,30.4104,-88.9244,no,America/Chicago
BIY,medium_airport,Bisho Airport,Bisho,ZA,-32.8971,27.2791,no,Africa/Johannesburg
BIZ,small_airport,Bimin Airport,Bimin,PG,-5.2894,142.0140,no,Pacific/Port_Moresby
BJA,large_airport,Soummam–Abane Ramdane Airport,Béjaïa,DZ,36.7125,5.0699,yes,Africa/Algiers
BJB,medium_airport,Bojnord Airport,Bojnord,IR,37.4930,57.3082,yes,Asia/Tehran
BJC,medium_airport,Rocky Mountain Metropolitan Airport,Denver,US,39.9088,-105.1170,yes,America/Denver
BJE,small_airport,Baleela Airport,Baleela Base Camp,SD,11.1994,28.5231,no,Africa/Khartoum
BJF,medium_airport,Båtsfjord Airport,Båtsfjord,NO,70.6003,29.6926,yes,Europe/Oslo
BJH,small_airport,Bajhang Airport,Bajhang,NP,29.5390,81.1854,no,Asia/Kathmandu
BJI,medium_airport,Bemidji Regional Airport,Bemidji,US,47.5094,-94.9337,no,America/Chicago
BJJ,small_airport,Wayne County Airport,Wooster,US,40.8748,-81.8883,no,America/New_York
BJK,small_airport,Benjina Airport,Maikoor Island,ID,-6.0661,134.2740,no,Asia/Jayapura
BJL,large_airport,Banjul International Airport,Banjul (Yundum),GM,13.3380,-16.6522,yes,Africa/Banjul
BJM,large_airport,Bujumbura Melchior Ndadaye International Airport,Bujumbura,BI,-3.3240,29.3185,yes,Africa/Bujumbura
BJO,medium_airport,Bermejo Airport,Bermejo,BO,-22.7733,-64.3129,no,America/La_Paz
BJP,small_airport,Estadual Arthur Siqueira Airport,Bragança Paulista,BR,-22.9788,-46.5371,no,America/Sao_Paulo
BJQ,small_airport,Bahja Airport,Bahja,OM,19.8731,56.0678,no,Asia/Muscat
BJR,medium_airport,Bahir Dar Airport,Bahir Dar,ET,11.6081,37.3216,yes,Africa/Addis_Ababa
BJU,small_airport,Bajura Airport,Bajura,NP,29.5020,81.6690,no,Asia/Kathmandu
BJV,large_airport,Milas Bodrum International Airport,Bodrum,TR,37.2493,27.6640,yes,Europe/Istanbul
BJW,small_airport,Bajawa Soa (Turelelo) Airport,"Soa, Ngada",ID,-8.7078,121.0582,no,Asia/Makassar
BJX,large_airport,Guanajuato International Airport,Silao,MX,20.9927,-101.4803,yes,America/Mexico_City
BJY,medium_airport,Batajnica Air Base,Zemun,RS,44.9353,20.2575,no,Europe/Belgrade
BJZ,medium_airport,Badajoz Airport,Badajoz,ES,38.8913,-6.8213,yes,Europe/Madrid
BKA,medium_airport,Baykit Airport,Baykit,RU,61.6767,96.3550,no,Asia/Krasnoyarsk
BKB,medium_airport,Nal Airport,Bikaner,IN,28.0706,73.2072,no,Asia/Kolkata
BKC,small_airport,Buckland Airport,Buckland,US,65.9816,-161.1490,yes,America/Anchorage
BKD,small_airport,Stephens County Airport,Breckenridge,US,32.7190,-98.8910,no,America/Chicago
BKE,medium_airport,Baker City Municipal Airport,Baker City,US,44.8373,-117.8090,no,America/Los_Angeles
BKG,medium_airport,Branson Airport,Branson,US,36.5321,-93.2005,yes,America/Chicago
BKH,medium_airport,Barking Sands Airport,Kekaha,US,22.0228,-159.7850,no,Pacific/Honolulu
BKI,large_airport,Kota Kinabalu International Airport,Kota Kinabalu,MY,5.9327,116.0493,yes,Asia/Kuching
BKJ,small_airport,Boké Baralande Airport,Boké,GN,10.9658,-14.2811,no,Africa/Conakry
BKK,large_airport,Suvarnabhumi Airport,Bangkok,TH,13.6811,100.7470,yes,Asia/Bangkok
BKL,medium_airport,Burke Lakefront Airport,Cleveland,US,41.5175,-81.6833,no,America/New_York
BKM,small_airport,Bakalalan Airport,Bakalalan,MY,3.9740,115.6180,yes,Asia/Kuching
BKN,medium_airport,Balkanabat International Airport,Balkanabat,TM,39.6811,54.2060,yes,Asia/Ashgabat
BKO,large_airport,Modibo Keita International Airport,Bamako,ML,12.5335,-7.9499,yes,Africa/Bamako
BKP,small_airport,Barkly Downs Airport,,AU,-20.4958,138.4747,no,Australia/Brisbane
BKQ,medium_airport,Blackall Airport,Blackall,AU,-24.4317,145.4297,yes,Australia/Brisbane
BKR,small_airport,Bokoro Airport,Bokoro,TD,12.3855,17.0710,no,Africa/Ndjamena
BKS,medium_airport,Fatmawati Soekarno Airport,Bengkulu,ID,-3.8637,102.3390,yes,Asia/Jakarta
BKT,small_airport,Allen C Perkinson Blackstone Army Air Field,Blackstone,US,37.0742,-77.9575,no,America/New_York
BKU,small_airport,Betioky Airport,Betioky,MG,-23.7330,44.3890,no,Indian/Antananarivo
BKV,small_airport,Bailing Airport,Bailingmiao,CN,41.6569,110.3125,no,Asia/Shanghai
BKW,medium_airport,Raleigh County Memorial Airport,Beaver,US,37.7873,-81.1242,yes,America/New_York
BKX,small_airport,Brookings Regional Airport,Brookings,US,44.3048,-96.8169,no,America/Chicago
BKY,medium_airport,Bukavu Kavumu Airport,Kamakombe,CD,-2.3090,28.8088,no,Africa/Lubumbashi
BKZ,small_airport,Bukoba Airport,Bukoba,TZ,-1.3320,31.8212,yes,Africa/Dar_es_Salaam
BLA,large_airport,General José Antonio Anzoategui International Airport,Barcelona,VE,10.1111,-64.6922,yes,America/Caracas
BLB,small_airport,Panamá Pacífico International Airport,Panamá City,PA,8.9148,-79.5996,yes,America/Panama
BLC,small_airport,Bali Airport,Bali,CM,5.8953,10.0339,no,Africa/Douala
BLD,medium_airport,Boulder City Municipal Airport,Boulder City,US,35.9472,-114.8588,yes,America/Los_Angeles
BLE,medium_airport,Dala Airport,Borlange,SE,60.4220,15.5152,yes,Europe/Stockholm
BLF,medium_airport,Mercer County Airport,Bluefield,US,37.2958,-81.2077,no,America/New_York
BLG,small_airport,Belaga Airport,Belaga,MY,2.6521,113.7670,no,Asia/Kuching
BLH,medium_airport,Blythe Airport,Blythe,US,33.6192,-114.7170,no,America/Los_Angeles
BLI,medium_airport,Bellingham International Airport,Bellingham,US,48.7928,-122.5380,yes,America/Los_Angeles
BLJ,large_airport,Batna Mostefa Ben Boulaid Airport,Batna,DZ,35.7521,6.3086,yes,Africa/Algiers
BLK,medium_airport,Blackpool Airport,Blackpool,GB,53.7717,-3.0286,no,Europe/London
BLL,large_airport,Billund Airport,Billund,DK,55.7403,9.1570,yes,Europe/Copenhagen
BLM,small_airport,Monmouth Executive Airport,Belmar/Farmingdale,US,40.1869,-74.1249,no,America/New_York
BLN,medium_airport,Benalla Airport,Benalla,AU,-36.5519,146.0070,no,Australia/Melbourne
BLO,small_airport,Blönduós Airport,Blönduós,IS,65.6450,-20.2875,no,Atlantic/Reykjavik
BLP,small_airport,Huallaga Airport,Bellavista,PE,-7.0606,-76.5822,no,America/Lima
BLQ,large_airport,Bologna Guglielmo Marconi Airport,Bologna,IT,44.5354,11.2887,yes,Europe/Rome
BLR,large_airport,Kempegowda International Airport Bengaluru,Bengaluru,IN,13.1979,77.7063,yes,Asia/Kolkata
BLS,small_airport,Bollon Airport,,AU,-28.0512,147.4818,no,Australia/Brisbane
BLT,medium_airport,Blackwater Airport,,AU,-23.6031,148.8070,no,Australia/Brisbane
BLU,small_airport,Blue Canyon Nyack Airport,Emigrant Gap,US,39.2750,-120.7100,no,America/Los_Angeles
BLV,medium_airport,Scott AFB/Midamerica Airport,Belleville,US,38.5452,-89.8352,yes,America/Chicago
BLW,small_airport,Beledweyne Airport,Beledweyne,SO,4.7670,45.2388,yes,Africa/Mogadishu
BLX,small_airport,Belluno Arturo dell'Oro Airport,Belluno (BL),IT,46.1665,12.2504,no,Europe/Rome
BLY,small_airport,Belmullet Aerodrome,Belmullet,IE,54.2228,-10.0308,no,Europe/Dublin
BLZ,large_airport,Chileka International Airport,Blantyre,MW,-15.6772,34.9723,yes,Africa/Blantyre
BMA,medium_airport,Stockholm-Bromma Airport,Stockholm,SE,59.3544,17.9417,yes,Europe/Stockholm
BMB,small_airport,Bumba Airport,Bumba,CD,2.1833,22.4796,no,Africa/Kinshasa
BMC,small_airport,Brigham City Regional Airport,Brigham City,US,41.5524,-112.0620,no,America/Denver
BMD,small_airport,Belo sur Tsiribihina Airport,Belo sur Tsiribihina,MG,-19.6867,44.5419,no,Indian/Antananarivo
BME,large_airport,Broome International Airport,Broome,AU,-17.9492,122.2283,yes,Australia/Perth
BMF,small_airport,Bakouma Airport,Bakouma,CF,5.6940,22.8010,no,Africa/Bangui
BMG,medium_airport,Monroe County Airport,Bloomington,US,39.1460,-86.6167,no,America/Indiana/Indianapolis
BMH,small_airport,Bomai Airport,Bomai,PG,-6.3732,144.6370,no,Pacific/Port_Moresby
BMI,medium_airport,Central Illinois Regional Airport at Bloomington-Normal,Bloomington/Normal,US,40.4771,-88.9159,yes,America/Chicago
BMJ,small_airport,Baramita Airport,Baramita,GY,7.3711,-60.4893,no,America/Guyana
BMK,small_airport,Borkum Airport,Borkum,DE,53.5964,6.7092,yes,Europe/Berlin
BML,small_airport,Berlin Regional Airport,Berlin,US,44.5754,-71.1759,no,America/New_York
BMM,medium_airport,Bitam Airport,Bitam,GA,2.0756,11.4932,no,Africa/Libreville
BMN,small_airport,Bamarni Airport,Bamarni,IQ,37.0988,43.2666,no,Asia/Baghdad
BMO,small_airport,Banmaw Airport,Banmaw,MM,24.2704,97.2476,yes,Asia/Yangon
BMP,small_airport,Brampton Island Airport,,AU,-20.8046,149.2799,no,Australia/Brisbane
BMQ,small_airport,Bamburi Airport,Bamburi,KE,-3.9814,39.7311,no,Africa/Nairobi
BMR,small_airport,Baltrum Airport,Baltrum,DE,53.7249,7.3733,yes,Europe/Berlin
BMS,small_airport,Sócrates Mariani Bittencourt Airport,Brumado,BR,-14.2554,-41.8175,no,America/Bahia
BMT,small_airport,Beaumont Municipal Airport,Beaumont,US,30.0706,-94.2157,no,America/Chicago
BMU,medium_airport,Sultan Muhammad Salahuddin Airport,Bima,ID,-8.5372,118.6850,yes,Asia/Makassar
BMV,medium_airport,Buon Ma Thuot Airport,Buon Ma Thuot,VN,12.6683,108.1200,yes,Asia/Ho_Chi_Minh
BMW,medium_airport,Bordj Badji Mokhtar Airport,Bordj Badji Mokhtar,DZ,21.3778,0.9270,yes,Africa/Algiers
BMX,small_airport,Big Mountain Airport,Big Mountain,US,59.3623,-155.2601,no,America/Anchorage
BMY,small_airport,Île Art - Waala Airport,Waala,NC,-19.7205,163.6611,yes,Pacific/Noumea
BMZ,small_airport,Bamu Airport,Bamu,PG,-7.8485,143.2433,no,Pacific/Port_Moresby
BNA,large_airport,Nashville International Airport,Nashville,US,36.1245,-86.6782,yes,America/Chicago
BNB,small_airport,Boende Airport,Boende,CD,-0.2867,20.8836,yes,Africa/Kinshasa
BNC,small_airport,Beni Airport,Beni,CD,0.5750,29.4739,no,Africa/Lubumbashi
BND,large_airport,Bandar Abbas International Airport,Bandar Abbas,IR,27.2183,56.3778,yes,Asia/Tehran
BNE,large_airport,Brisbane International Airport,Brisbane,AU,-27.3842,153.1170,yes,Australia/Brisbane
BNG,small_airport,Banning Municipal Airport,Banning,US,33.9225,-116.8507,no,America/Los_Angeles
BNI,medium_airport,Benin Airport,Benin,NG,6.3170,5.5995,yes,Africa/Lagos
BNK,medium_airport,Ballina Byron Gateway Airport,Ballina,AU,-28.8332,153.5615,yes,Australia/Sydney
BNL,small_airport,Barnwell Regional Airport,Barnwell,US,33.2578,-81.3883,no,America/New_York
BNM,small_airport,Bodinumu Airport,Bodinumu,PG,-9.1078,147.6667,no,Pacific/Port_Moresby
BNN,medium_airport,"Brønnøysund Airport, Brønnøy",Brønnøy,NO,65.4611,12.2175,yes,Europe/Oslo
BNO,medium_airport,Burns Municipal Airport,Burns,US,43.5905,-118.9552,no,America/Los_Angeles
BNP,small_airport,Bannu Airport,Bannu,PK,32.9729,70.5279,no,Asia/Karachi
BNR,small_airport,Banfora Airport,Banfora,BF,10.6889,-4.7277,no,Africa/Ouagadougou
BNS,medium_airport,Barinas Airport,Barinas,VE,8.6150,-70.2142,yes,America/Caracas
BNT,small_airport,Bundi Airport,Bundi,PG,-5.7422,145.2275,no,Pacific/Port_Moresby
BNU,small_airport,Blumenau Airport,Blumenau,BR,-26.8317,-49.0936,no,America/Sao_Paulo
BNV,small_airport,Boana Airport,Boana,PG,-6.4266,146.8267,no,Pacific/Port_Moresby
BNW,small_airport,Boone Municipal Airport,Boone,US,42.0496,-93.8476,no,America/Chicago
BNX,large_airport,Banja Luka International Airport,Mahovljani,BA,44.9414,17.2975,yes,Europe/Sarajevo
BNY,small_airport,Bellona/Anua Airport,Anua,SB,-11.3022,159.7983,yes,Pacific/Guadalcanal
BOA,small_airport,Boma Airport,Boma,CD,-5.8540,13.0640,no,Africa/Kinshasa
BOB,medium_airport,Bora Bora Airport,Motu Mute,PF,-16.4444,-151.7510,yes,Pacific/Tahiti
BOC,medium_airport,"Bocas del Toro ""Isla Colón"" International Airport",Isla Colón,PA,9.3408,-82.2508,yes,America/Panama
BOD,large_airport,Bordeaux–Mérignac Airport,Bordeaux,FR,44.8287,-0.7154,yes,Europe/Paris
BOE,small_airport,Boundji Airport,Boundji,CG,-1.0310,15.3360,no,Africa/Brazzaville
BOG,large_airport,El Dorado International Airport,Bogota,CO,4.7016,-74.1469,yes,America/Bogota
BOH,medium_airport,Bournemouth Airport,Bournemouth,GB,50.7805,-1.8396,yes,Europe/London
BOI,large_airport,Boise Air Terminal/Gowen Field,Boise,US,43.5644,-116.2230,yes,America/Boise
BOJ,large_airport,Burgas Airport,Burgas,BG,42.5699,27.5152,yes,Europe/Sofia
BOK,small_airport,Brookings Airport,Brookings,US,42.0746,-124.2900,no,America/Los_Angeles
BOM,large_airport,Chhatrapati Shivaji Maharaj International Airport,Mumbai,IN,19.0887,72.8679,yes,Asia/Kolkata
BON,large_airport,Flamingo International Airport,Kralendijk,BQ,12.1310,-68.2685,yes,America/Kralendijk
BOO,large_airport,Bodø Airport,Bodø,NO,67.2692,14.3653,yes,Europe/Oslo
BOP,small_airport,Bouar Airport,Bouar,CF,5.9580,15.6370,no,Africa/Bangui
BOR,medium_airport,Bokeo International Airport,Ton Phueng,LA,20.3240,100.1654,yes,Asia/Vientiane
BOS,large_airport,Boston Logan International Airport,Boston,US,42.3620,-71.0079,yes,America/New_York
BOT,small_airport,Bosset Airport,Bosset,PG,-7.2373,141.1063,yes,Pacific/Port_Moresby
BOU,medium_airport,Bourges airport,Bourges,FR,47.0602,2.3696,no,Europe/Paris
BOV,small_airport,Boang Airport,Boang Island,PG,-3.3834,153.2812,no,Pacific/Port_Moresby
BOW,small_airport,Bartow Executive Airport,Bartow,US,27.9434,-81.7834,no,America/New_York
BOX,small_airport,Borroloola Airport,,AU,-16.0753,136.3020,no,Australia/Darwin
BOY,large_airport,Bobo Dioulasso Airport,Bobo Dioulasso,BF,11.1601,-4.3310,yes,Africa/Ouagadougou
BOZ,small_airport,Bozoum Airport,Bozoum,CF,6.3442,16.3219,no,Africa/Bangui
BPA,small_airport,Borongan Airport,Borongan City,PH,11.6743,125.4793,no,Asia/Manila
BPC,medium_airport,Bamenda Airport,Bamenda,CM,6.0392,10.1226,no,Africa/Douala
BPD,small_airport,Bapi Airstrip,Bapi,PG,-7.7436,147.0206,no,Pacific/Port_Moresby
BPE,medium_airport,Qinhuangdao Beidaihe Airport,Qinhuangdao (Changli),CN,39.6664,119.0614,yes,Asia/Shanghai
BPF,small_airport,Batuna Aerodrome,Batuna Mission Station,SB,-8.5620,158.1193,no,Pacific/Guadalcanal
BPG,medium_airport,Barra do Garças Airport,Barra do Garças,BR,-15.8614,-52.3890,no,America/Cuiaba
BPH,medium_airport,Bislig Airport,Bislig,PH,8.1951,126.3210,no,Asia/Manila
BPI,medium_airport,Miley Memorial Field,Big Piney,US,42.5851,-110.1110,no,America/Denver
BPK,small_airport,Biangabip Airport,Biangabip,PG,-5.5264,141.7446,no,Pacific/Port_Moresby
BPL,medium_airport,Bole Alashankou Airport,Bole,CN,44.8955,82.3001,yes,Asia/Shanghai
BPM,medium_airport,Begumpet Airport,Hyderabad,IN,17.4531,78.4676,no,Asia/Kolkata
BPN,large_airport,Sultan Aji Muhammad Sulaiman Sepinggan International Airport,Balikpapan,ID,-1.2683,116.8945,yes,Asia/Makassar
BPS,large_airport,Porto Seguro International Airport,Porto Seguro,BR,-16.4384,-39.0806,yes,America/Bahia
BPT,medium_airport,Jack Brooks Regional Airport,Beaumont/Port Arthur,US,29.9508,-94.0207,yes,America/Chicago
BPX,medium_airport,Qamdo Bangda Airport,Bangda,CN,30.5536,97.1083,yes,Asia/Shanghai
BPY,medium_airport,Besalampy Airport,Besalampy,MG,-16.7445,44.4825,yes,Indian/Antananarivo
BQA,medium_airport,Dr. Juan C. Angara Airport,Baler,PH,15.7293,121.5000,no,Asia/Manila
BQB,small_airport,Busselton Margaret River Regional Airport,Busselton,AU,-33.6872,115.4003,yes,Australia/Perth
BQE,small_airport,Bubaque Airport,Bubaque,GW,11.2974,-15.8381,no,Africa/Bissau
BQG,small_airport,Bogorodskoye Airport,Bogorodskoye,RU,52.3810,140.4494,yes,Asia/Vladivostok
BQH,medium_airport,London Biggin Hill Airport,London,GB,51.3308,0.0325,no,Europe/London
BQI,small_airport,Bagani Airport,Bagani,NA,-18.1185,21.6233,no,Africa/Windhoek
BQJ,small_airport,Batagay Airport,Batagay,RU,67.6480,134.6950,yes,Asia/Vladivostok
BQK,medium_airport,Brunswick Golden Isles Airport,Brunswick,US,31.2588,-81.4665,yes,America/New_York
BQL,medium_airport,Boulia Airport,,AU,-22.9133,139.9000,yes,Australia/Brisbane
BQN,medium_airport,Rafael Hernández International Airport,Aguadilla,PR,18.4949,-67.1294,yes,America/Puerto_Rico
BQO,small_airport,Bouna Airport,Bouna,CI,9.2556,-3.0333,no,Africa/Abidjan
BQQ,small_airport,Barra Airport,Barra,BR,-11.0808,-43.1475,no,America/Bahia
BQR,small_airport,Maulana Prins Mandapar Airstrip,Kendek,ID,-1.5488,123.5541,no,Asia/Makassar
BQS,medium_airport,Ignatyevo Airport,Blagoveschensk,RU,50.4254,127.4120,yes,Asia/Yakutsk
BQT,large_airport,Brest International Airport,Brest,BY,52.1081,23.8968,yes,Europe/Minsk
BQU,medium_airport,J F Mitchell Airport,Bequia,VC,12.9884,-61.2620,yes,America/St_Vincent
BQW,small_airport,Balgo Hill Airport,Balgo,AU,-20.1483,127.9739,no,Australia/Perth
BRA,small_airport,Dom Ricardo Weberberger Airport,Barreiras,BR,-12.0789,-45.0090,yes,America/Bahia
BRB,small_airport,Barreirinhas National Airport,Barreirinhas,BR,-2.7566,-42.8032,no,America/Fortaleza
BRC,large_airport,Teniente Luis Candelaria International Airport,San Carlos de Bariloche,AR,-41.1512,-71.1575,yes,America/Argentina/Salta
BRD,medium_airport,Brainerd Lakes Regional Airport,Brainerd,US,46.4029,-94.1297,yes,America/Chicago
BRE,large_airport,Bremen Airport,Bremen,DE,53.0468,8.7893,yes,Europe/Berlin
BRG,small_airport,Siau/Sitaro Airport,Balirangen,ID,2.6486,125.4233,no,Asia/Makassar
BRH,small_airport,Brahman Airstrip,Brahman Mission,PG,-5.7410,145.3785,no,Pacific/Port_Moresby
BRI,large_airport,Bari Karol Wojtyła International Airport,Bari,IT,41.1389,16.7606,yes,Europe/Rome
BRK,medium_airport,Bourke Airport,,AU,-30.0392,145.9520,yes,Australia/Sydney
BRL,medium_airport,Southeast Iowa Regional Airport,Burlington,US,40.7832,-91.1255,yes,America/Chicago
BRM,large_airport,Jacinto Lara International Airport,Barquisimeto,VE,10.0427,-69.3586,yes,America/Caracas
BRN,medium_airport,Bern Airport,Bern,CH,46.9127,7.4988,yes,Europe/Zurich
BRO,medium_airport,Brownsville South Padre Island International Airport,Brownsville,US,25.9072,-97.4252,yes,America/Chicago
BRP,small_airport,Biaru Airport,Biaru,PG,-7.6693,146.7594,no,Pacific/Port_Moresby
BRQ,medium_airport,Brno-Tuřany Airport,Brno,CZ,49.1513,16.6940,yes,Europe/Prague
BRR,medium_airport,Barra Airport,Eoligarry,GB,57.0228,-7.4431,yes,Europe/London
BRS,large_airport,Bristol Airport,Bristol,GB,51.3823,-2.7165,yes,Europe/London
BRT,medium_airport,Bathurst Island Airport,Wurrumiyanga,AU,-11.7650,130.6158,no,Australia/Darwin
BRU,large_airport,Brussels Airport,Zaventem,BE,50.9014,4.4844,yes,Europe/Brussels
BRW,medium_airport,Wiley Post Will Rogers Memorial Airport,Utqiaġvik,US,71.2854,-156.7660,yes,America/Anchorage
BRX,medium_airport,Maria Montez International Airport,Barahona,DO,18.2515,-71.1204,yes,America/Santo_Domingo
BRY,small_airport,Samuels Field,Bardstown,US,37.8143,-85.4996,no,America/New_York
BSA,large_airport,Bender Qassim International Airport,Bosaso,SO,11.2752,49.1392,yes,Africa/Mogadishu
BSB,large_airport,Presidente Juscelino Kubitschek International Airport,Brasília,BR,-15.8692,-47.9208,yes,America/Sao_Paulo
BSC,medium_airport,José Celestino Mutis Airport,Bahía Solano,CO,6.2029,-77.3947,yes,America/Bogota
BSD,medium_airport,Baoshan Yunrui Airport,Baoshan (Longyang),CN,25.0533,99.1683,yes,Asia/Shanghai
BSE,small_airport,Sematan Airport,Sematan,MY,1.8127,109.7654,no,Asia/Kuching
BSF,small_airport,Bradshaw Army Airfield,Waimea (Kamuela),US,19.7601,-155.5540,no,Pacific/Honolulu
BSG,large_airport,Bata International Airport,Bata,GQ,1.9055,9.8057,yes,Africa/Malabo
BSI,small_airport,Balesin Island Airport,Balesin,PH,14.4186,122.0392,no,Asia/Manila
BSJ,medium_airport,Bairnsdale Airport,Bairnsdale,AU,-37.8875,147.5694,no,Australia/Melbourne
BSK,large_airport,Biskra - Mohamed Khider Airport,Biskra,DZ,34.7932,5.7389,yes,Africa/Algiers
BSL,large_airport,EuroAirport Basel–Mulhouse–Freiburg,Bâle / Mulhouse,FR,47.6007,7.5211,yes,Europe/Paris
BSM,small_airport,Bishe Kola Air Base,Amol,IR,36.6551,52.3496,no,Asia/Tehran
BSN,small_airport,Bossangoa Airport,Bossangoa,CF,6.4920,17.4290,no,Africa/Bangui
BSO,medium_airport,Basco Airport,Basco,PH,20.4513,121.9800,yes,Asia/Manila
BSP,small_airport,Bensbach Airport,Bensbach,PG,-8.8581,141.2594,no,Pacific/Port_Moresby
BSQ,small_airport,Bisbee Municipal Airport,Bisbee,US,31.3640,-109.8830,no,America/Phoenix
BSR,large_airport,Basra International Airport,Basra,IQ,30.5491,47.6621,yes,Asia/Baghdad
BSS,small_airport,Balsas Airport,Balsas,BR,-7.5253,-46.0534,no,America/Fortaleza
BST,small_airport,Bost Airport,Lashkar Gah,AF,31.5597,64.3650,no,Asia/Kabul
BSU,small_airport,Basankusu Airport,Basankusu,CD,1.2248,19.7881,no,Africa/Kinshasa
BSV,small_airport,Besakoa Airport,Besakoa,MG,-15.6725,47.0617,no,Indian/Antananarivo
BSW,small_airport,Boswell Bay Airport,Boswell Bay,US,60.4231,-146.1460,no,America/Anchorage
BSX,small_airport,Pathein Airport,Pathein,MM,16.8152,94.7799,yes,Asia/Yangon
BSY,small_airport,Baardheere Airport,Baardheere,SO,2.3302,42.3118,no,Africa/Mogadishu
BSZ,large_airport,Manas International Airport,Bishkek,KG,43.0613,74.4776,yes,Asia/Bishkek
BTA,small_airport,Bertoua Airport,Bertoua,CM,4.5486,13.7261,no,Africa/Douala
BTB,small_airport,Betou Airport,Betou,CG,3.0576,18.5144,no,Africa/Brazzaville
BTC,medium_airport,Batticaloa International Airport,Batticaloa,LK,7.7051,81.6772,yes,Asia/Colombo
BTD,small_airport,Brunette Downs Airport,,AU,-18.6375,135.9384,no,Australia/Darwin
BTF,small_airport,Skypark Airport,Bountiful,US,40.8694,-111.9270,no,America/Denver
BTG,small_airport,Batangafo Airport,Batangafo,CF,7.3141,18.3088,no,Africa/Bangui
BTH,large_airport,Hang Nadim International Airport,Batam,ID,1.1210,104.1190,yes,Asia/Jakarta
BTI,medium_airport,Barter Island Long Range Radar Station Airport,Barter Island,US,70.1340,-143.5820,yes,America/Anchorage
BTJ,large_airport,Sultan Iskandar Muda International Airport,Banda Aceh,ID,5.5251,95.4200,yes,Asia/Jakarta
BTK,medium_airport,Bratsk Airport,Bratsk,RU,56.3696,101.7018,yes,Asia/Irkutsk
BTL,medium_airport,Battle Creek Executive Airport at Kellogg Field,Battle Creek,US,42.3073,-85.2515,no,America/Detroit
BTM,medium_airport,Bert Mooney Airport,Butte,US,45.9548,-112.4970,yes,America/Denver
BTN,small_airport,Marlboro County Jetport - H E Avent Field Airport,Bennettsville,US,34.6217,-79.7344,no,America/New_York
BTO,small_airport,Botopasi Airport,Botopasi,SR,4.2175,-55.4471,no,America/Paramaribo
BTP,small_airport,Pittsburgh/Butler Regional Airport,Butler,US,40.7769,-79.9497,no,America/New_York
BTQ,small_airport,Butare Airport,Butare,RW,-2.5958,29.7367,no,Africa/Kigali
BTR,medium_airport,Baton Rouge Metropolitan Airport,Baton Rouge,US,30.5332,-91.1496,yes,America/Chicago
BTS,large_airport,M. R. Štefánik Airport,Bratislava,SK,48.1702,17.2127,yes,Europe/Bratislava
BTT,small_airport,Bettles Airport,Bettles,US,66.9139,-151.5290,yes,America/Anchorage
BTU,medium_airport,Bintulu Airport,Bintulu,MY,3.1239,113.0200,yes,Asia/Kuching
BTV,medium_airport,Patrick Leahy Burlington International Airport,Burlington,US,44.4719,-73.1533,yes,America/New_York
BTW,small_airport,Bersujud Airport,Batu Licin,ID,-3.4124,115.9950,yes,Asia/Makassar
BTX,small_airport,Betoota Airport,,AU,-25.6948,140.7383,no,Australia/Brisbane
BTY,small_airport,Beatty Airport,Beatty,US,36.8611,-116.7870,no,America/Los_Angeles
BTZ,medium_airport,Betong International Airport,Betong,TH,5.7900,101.1500,no,Asia/Bangkok
BUA,medium_airport,Buka Airport,Buka Island,PG,-5.4223,154.6727,yes,Pacific/Bougainville
BUB,small_airport,Cram Field,Burwell,US,41.7767,-99.1497,no,America/Chicago
BUC,small_airport,Burketown Airport,,AU,-17.7486,139.5340,yes,Australia/Brisbane
BUD,large_airport,Budapest Liszt Ferenc International Airport,Budapest,HU,47.4302,19.2624,yes,Europe/Budapest
BUF,large_airport,Buffalo Niagara International Airport,Buffalo,US,42.9405,-78.7322,yes,America/New_York
BUG,medium_airport,Benguela Airport,Benguela,AO,-12.6090,13.4037,no,Africa/Luanda
BUI,small_airport,Bokondini Airport,Bokondini,ID,-3.6846,138.6774,yes,Asia/Jayapura
BUJ,medium_airport,Bou Saada Airport,Ouled Sidi Brahim,DZ,35.3325,4.2064,no,Africa/Algiers
BUK,small_airport,Al-Bough Airport,Al-Bough,YE,17.3504,44.6255,no,Asia/Aden
BUL,small_airport,Bulolo Airport,Bulolo,PG,-7.2163,146.6495,no,Pacific/Port_Moresby
BUM,small_airport,Butler Memorial Airport,Butler,US,38.2898,-94.3401,no,America/Chicago
BUN,medium_airport,Gerardo Tobar López Airport,Buenaventura,CO,3.8196,-76.9898,yes,America/Bogota
BUO,small_airport,Burao Airport,Burao,SO,9.5275,45.5549,no,Africa/Mogadishu
BUP,medium_airport,Bhatinda Air Force Station,,IN,30.2701,74.7558,no,Asia/Kolkata
BUQ,large_airport,Joshua Mqabuko Nkomo International Airport,Bulawayo,ZW,-20.0163,28.6229,yes,Africa/Harare
BUR,large_airport,Hollywood Burbank/Bob Hope Airport,Burbank,US,34.2028,-118.3581,yes,America/Los_Angeles
BUS,large_airport,Alexander Kartveli Batumi International Airport,Batumi,GE,41.6094,41.6003,yes,Asia/Tbilisi
BUT,small_airport,Bathpalathang Airport,Jakar,BT,27.5622,90.7471,yes,Asia/Thimphu
BUU,small_airport,Muara Bungo Airport,Muara Bungo,ID,-1.5416,102.1816,yes,Asia/Jakarta
BUV,small_airport,Placeres Airport,Bella Union,UY,-30.3198,-57.5588,no,America/Montevideo
BUW,small_airport,Betoambari Airport,Bau Bau,ID,-5.4860,122.5698,no,Asia/Makassar
BUX,medium_airport,Bunia Airport,Bunia,CD,1.5657,30.2207,yes,Africa/Lubumbashi
BUY,small_airport,Bunbury Airport,,AU,-33.3781,115.6769,no,Australia/Perth
BUZ,medium_airport,Bushehr Airport,Bushehr,IR,28.9448,50.8346,yes,Asia/Tehran
BVA,large_airport,Beauvais-Tillé airport,Beauvais,FR,49.4544,2.1128,yes,Europe/Paris
BVB,large_airport,Atlas Brasil Cantanhede International Airport,Boa Vista,BR,2.8462,-60.6906,yes,America/Boa_Vista
BVC,large_airport,Aristides Pereira International Airport,Rabil,CV,16.1365,-22.8889,yes,Atlantic/Cape_Verde
BVE,medium_airport,Brive Souillac airport,Brive,FR,45.0397,1.4856,yes,Europe/Paris
BVG,medium_airport,Berlevåg Airport,Berlevåg,NO,70.8715,29.0341,yes,Europe/Oslo
BVH,medium_airport,Brigadeiro Camarão Airport,Vilhena,BR,-12.6944,-60.0983,yes,America/Porto_Velho
BVI,medium_airport,Birdsville Airport,,AU,-25.8975,139.3480,yes,Australia/Brisbane
BVJ,medium_airport,Bovanenkovo Airport,Bovanenkovo,RU,70.3153,68.3336,yes,Asia/Yekaterinburg
BVK,small_airport,Huacaraje Airport,Itenes,BO,-13.6056,-63.8794,no,America/La_Paz
BVL,small_airport,Baures Airport,Baures,BO,-13.6544,-63.7047,no,America/La_Paz
BVM,small_airport,Belmonte Airport,Belmonte,BR,-15.8717,-38.8719,no,America/Bahia
BVO,small_airport,Bartlesville Municipal Airport,Bartlesville,US,36.7625,-96.0112,no,America/Chicago
BVS,small_airport,Breves Airport,Breves,BR,-1.6365,-50.4436,yes,America/Belem
BVU,small_airport,Beluga Airport,Beluga,US,61.1722,-151.0440,no,America/Anchorage
BVV,small_airport,Burevestnik Airport,Kurilsk,RU,44.9200,147.6220,no,Asia/Magadan
BVW,small_airport,Batavia Downs Airport,,AU,-12.6592,142.6750,no,Australia/Brisbane
BVX,small_airport,Batesville Regional Airport,Batesville,US,35.7262,-91.6473,no,America/Chicago
BVY,medium_airport,Beverly Regional Airport,Beverly / Danvers,US,42.5842,-70.9165,no,America/New_York
BVZ,small_airport,Beverley Springs Airport,Wunaamin Miliwundi Ranges,AU,-16.7328,125.4391,no,Australia/Perth
BWA,large_airport,Gautam Buddha International Airport,Siddharthanagar (Bhairahawa),NP,27.5046,83.4104,yes,Asia/Kathmandu
BWB,small_airport,Barrow Island Airport,,AU,-20.8644,115.4061,no,Australia/Perth
BWC,small_airport,Brawley Municipal Airport,Brawley,US,32.9929,-115.5170,no,America/Los_Angeles
BWD,small_airport,Brownwood Regional Airport,Brownwood,US,31.7936,-98.9565,no,America/Chicago
BWE,medium_airport,Braunschweig-Wolfsburg Airport,Braunschweig,DE,52.3192,10.5561,no,Europe/Berlin
BWF,medium_airport,Barrow Walney Island Airport,Barrow-in-Furness,GB,54.1286,-3.2675,no,Europe/London
BWG,medium_airport,Bowling Green Warren County Regional Airport,Bowling Green,US,36.9645,-86.4197,no,America/Chicago
BWH,medium_airport,RMAF Butterworth Air Base,Butterworth,MY,5.4659,100.3910,no,Asia/Kuala_Lumpur
BWI,large_airport,Baltimore/Washington International Thurgood Marshall Airport,Baltimore,US,39.1754,-76.6683,yes,America/New_York
BWJ,small_airport,Bawan Airport,,PG,-6.3969,146.8817,no,Pacific/Port_Moresby
BWK,medium_airport,Brač Airport,Gornji Humac,HR,43.2845,16.6784,yes,Europe/Zagreb
BWL,small_airport,Blackwell Tonkawa Municipal Airport,Blackwell,US,36.7452,-97.3496,no,America/Chicago
BWM,small_airport,Bowman Regional Airport,Bowman,US,46.1655,-103.3007,no,America/Denver
BWN,large_airport,Brunei International Airport,Bandar Seri Begawan,BN,4.9442,114.9280,yes,Asia/Brunei
BWO,medium_airport,Balakovo Airport,Balakovo,RU,51.8583,47.7456,yes,Europe/Saratov
BWP,small_airport,Bewani Airport,Bewani,PG,-3.0217,141.1653,no,Pacific/Port_Moresby
BWQ,medium_airport,Brewarrina Airport,,AU,-29.9758,146.8144,no,Australia/Sydney
BWT,medium_airport,Wynyard Airport,Burnie,AU,-40.9970,145.7260,yes,Australia/Hobart
BWU,medium_airport,Sydney Bankstown Airport,Sydney,AU,-33.9236,150.9908,no,Australia/Sydney
BWW,small_airport,Las Brujas Airport,Cayo Santa Maria,CU,22.6213,-79.1472,no,America/Havana
BWX,small_airport,Banyuwangi Airport,"Rogojampi, Banyuwangi",ID,-8.3102,114.3401,yes,Asia/Jakarta
BXA,small_airport,George R Carr Memorial Air Field,Bogalusa,US,30.8137,-89.8650,no,America/Chicago
BXB,medium_airport,Babo Airport,Babo,ID,-2.5322,133.4390,no,Asia/Jayapura
BXD,small_airport,Bade Airport,Bade,ID,-7.1759,139.5833,no,Asia/Jayapura
BXE,medium_airport,Bakel Airport,Bakel,SN,14.8473,-12.4683,no,Africa/Dakar
BXF,small_airport,Bellburn Airstrip,Pumululu National Park,AU,-17.5450,128.3050,no,Australia/Perth
BXG,small_airport,Bendigo Airport,,AU,-36.7394,144.3300,yes,Australia/Melbourne
BXH,medium_airport,Balkhash Airport,Balkhash,KZ,46.8942,75.0045,yes,Asia/Almaty
BXI,small_airport,Boundiali Airport,Boundiali,CI,9.5406,-6.4698,no,Africa/Abidjan
BXJ,small_airport,Boralday Airport,Boralday,KZ,43.3521,76.8830,no,Asia/Almaty
BXK,small_airport,Buckeye Municipal Airport,Buckeye,US,33.4224,-112.6863,no,America/Phoenix
BXM,small_airport,Batom Airport,Batom,ID,-4.4427,140.8836,no,Asia/Jayapura
BXN,small_airport,Bodrum-Imsık Airport,Bodrum,TR,37.1401,27.6697,no,Europe/Istanbul
BXO,small_airport,Buochs Airport,Buochs,CH,46.9744,8.3969,no,Europe/Zurich
BXR,medium_airport,Bam Airport,Bam,IR,29.0842,58.4500,yes,Asia/Tehran
BXS,small_airport,Borrego Valley Airport,Borrego Springs,US,33.2590,-116.3210,no,America/Los_Angeles
BXT,small_airport,LNG Badak Airport,Bontang-Borneo Island,ID,0.1217,117.4766,yes,Asia/Makassar
BXU,medium_airport,Bancasi Airport,Butuan,PH,8.9515,125.4788,yes,Asia/Manila
BXV,small_airport,Breiðdalsvík Airport,Breiðdalsvík,IS,64.7900,-14.0439,no,Atlantic/Reykjavik
BXW,small_airport,Harun Thohir Airport,Bawean,ID,-5.7236,112.6789,no,Asia/Jakarta
BXX,small_airport,Borama Airport,Borama,SO,9.9463,43.1495,no,Africa/Mogadishu
BXY,large_airport,Baikonur Krayniy International Airport,Baikonur,KZ,45.6220,63.2108,yes,Asia/Qyzylorda
BXZ,small_airport,Bunsil Airport,Bunsil - Umboi Island,PG,-5.7243,147.8667,no,Pacific/Port_Moresby
BYA,small_airport,Boundary Airport,Boundary,US,64.0777,-141.1221,no,America/Anchorage
BYB,small_airport,Dibba Airport,Dibba al Baya,OM,25.6142,56.2444,no,Asia/Muscat
BYC,medium_airport,Yacuiba Airport,Yacuíba,BO,-21.9609,-63.6517,no,America/La_Paz
BYD,small_airport,Al-Bayda Airport,Al-Bayda,YE,14.1060,45.4411,no,Asia/Aden
BYF,small_airport,Albert Bray airport,Albert,FR,49.9700,2.6939,no,Europe/Paris
BYG,small_airport,Johnson County Airport,Buffalo,US,44.3811,-106.7220,no,America/Denver
BYH,medium_airport,Arkansas International Airport,Blytheville,US,35.9643,-89.9440,no,America/Chicago
BYI,medium_airport,Burley Municipal Airport,Burley,US,42.5426,-113.7720,no,America/Boise
BYJ,medium_airport,Beja Airport / Airbase,Beja,PT,38.0789,-7.9324,no,Europe/Lisbon
BYK,medium_airport,Bouaké Airport,Bouaké,CI,7.7388,-5.0737,yes,Africa/Abidjan
BYL,small_airport,Bella Yella Airport,Beliyela,LR,7.3692,-9.9937,no,Africa/Monrovia
BYM,medium_airport,Carlos Manuel de Cespedes Airport,Bayamo,CU,20.3964,-76.6214,yes,America/Havana
BYN,medium_airport,Bayankhongor Airport,Bayankhongor,MN,46.1633,100.7040,yes,Asia/Ulaanbaatar
BYO,small_airport,Bonito Airport,Bonito,BR,-21.2473,-56.4524,yes,America/Campo_Grande
BYP,small_airport,Barimunya Airport,,AU,-22.6739,119.1661,no,Australia/Perth
BYR,small_airport,Læsø Airport,Læsø,DK,57.2772,11.0001,yes,Europe/Copenhagen
BYS,medium_airport,Bicycle Lake Army Air Field,Fort Irwin/Barstow,US,35.2805,-116.6300,no,America/Los_Angeles
BYT,small_airport,Bantry Aerodrome,Bantry,IE,51.6772,-9.4871,no,Europe/Dublin
BYU,medium_airport,Bayreuth Airport,Bindlach,DE,49.9850,11.6400,no,Europe/Berlin
BYW,small_airport,Blakely Island Airport,Blakely Island,US,48.5792,-122.8238,yes,America/Los_Angeles
BYX,small_airport,Baniyala Airport,Baniyala,AU,-13.1981,136.2270,no,Australia/Darwin
BZA,small_airport,San Pedro Airport,Bonanza,NI,14.0315,-84.6243,no,America/Managua
BZB,medium_airport,Bazaruto Island Airport,Bazaruto Island,MZ,-21.5411,35.4729,no,Africa/Maputo
BZC,medium_airport,Umberto Modiano Airport,Cabo Frio,BR,-22.7709,-41.9631,no,America/Sao_Paulo
BZD,medium_airport,Balranald Airport,,AU,-34.6248,143.5771,no,Australia/Sydney
BZE,large_airport,Philip S. W. Goldson International Airport,Belize City,BZ,17.5400,-88.3036,yes,America/Belize
BZF,small_airport,Benton Field,Redding,US,40.5749,-122.4080,no,America/Los_Angeles
BZG,medium_airport,Ignacy Jan Paderewski Bydgoszcz Airport,Bydgoszcz,PL,53.0968,17.9777,yes,Europe/Warsaw
BZH,small_airport,Bumi Hills Airport,Bumi,ZW,-16.8165,28.3448,no,Africa/Harare
BZI,medium_airport,Balıkesir Airport,Balıkesir,TR,39.6193,27.9260,yes,Europe/Istanbul
BZJ,small_airport,Bozhou Airport (under construction),Bozhou,CN,33.5608,115.9119,no,Asia/Shanghai
BZK,medium_airport,Bryansk International Airport,Bryansk,RU,53.2144,34.1760,yes,Europe/Moscow
BZL,medium_airport,Barisal Airport,Barisal,BD,22.8010,90.3012,yes,Asia/Dhaka
BZM,small_airport,Bemolanga Airport,Bemolanga,MG,-17.6925,45.0888,no,Indian/Antananarivo
BZN,medium_airport,Bozeman Yellowstone International Airport,Bozeman,US,45.7789,-111.1537,yes,America/Denver
BZO,medium_airport,Bolzano Airport,Bolzano (BZ),IT,46.4592,11.3261,yes,Europe/Rome
BZP,small_airport,Bizant Airport,Lakefield National Park,AU,-14.7403,144.1194,no,Australia/Brisbane
BZR,medium_airport,Béziers Vias airport,Béziers,FR,43.3235,3.3539,yes,Europe/Paris
BZT,small_airport,Eagle Air Park,Brazoria,US,28.9822,-95.5797,no,America/Chicago
BZU,medium_airport,Buta Zega Airport,Buta,CD,2.8181,24.7940,no,Africa/Lubumbashi
BZV,large_airport,Maya-Maya International Airport,Brazzaville,CG,-4.2517,15.2530,yes,Africa/Brazzaville
BZX,medium_airport,Bazhong Enyang Airport,Bazhong,CN,31.7384,106.6449,yes,Asia/Shanghai
BZY,medium_airport,Bălți-Leadoveni International Airport,Bălți,MD,47.8377,27.7811,no,Europe/Chisinau
BZZ,medium_airport,RAF Brize Norton,"Carterton, Oxfordshire",GB,51.7500,-1.5836,no,Europe/London
CAA,small_airport,El Aguacate Airport,El Aguacate,HN,14.8750,-85.7761,no,America/Tegucigalpa
CAB,medium_airport,Cabinda Airport,Cabinda,AO,-5.5984,12.1881,yes,Africa/Luanda
CAC,medium_airport,Coronel Adalberto Mendes da Silva Airport,Cascavel,BR,-25.0003,-53.5012,yes,America/Sao_Paulo
CAD,small_airport,Wexford County Airport,Cadillac,US,44.2757,-85.4215,no,America/Detroit
CAE,medium_airport,Columbia Metropolitan Airport,Columbia,US,33.9382,-81.1230,yes,America/New_York
CAF,small_airport,Carauari Airport,Carauari,BR,-4.8715,-66.8976,yes,America/Manaus
CAG,large_airport,Cagliari Elmas Airport,Cagliari,IT,39.2515,9.0543,yes,Europe/Rome
CAH,medium_airport,Cà Mau Airport,Ca Mau City,VN,9.1777,105.1778,yes,Asia/Ho_Chi_Minh
CAI,large_airport,Cairo International Airport,Cairo,EG,30.1115,31.3967,yes,Africa/Cairo
CAJ,medium_airport,Canaima Airport,Canaima,VE,6.2320,-62.8548,yes,America/Caracas
CAK,medium_airport,Akron Canton Regional Airport,Akron,US,40.9161,-81.4422,yes,America/New_York
CAL,medium_airport,Campbeltown Airport,Campbeltown,GB,55.4372,-5.6864,yes,Europe/London
CAM,small_airport,Camiri Airport,Camiri,BO,-20.0066,-63.5278,no,America/La_Paz
CAN,large_airport,Guangzhou Baiyun International Airport,Guangzhou (Huadu),CN,23.3924,113.2990,yes,Asia/Shanghai
CAO,small_airport,Clayton Municipal Airpark,Clayton,US,36.4462,-103.1670,no,America/Denver
CAP,large_airport,Cap Haitien International Airport,Cap Haitien,HT,19.7255,-72.2007,yes,America/Port-au-Prince
CAQ,medium_airport,Juan H White Airport,Caucasia,CO,7.9685,-75.1985,no,America/Bogota
CAR,medium_airport,Caribou Municipal Airport,Caribou,US,46.8715,-68.0179,no,America/New_York
CAT,medium_airport,Cascais Airport,Cascais,PT,38.7250,-9.3552,yes,Europe/Lisbon
CAU,small_airport,Caruaru Airport,Caruaru,BR,-8.2824,-36.0135,yes,America/Recife
CAV,small_airport,Cazombo Airport,Cazombo,AO,-11.8931,22.9162,no,Africa/Luanda
CAW,medium_airport,Bartolomeu Lisandro Airport,Campos dos Goytacazes,BR,-21.6983,-41.3017,yes,America/Sao_Paulo
CAX,medium_airport,Carlisle Lake District Airport,"Carlisle, Cumbria",GB,54.9375,-2.8092,no,Europe/London
CAY,large_airport,Cayenne – Félix Eboué Airport,Matoury,GF,4.8200,-52.3613,yes,America/Cayenne
CAZ,medium_airport,Cobar Airport,,AU,-31.5383,145.7940,yes,Australia/Sydney
CBB,large_airport,Jorge Wilsterman International Airport,Cochabamba,BO,-17.4211,-66.1771,yes,America/La_Paz
CBC,small_airport,Cherrabun Airport,,AU,-18.9178,125.5378,no,Australia/Perth
CBD,medium_airport,Car Nicobar Air Force Base,IAF Camp,IN,9.1531,92.8193,no,Asia/Kolkata
CBE,small_airport,Greater Cumberland Regional Airport,Wiley Ford,US,39.6154,-78.7609,no,America/New_York
CBF,small_airport,Council Bluffs Municipal Airport,Council Bluffs,US,41.2592,-95.7606,no,America/Chicago
CBG,medium_airport,Cambridge City Airport,"Cambridge, Cambridgeshire",GB,52.2050,0.1750,no,Europe/London
CBH,medium_airport,Béchar Boudghene Ben Ali Lotfi Airport,Béchar,DZ,31.6457,-2.2699,yes,Africa/Algiers
CBI,small_airport,Cape Barren Island Airport,Cape Barren Island,AU,-40.3905,148.0169,no,Australia/Hobart
CBJ,medium_airport,Cabo Rojo Airport,Cabo Rojo,DO,17.9290,-71.6448,no,America/Santo_Domingo
CBK,small_airport,Shalz Field,Colby,US,39.4275,-101.0470,no,America/Chicago
CBL,medium_airport,General Tomas de Heres Airport,Ciudad Bolivar,VE,8.1222,-63.5370,no,America/Caracas
CBM,medium_airport,Columbus Air Force Base,Columbus,US,33.6438,-88.4438,no,America/Chicago
CBN,small_airport,Cakrabhuwana  Airport,Cirebon-Java Island,ID,-6.7570,108.5388,no,Asia/Jakarta
CBO,medium_airport,Cotabato (Awang) Airport,Datu Odin Sinsuat,PH,7.1648,124.2099,yes,Asia/Manila
CBQ,medium_airport,Margaret Ekpo International Airport,Calabar,NG,4.9760,8.3472,yes,Africa/Lagos
CBR,medium_airport,Canberra Airport,Canberra,AU,-35.3069,149.1950,yes,Australia/Sydney
CBS,small_airport,Oro Negro Airport,Cabimas,VE,10.3307,-71.3225,no,America/Caracas
CBT,medium_airport,Catumbela Airport,Catumbela,AO,-12.4792,13.4869,yes,Africa/Luanda
CBV,medium_airport,Coban Airport,Coban,GT,15.4690,-90.4067,no,America/Guatemala
CBW,small_airport,Campo Mourão Airport,Campo Mourão,BR,-24.0092,-52.3568,no,America/Sao_Paulo
CBX,small_airport,Condobolin Airport,,AU,-33.0656,147.2132,no,Australia/Sydney
CBY,small_airport,Canobie Airport,Canobie,AU,-19.4794,140.9270,no,Australia/Brisbane
CBZ,small_airport,Binzhou Dagao General Aviation Airport,Binzhou,CN,37.6106,117.8857,no,Asia/Shanghai
CCA,small_airport,Chimore Airport,Chimore,BO,-16.9768,-65.1456,yes,America/La_Paz
CCB,small_airport,Upland-Cable Airport,Upland,US,34.1116,-117.6880,no,America/Los_Angeles
CCC,medium_airport,Jardines Del Rey Airport,Cayo Coco,CU,22.4610,-78.3284,yes,America/Havana
CCE,medium_airport,Capital International Airport,New Cairo,EG,30.0647,31.8400,yes,Africa/Cairo
CCF,medium_airport,Carcassonne Salvaza Airport,Carcassonne,FR,43.2160,2.3063,yes,Europe/Paris
CCG,small_airport,Crane County Airport,Crane,US,31.4151,-102.3630,no,America/Chicago
CCH,medium_airport,Chile Chico Airport,Chile Chico,CL,-46.5831,-71.6863,no,America/Coyhaique
CCI,small_airport,Olavo Cecco Rigon Airport,Concórdia,BR,-27.1805,-52.0518,no,America/Sao_Paulo
CCJ,large_airport,Calicut International Airport,Calicut,IN,11.1360,75.9552,yes,Asia/Kolkata
CCK,large_airport,Cocos (Keeling) Islands Airport,West Island,CC,-12.1922,96.8341,yes,Indian/Cocos
CCL,medium_airport,Chinchilla Airport,Chinchilla,AU,-26.7719,150.6176,no,Australia/Brisbane
CCM,medium_airport,Forquilhinha - Criciúma  Airport,Criciúma,BR,-28.7257,-49.4245,no,America/Sao_Paulo
CCN,small_airport,Chaghcharan Airport,Chaghcharan,AF,34.5265,65.2710,no,Asia/Kabul
CCO,small_airport,Carimagua Airport,Puerto López,CO,4.5642,-71.3364,no,America/Bogota
CCP,large_airport,Carriel Sur International Airport,Concepcion,CL,-36.7724,-73.0628,yes,America/Santiago
CCR,medium_airport,Buchanan Field,Concord,US,37.9897,-122.0570,yes,America/Los_Angeles
CCS,large_airport,Maiquetía Simón Bolívar International Airport,Maiquetía,VE,10.6022,-66.9912,yes,America/Caracas
CCU,large_airport,Netaji Subhash Chandra Bose International Airport,Kolkata,IN,22.6540,88.4476,yes,Asia/Kolkata
CCV,small_airport,Craig Cove Airport,Craig Cove,VU,-16.2650,167.9240,yes,Pacific/Efate
CCW,small_airport,Cowell Airport,,AU,-33.6667,136.8920,no,Australia/Adelaide
CCX,small_airport,Cáceres Airport,Cáceres,BR,-16.0436,-57.6299,no,America/Cuiaba
CCY,medium_airport,Northeast Iowa Regional Airport,Charles City,US,43.0726,-92.6108,no,America/Chicago
CCZ,medium_airport,Chub Cay Airport,Chub Cay,BS,25.4171,-77.8809,yes,America/Nassau
CDA,small_airport,Cooinda Airport,,AU,-12.9033,132.5320,no,Australia/Darwin
CDB,medium_airport,Cold Bay Airport,Cold Bay,US,55.2079,-162.7250,yes,America/Nome
CDC,medium_airport,Cedar City Regional Airport,Cedar City,US,37.7010,-113.0990,yes,America/Denver
CDD,small_airport,Cauquira Airport,Cauquira,HN,15.3167,-83.5917,no,America/Tegucigalpa
CDE,medium_airport,Chengde Puning Airport,Chengde,CN,41.1225,118.0739,yes,Asia/Shanghai
CDG,large_airport,Charles de Gaulle International Airport,"Paris (Roissy-en-France, Val-d'Oise)",FR,49.0090,2.5541,yes,Europe/Paris
CDH,small_airport,Harrell Field,Camden,US,33.6228,-92.7634,no,America/Chicago
CDI,small_airport,Cachoeiro do Itapemirim - Raimundo de Andrade Airport,Cachoeiro do Itapemirim,BR,-20.8343,-41.1856,no,America/Sao_Paulo
CDJ,medium_airport,Conceição do Araguaia Airport,Conceição do Araguaia,BR,-8.3483,-49.3015,no,America/Belem
CDK,small_airport,George T Lewis Airport,Cedar Key,US,29.1341,-83.0508,no,America/New_York
CDL,small_airport,Candle 2 Airport,Candle,US,65.9077,-161.9260,no,America/Anchorage
CDN,small_airport,Woodward Field,Camden,US,34.2836,-80.5649,no,America/New_York
CDO,small_airport,Cradock Airport,Cradock,ZA,-32.1567,25.6456,no,Africa/Johannesburg
CDP,medium_airport,Kadapa Airport,Kadapa,IN,14.5132,78.7692,yes,Asia/Kolkata
CDQ,small_airport,Croydon Airport,,AU,-18.2250,142.2580,no,Australia/Brisbane
CDR,medium_airport,Chadron Municipal Airport,Chadron,US,42.8376,-103.0950,yes,America/Denver
CDS,medium_airport,Childress Municipal Airport,Childress,US,34.4338,-100.2880,no,America/Chicago
CDT,medium_airport,Castellón-Costa Azahar Airport,Castellón de la Plana,ES,40.2139,0.0733,yes,Europe/Madrid
CDU,medium_airport,Camden Airport,Cobbitty,AU,-34.0383,150.6864,no,Australia/Sydney
CDV,medium_airport,Merle K (Mudhole) Smith Airport,Cordova,US,60.4918,-145.4780,yes,America/Anchorage
CDW,small_airport,Essex County Airport,Caldwell,US,40.8752,-74.2814,no,America/New_York
CDY,small_airport,Cagayan de Sulu Airport,Mapun,PH,7.0140,118.4960,no,Asia/Manila
CEA,small_airport,Cessna Aircraft Field,Wichita,US,37.6486,-97.2506,no,America/Chicago
CEB,large_airport,Mactan Cebu International Airport,Cebu City/Lapu-Lapu City,PH,10.3093,123.9797,yes,Asia/Manila
CEC,medium_airport,Jack Mc Namara Field Airport,Crescent City,US,41.7789,-124.2364,yes,America/Los_Angeles
CED,medium_airport,Ceduna Airport,,AU,-32.1306,133.7100,yes,Australia/Adelaide
CEE,medium_airport,Cherepovets Airport,Cherepovets,RU,59.2736,38.0158,yes,Europe/Moscow
CEF,medium_airport,Westover Metropolitan Airport / Westover Air Reserve Base,Chicopee,US,42.1940,-72.5348,no,America/New_York
CEG,medium_airport,Hawarden Airport,Broughton,GB,53.1781,-2.9778,no,Europe/London
CEH,small_airport,Chelinda Airfield,,MW,-10.5573,33.7971,no,Africa/Blantyre
CEI,large_airport,Mae Fah Luang - Chiang Rai International Airport,Chiang Rai,TH,19.9523,99.8829,yes,Asia/Bangkok
CEK,large_airport,Kurchatov Chelyabinsk International Airport,Chelyabinsk,RU,55.3031,61.5049,yes,Asia/Yekaterinburg
CEL,small_airport,Canela Airport,Canela,BR,-29.3701,-50.8317,yes,America/Sao_Paulo
CEM,small_airport,Central Airport,Central,US,65.5738,-144.7807,yes,America/Anchorage
CEN,medium_airport,Ciudad Obregón International Airport,Ciudad Obregón,MX,27.3926,-109.8330,yes,America/Hermosillo
CEO,small_airport,Waco Kungo Airport,Waco Kungo,AO,-11.4264,15.1014,no,Africa/Luanda
CEP,small_airport,Concepción Airport,Concepción,BO,-16.1427,-62.0266,no,America/La_Paz
CEQ,medium_airport,Cannes Mandelieu Airport,Cannes,FR,43.5480,6.9552,no,Europe/Paris
CER,medium_airport,Cherbourg Manche airport,Cherbourg,FR,49.6501,-1.4703,no,Europe/Paris
CES,small_airport,Cessnock Airport,,AU,-32.7875,151.3420,no,Australia/Sydney
CET,small_airport,Cholet Le Pontreau airfield,Cholet,FR,47.0821,-0.8771,no,Europe/Paris
CEU,small_airport,Oconee County Regional Airport,Clemson,US,34.6719,-82.8865,no,America/New_York
CEV,small_airport,Mettel Field,Connersville,US,39.6985,-85.1297,no,America/Indiana/Indianapolis
CEW,medium_airport,Bob Sikes Airport,Crestview,US,30.7788,-86.5221,no,America/Chicago
CEX,small_airport,Chena Hot Springs Airport,Chena Hot Springs,US,65.0518,-146.0470,no,America/Anchorage
CEY,small_airport,Murray-Calloway County Airport Kyle-Oakley Field,Murray,US,36.6646,-88.3728,no,America/Chicago
CEZ,medium_airport,Cortez Municipal Airport,Cortez,US,37.3030,-108.6280,yes,America/Denver
CFB,small_airport,Cabo Frio Airport,Cabo Frio,BR,-22.9215,-42.0719,yes,America/Sao_Paulo
CFC,small_airport,Doctor Carlos Alberto da Costa Neves Airport,Caçador,BR,-26.7874,-50.9399,no,America/Sao_Paulo
CFD,small_airport,Coulter Field,Bryan,US,30.7157,-96.3314,no,America/Chicago
CFE,large_airport,Clermont-Ferrand Auvergne airport,Clermont-Ferrand,FR,45.7867,3.1692,yes,Europe/Paris
CFF,small_airport,Cafunfo Airport,Cafunfo,AO,-8.7836,17.9897,no,Africa/Luanda
CFG,medium_airport,Jaime Gonzalez Airport,Cienfuegos,CU,22.1500,-80.4142,yes,America/Havana
CFH,small_airport,Clifton Hills Airport,Clifton Hills,AU,-27.0183,138.8920,no,Australia/Adelaide
CFI,small_airport,Camfield Airport,,AU,-17.0217,131.3270,no,Australia/Darwin
CFK,large_airport,Chlef Aboubakr Belkaid International Airport,Chlef,DZ,36.2166,1.3411,yes,Africa/Algiers
CFM,small_airport,Conklin (Leismer) Airport,Conklin,CA,55.6953,-111.2790,no,America/Edmonton
CFN,medium_airport,Donegal Airport,Donegal,IE,55.0442,-8.3410,yes,Europe/Dublin
CFO,small_airport,Confresa Airport,Confresa,BR,-10.6333,-51.5658,no,America/Cuiaba
CFP,small_airport,Carpentaria Downs Airport,Carpentaria Downs,AU,-18.7185,144.3130,no,Australia/Brisbane
CFQ,small_airport,Creston Valley Regional Airport - Art Sutcliffe Field,Creston,CA,49.0369,-116.4980,no,America/Creston
CFR,medium_airport,Caen Carpiquet airport,Caen,FR,49.1768,-0.4549,yes,Europe/Paris
CFS,medium_airport,Coffs Harbour Airport,Coffs Harbour,AU,-30.3206,153.1160,yes,Australia/Sydney
CFT,small_airport,Greenlee County Airport,Clifton,US,32.9570,-109.2114,no,America/Phoenix
CFU,large_airport,Corfu Ioannis Kapodistrias International Airport,Kerkyra (Corfu),GR,39.6014,19.9122,yes,Europe/Athens
CFV,small_airport,Coffeyville Municipal Airport,Coffeyville,US,37.0940,-95.5719,no,America/Chicago
CGB,large_airport,Várzea Grande–Marechal Rondon International Airport,Cuiabá,BR,-15.6529,-56.1167,yes,America/Cuiaba
CGC,small_airport,Cape Gloucester Airport,Cape Gloucester,PG,-5.4552,148.4223,no,Pacific/Port_Moresby
CGD,medium_airport,Changde Taohuayuan Airport,Changde (Dingcheng),CN,28.9189,111.6400,yes,Asia/Shanghai
CGE,small_airport,Cambridge Dorchester Airport,Cambridge,US,38.5393,-76.0304,no,America/New_York
CGF,medium_airport,Cuyahoga County Airport,Cleveland,US,41.5651,-81.4864,no,America/New_York
CGG,small_airport,Casiguran Airport,Casiguran,PH,16.1941,122.0651,no,Asia/Manila
CGH,large_airport,Congonhas–Deputado Freitas Nobre Airport,São Paulo,BR,-23.6277,-46.6546,yes,America/Sao_Paulo
CGI,medium_airport,Cape Girardeau Regional Airport,Cape Girardeau,US,37.2253,-89.5708,yes,America/Chicago
CGJ,medium_airport,Kasompe Airport,Chingola,ZM,-12.5728,27.8939,no,Africa/Lusaka
CGK,large_airport,Soekarno-Hatta International Airport,Jakarta,ID,-6.1256,106.6560,yes,Asia/Jakarta
CGL,small_airport,Chagual Airport,,PE,-7.7976,-77.6512,no,America/Lima
CGM,medium_airport,Camiguin Airport,Mambajao,PH,9.2539,124.7091,yes,Asia/Manila
CGN,large_airport,Cologne Bonn Airport,Köln (Cologne),DE,50.8659,7.1427,yes,Europe/Berlin
CGO,large_airport,Zhengzhou Xinzheng International Airport,Zhengzhou,CN,34.5265,113.8492,yes,Asia/Shanghai
CGP,large_airport,Shah Amanat International Airport,Chattogram (Chittagong),BD,22.2496,91.8133,yes,Asia/Dhaka
CGQ,large_airport,Changchun Longjia International Airport,Changchun,CN,43.9962,125.6850,yes,Asia/Shanghai
CGR,medium_airport,Campo Grande Airport,Campo Grande,BR,-20.4700,-54.6740,yes,America/Campo_Grande
CGS,small_airport,College Park Airport,College Park,US,38.9806,-76.9223,no,America/New_York
CGV,small_airport,Caiguna Airport,,AU,-32.2805,125.4779,no,Australia/Perth
CGX,small_airport,Chunga Airstrip,Chunga,ZM,-15.0540,25.9857,no,Africa/Lusaka
CGY,large_airport,Laguindingan International Airport,Laguindingan,PH,8.6122,124.4565,yes,Asia/Manila
CGZ,small_airport,Casa Grande Municipal Airport,Casa Grande,US,32.9549,-111.7670,no,America/Phoenix
CHA,medium_airport,Chattanooga Metropolitan Airport (Lovell Field),Chattanooga,US,35.0353,-85.2038,yes,America/New_York
CHB,small_airport,Chilas Airport,Chilas,PK,35.4267,74.0817,no,Asia/Karachi
CHC,large_airport,Christchurch International Airport,Christchurch,NZ,-43.4890,172.5321,yes,Pacific/Auckland
CHD,small_airport,Mucugê Airport,Mucugê,BR,-13.0312,-41.4441,no,America/Bahia
CHF,small_airport,Jinhae Air Base,Jinhae,KR,35.1402,128.6962,no,Asia/Seoul
CHG,medium_airport,Chaoyang Airport,"Shuangta, Chaoyang",CN,41.5381,120.4350,yes,Asia/Shanghai
CHH,medium_airport,Chachapoyas Airport,Chachapoyas,PE,-6.2019,-77.8562,yes,America/Lima
CHJ,small_airport,Chipinge Airport,Chipinge,ZW,-20.2067,32.6283,no,Africa/Harare
CHK,small_airport,Chickasha Municipal Airport,Chickasha,US,35.0974,-97.9677,no,America/Chicago
CHL,small_airport,Challis Airport,Challis,US,44.5230,-114.2180,no,America/Boise
CHM,medium_airport,FAP Lieutenant Jaime Andres de Montreuil Morales Airport,Chimbote,PE,-9.1496,-78.5238,yes,America/Lima
CHN,small_airport,Jeonju (G 703) Air Base,Jeonju,KR,35.8783,127.1189,no,Asia/Seoul
CHO,medium_airport,Charlottesville Albemarle Airport,Charlottesville,US,38.1386,-78.4529,yes,America/New_York
CHP,small_airport,Circle Hot Springs Airport,Circle Hot Springs,US,65.4855,-144.6110,no,America/Anchorage
CHQ,large_airport,Chania International Airport,Souda,GR,35.5312,24.1507,yes,Europe/Athens
CHR,medium_airport,Châteauroux Déols airport,Châteauroux,FR,46.8602,1.7283,no,Europe/Paris
CHS,large_airport,Charleston International Airport,Charleston,US,32.8962,-80.0382,yes,America/New_York
CHT,medium_airport,Inia William Tuuta Memorial Airport,Te One,NZ,-43.8119,-176.4651,yes,Pacific/Chatham
CHU,small_airport,Chuathbaluk Airport,Chuathbaluk,US,61.5791,-159.2160,yes,America/Anchorage
CHX,medium_airport,Changuinola Captain Manuel Niño International Airport,Changuinola,PA,9.4590,-82.5151,yes,America/Panama
CHY,small_airport,Choiseul Bay Airport,Choiseul Bay,SB,-6.7119,156.3961,yes,Pacific/Guadalcanal
CHZ,small_airport,Chiloquin State Airport,Chiloquin,US,42.5794,-121.8791,no,America/Los_Angeles
CIA,large_airport,Ciampino–G. B. Pastine International Airport,Rome,IT,41.7988,12.5953,yes,Europe/Rome
CIC,small_airport,Chico Regional Airport,Chico,US,39.7956,-121.8577,no,America/Los_Angeles
CID,medium_airport,The Eastern Iowa Airport,Cedar Rapids,US,41.8847,-91.7108,yes,America/Chicago
CIE,small_airport,Collie Airport,Collie,AU,-33.3667,116.2170,no,Australia/Perth
CIF,medium_airport,Chifeng Yulong Airport,Chifeng,CN,42.1597,118.8410,yes,Asia/Shanghai
CIG,small_airport,Craig Moffat Airport,Craig,US,40.4952,-107.5220,no,America/Denver
CIH,small_airport,Changzhi Wangcun Airport,Changzhi,CN,36.2475,113.1260,yes,Asia/Shanghai
CII,small_airport,Aydın Çıldır Airport,Aydın,TR,37.8154,27.8876,no,Europe/Istanbul
CIJ,medium_airport,Capitán Aníbal Arab Airport,Cobija,BO,-11.0391,-68.7828,yes,America/La_Paz
CIK,small_airport,Chalkyitsik Airport,Chalkyitsik,US,66.6450,-143.7400,yes,America/Anchorage
CIL,small_airport,Council Airport,Council,US,64.8979,-163.7030,no,America/Nome
CIM,small_airport,Cimitarra Airport,Cimitarra,CO,6.3675,-73.9707,no,America/Bogota
CIN,small_airport,Arthur N Neu Airport,Carroll,US,42.0462,-94.7890,no,America/Chicago
CIO,medium_airport,Lieutenant Colonel Carmelo Peralta National Airport,Concepción,PY,-23.4416,-57.4270,no,America/Asuncion
CIP,small_airport,Chipata Airport,Chipata,ZM,-13.5583,32.5872,no,Africa/Lusaka
CIQ,small_airport,Chiquimula Airport,Chiquimula,GT,14.8309,-89.5209,no,America/Guatemala
CIR,small_airport,Cairo Regional Airport,Cairo,US,37.0645,-89.2196,no,America/Chicago
CIS,medium_airport,Canton Island Airport,Abariringa,KI,-2.7681,-171.7100,no,Pacific/Kanton
CIT,large_airport,Shymkent International Airport,Shymkent,KZ,42.3650,69.4756,yes,Asia/Almaty
CIU,medium_airport,Chippewa County International Airport,Kincheloe,US,46.2420,-84.4621,yes,America/Detroit
CIW,medium_airport,Canouan Airport,Canouan,VC,12.6990,-61.3424,yes,America/St_Vincent
CIX,large_airport,Capitán FAP José A. Quiñones González International Airport,Chiclayo,PE,-6.7892,-79.8283,yes,America/Lima
CIY,medium_airport,Comiso Airport,Comiso,IT,36.9958,14.6089,yes,Europe/Rome
CIZ,small_airport,Danilson Municipal Airport,Coari,BR,-4.1341,-63.1326,no,America/Manaus
CJA,medium_airport,Mayor General FAP Armando Revoredo Iglesias Airport,Cajamarca,PE,-7.1392,-78.4894,yes,America/Lima
CJB,large_airport,Coimbatore International Airport,Coimbatore,IN,11.0300,77.0434,yes,Asia/Kolkata
CJC,medium_airport,El Loa Airport,Calama,CL,-22.4982,-68.9036,yes,America/Santiago
CJD,small_airport,Candilejas Airport,Candilejas,CO,2.0667,-74.5833,no,America/Bogota
CJF,small_airport,Coondewanna Airport,Coondewanna,AU,-22.9667,118.8133,no,Australia/Perth
CJH,small_airport,Chilko Lake (Tsylos Park Lodge) Airport,Chilko Lake,CA,51.6258,-124.1445,no,America/Vancouver
CJJ,large_airport,Cheongju International Airport/Cheongju Air Base (K-59/G-513),Cheongju,KR,36.7156,127.5003,yes,Asia/Seoul
CJL,medium_airport,Chitral Airport,Chitral,PK,35.8862,71.7999,yes,Asia/Karachi
CJM,medium_airport,Chumphon Airport,Chumphon,TH,10.7112,99.3617,yes,Asia/Bangkok
CJN,small_airport,Nusawiru Airport,Cijulang,ID,-7.7199,108.4890,yes,Asia/Jakarta
CJS,large_airport,Abraham González International Airport,Ciudad Juárez,MX,31.6367,-106.4285,yes,America/Ciudad_Juarez
CJT,small_airport,San Antonio Copalar Airport,Comitán,MX,16.1767,-92.0506,no,America/Mexico_City
CJU,large_airport,Jeju International Airport,Jeju City,KR,33.5121,126.4925,yes,Asia/Seoul
CJZ,small_airport,Pedro Vieira Moreira Airport,Cajazeiras,BR,-6.8827,-38.6158,yes,America/Fortaleza
CKA,small_airport,Kegelman AF Aux Field,Cherokee,US,36.7343,-98.1235,no,America/Chicago
CKB,medium_airport,North Central West Virginia Airport,Bridgeport,US,39.2966,-80.2281,yes,America/New_York
CKC,medium_airport,Cherkasy International Airport,Cherkasy,UA,49.4156,31.9953,no,Europe/Kyiv
CKD,small_airport,Crooked Creek Airport,Crooked Creek,US,61.8703,-158.1376,yes,America/Anchorage
CKE,small_airport,Lampson Field,Lakeport,US,38.9906,-122.9010,no,America/Los_Angeles
CKG,large_airport,Chongqing Jiangbei International Airport,Chongqing,CN,29.7123,106.6519,yes,Asia/Shanghai
CKH,medium_airport,Chokurdakh Airport,Chokurdah,RU,70.6231,147.9020,yes,Asia/Srednekolymsk
CKI,small_airport,Croker Island Airport,,AU,-11.1650,132.4830,no,Australia/Darwin
CKK,small_airport,Sharp County Regional Airport,Ash Flat,US,36.2649,-91.5626,no,America/Chicago
CKL,medium_airport,Chkalovskiy Air Base,Moscow,RU,55.8783,38.0617,no,Europe/Moscow
CKM,small_airport,Fletcher Field,Clarksdale,US,34.2997,-90.5123,no,America/Chicago
CKN,small_airport,Crookston Municipal Kirkwood Field,Crookston,US,47.8417,-96.6216,no,America/Chicago
CKO,small_airport,Cornélio Procópio Airport,Cornélio Procópio,BR,-23.1527,-50.6029,no,America/Sao_Paulo
CKR,small_airport,Crane Island Airstrip,Crane Island,US,48.5978,-122.9979,no,America/Los_Angeles
CKS,medium_airport,Carajás Airport,Parauapebas,BR,-6.1178,-50.0034,yes,America/Belem
CKT,medium_airport,Sarakhs Airport,Sarakhs,IR,36.5012,61.0649,no,Asia/Tehran
CKU,small_airport,Cordova Municipal Airport,Cordova,US,60.5439,-145.7270,no,America/Anchorage
CKV,small_airport,Clarksville–Montgomery County Regional Airport,Clarksville,US,36.6219,-87.4150,no,America/Chicago
CKW,small_airport,Christmas Creek Airport,Christmas Creek Mine,AU,-22.3543,119.6426,yes,Australia/Perth
CKX,small_airport,Chicken Airport,Chicken,US,64.0665,-141.9513,yes,America/Anchorage
CKY,large_airport,Ahmed Sékou Touré International Airport,Conakry,GN,9.5769,-13.6120,yes,Africa/Conakry
CKZ,medium_airport,Çanakkale Airport,Çanakkale,TR,40.1377,26.4268,yes,Europe/Istanbul
CLA,small_airport,Comilla Airport,Comilla,BD,23.4401,91.1887,no,Asia/Dhaka
CLD,medium_airport,McClellan-Palomar Airport,Carlsbad,US,33.1283,-117.2800,yes,America/Los_Angeles
CLE,large_airport,Cleveland Hopkins International Airport,Cleveland,US,41.4117,-81.8498,yes,America/New_York
CLG,small_airport,New Coalinga Municipal Airport,Coalinga,US,36.1631,-120.2940,no,America/Los_Angeles
CLH,small_airport,Coolah Airport,,AU,-31.7739,149.6153,no,Australia/Sydney
CLI,small_airport,Clintonville Municipal Airport,Clintonville,US,44.6138,-88.7313,no,America/Chicago
CLJ,large_airport,Avram Iancu Cluj International Airport,Cluj-Napoca,RO,46.7860,23.6857,yes,Europe/Bucharest
CLK,small_airport,Clinton Regional Airport,Clinton,US,35.5383,-98.9327,no,America/Chicago
CLL,medium_airport,Easterwood Field,College Station,US,30.5886,-96.3638,yes,America/Chicago
CLM,medium_airport,William R Fairchild International Airport,Port Angeles,US,48.1202,-123.5000,no,America/Los_Angeles
CLN,medium_airport,Brig. Lysias Augusto Rodrigues Airport,Carolina,BR,-7.3204,-47.4587,no,America/Fortaleza
CLO,large_airport,Alfonso Bonilla Aragon International Airport,Cali,CO,3.5427,-76.3819,yes,America/Bogota
CLP,small_airport,Clarks Point Airport,Clarks Point,US,58.8337,-158.5290,yes,America/Anchorage
CLQ,medium_airport,Licenciado Miguel de la Madrid International Airport,Colima,MX,19.2770,-103.5770,yes,America/Mexico_City
CLR,small_airport,Cliff Hatfield Memorial Airport,Calipatria,US,33.1315,-115.5210,no,America/Los_Angeles
CLS,small_airport,Chehalis Centralia Airport,Chehalis,US,46.6770,-122.9830,no,America/Los_Angeles
CLT,large_airport,Charlotte Douglas International Airport,Charlotte,US,35.2140,-80.9431,yes,America/New_York
CLU,medium_airport,Columbus Municipal Airport,Columbus,US,39.2624,-85.8956,no,America/Indiana/Indianapolis
CLV,small_airport,Nelson Ribeiro Guimarães Airport,Caldas Novas,BR,-17.7251,-48.6063,yes,America/Sao_Paulo
CLW,small_airport,Clearwater Air Park,Clearwater,US,27.9767,-82.7587,no,America/New_York
CLX,small_airport,Aeródromo de Clorinda,Clorinda,AR,-25.3036,-57.7344,no,America/Argentina/Cordoba
CLY,medium_airport,Calvi Sainte Catherine Airport,Calvi,FR,42.5304,8.7930,yes,Europe/Paris
CLZ,medium_airport,Calabozo Airport,Guarico,VE,8.9247,-67.4171,no,America/Caracas
CMA,medium_airport,Cunnamulla Airport,,AU,-28.0300,145.6220,yes,Australia/Brisbane
CMB,large_airport,Bandaranaike International Colombo Airport,Colombo,LK,7.1808,79.8841,yes,Asia/Colombo
CMC,small_airport,Camocim - Pinto Martins Airport,Camocim,BR,-2.8956,-40.8593,no,America/Fortaleza
CMD,medium_airport,Cootamundra Airport,,AU,-34.6243,148.0366,no,Australia/Sydney
CME,medium_airport,Ciudad del Carmen International Airport,Ciudad del Carmen,MX,18.6515,-91.7994,yes,America/Merida
CMF,medium_airport,Chambéry Aix les Bains airport,Chambéry,FR,45.6381,5.8802,yes,Europe/Paris
CMG,medium_airport,Corumbá International Airport,Corumbá,BR,-19.0119,-57.6728,yes,America/Campo_Grande
CMH,large_airport,John Glenn Columbus International Airport,Columbus,US,39.9980,-82.8919,yes,America/New_York
CMI,medium_airport,University of Illinois Willard Airport,Savoy,US,40.0398,-88.2762,yes,America/Chicago
CMJ,small_airport,Qimei Airport,Qimei,TW,23.2131,119.4175,no,Asia/Taipei
CMK,small_airport,Club Makokola Airport,Club Makokola,MW,-14.3065,35.1315,no,Africa/Blantyre
CML,small_airport,Camooweal Airport,,AU,-19.9117,138.1250,no,Australia/Brisbane
CMM,small_airport,Carmelita Airport,Carmelita,GT,17.4612,-90.0537,no,America/Guatemala
CMN,large_airport,Mohammed V International Airport,Casablanca,MA,33.3675,-7.5900,yes,Africa/Casablanca
CMO,small_airport,Hobyo Airport,Hobyo,SO,5.3580,48.5153,no,Africa/Mogadishu
CMP,small_airport,Santana do Araguaia Airport,Santana do Araguaia,BR,-9.3199,-50.3285,no,America/Belem
CMQ,medium_airport,Clermont Airport,,AU,-22.7731,147.6210,no,Australia/Brisbane
CMR,medium_airport,Colmar Houssen airport,Colmar,FR,48.1099,7.3590,no,Europe/Paris
CMS,small_airport,Iskushuban Airport,Iskushuban,SO,10.3139,50.2056,no,Africa/Mogadishu
CMT,small_airport,New Cametá Airport,Cametá,BR,-2.2468,-49.5600,no,America/Belem
CMU,medium_airport,Chimbu Airport,Kundiawa,PG,-6.0243,144.9710,yes,Pacific/Port_Moresby
CMV,small_airport,Coromandel Airport,Coromandel,NZ,-36.7917,175.5090,no,Pacific/Auckland
CMW,large_airport,Ignacio Agramonte International Airport,Camaguey,CU,21.4199,-77.8480,yes,America/Havana
CMX,medium_airport,Houghton County Memorial Airport,Hancock,US,47.1684,-88.4891,yes,America/Detroit
CMY,small_airport,Sparta Fort McCoy Airport,Sparta,US,43.9580,-90.7379,no,America/Chicago
CMZ,small_airport,Caia Airport,Caia,MZ,-17.8331,35.3341,no,Africa/Maputo
CNA,small_airport,Cananea National Airport,Cananea,MX,31.0662,-110.0979,no,America/Hermosillo
CNB,medium_airport,Coonamble Airport,,AU,-30.9809,148.3778,yes,Australia/Sydney
CNC,small_airport,Coconut Island Airport,,AU,-10.0501,143.0700,yes,Australia/Brisbane
CND,large_airport,Mihail Kogălniceanu International Airport,Constanța,RO,44.3622,28.4883,yes,Europe/Bucharest
CNE,small_airport,Fremont County Airport,Penrose,US,38.4297,-105.1086,no,America/Denver
CNF,large_airport,Tancredo Neves International Airport,Belo Horizonte,BR,-19.6357,-43.9669,yes,America/Sao_Paulo
CNG,medium_airport,Cognac-Châteaubernard (BA 709) Air Base,Cognac/Châteaubernard,FR,45.6583,-0.3175,no,Europe/Paris
CNH,small_airport,Claremont Municipal Airport,Claremont,US,43.3704,-72.3687,no,America/New_York
CNI,small_airport,Changhai Dachangshandao Airport,Dalian (Changhai),CN,39.2664,122.6670,yes,Asia/Shanghai
CNJ,medium_airport,Cloncurry Airport,Cloncurry,AU,-20.6686,140.5040,yes,Australia/Brisbane
CNK,small_airport,Blosser Municipal Airport,Concordia,US,39.5493,-97.6523,no,America/Chicago
CNL,medium_airport,Sindal Airport,Sindal,DK,57.5035,10.2294,no,Europe/Copenhagen
CNM,medium_airport,Cavern City Air Terminal,Carlsbad,US,32.3375,-104.2630,yes,America/Denver
CNN,large_airport,Kannur International Airport,Kannur,IN,11.9163,75.5450,yes,Asia/Kolkata
CNO,small_airport,Chino Airport,Chino,US,33.9747,-117.6370,no,America/Los_Angeles
CNP,medium_airport,Neerlerit Inaat Airport,Neerlerit Inaat,GL,70.7431,-22.6505,yes,America/Scoresbysund
CNQ,medium_airport,Corrientes Airport,Corrientes,AR,-27.4455,-58.7619,yes,America/Argentina/Cordoba
CNR,medium_airport,Chañaral Airport,Chañaral,CL,-26.3325,-70.6073,no,America/Santiago
CNS,large_airport,Cairns International Airport,Cairns,AU,-16.8789,145.7495,yes,Australia/Brisbane
CNT,small_airport,Charata Airport,Charata,AR,-27.2164,-61.2103,no,America/Argentina/Cordoba
CNU,medium_airport,Chanute Martin Johnson Airport,Chanute,US,37.6682,-95.4867,no,America/Chicago
CNV,small_airport,Sócrates Rezende Airport,Canavieiras,BR,-15.6670,-38.9547,no,America/Bahia
CNW,small_airport,TSTC Waco Airport,Waco,US,31.6411,-97.0733,no,America/Chicago
CNX,large_airport,Chiang Mai International Airport,Chiang Mai,TH,18.7668,98.9626,yes,Asia/Bangkok
CNY,medium_airport,Canyonlands Regional Airport,Moab,US,38.7550,-109.7550,yes,America/Denver
CNZ,small_airport,Cangamba Airport,Cangamba,AO,-13.7106,19.8611,no,Africa/Luanda
COA,small_airport,Columbia Airport,Columbia,US,38.0304,-120.4150,no,America/Los_Angeles
COB,small_airport,Coolibah Airport,Coolibah,AU,-15.5483,130.9620,no,Australia/Darwin
COC,medium_airport,Comodoro Pierrestegui Airport,Concordia,AR,-31.2969,-57.9966,no,America/Argentina/Cordoba
COD,medium_airport,Yellowstone Regional Airport,Cody,US,44.5202,-109.0240,yes,America/Denver
COE,medium_airport,Coeur D'Alene Airport - Pappy Boyington Field,Coeur d'Alene,US,47.7743,-116.8200,no,America/Los_Angeles
COF,medium_airport,Patrick Space Force Base,Cocoa Beach,US,28.2349,-80.6101,no,America/New_York
COG,small_airport,Mandinga Airport,Condoto,CO,5.0720,-76.6764,no,America/Bogota
COH,small_airport,Cooch Behar Airport,Cooch Behar,IN,26.3305,89.4672,no,Asia/Kolkata
COI,small_airport,Merritt Island Airport,Merritt Island,US,28.3416,-80.6855,no,America/New_York
COJ,medium_airport,Coonabarabran Airport,,AU,-31.3325,149.2670,no,Australia/Sydney
COK,large_airport,Cochin International Airport,Kochi,IN,10.1510,76.4008,yes,Asia/Kolkata
COL,small_airport,Coll Airport,Coll Island,GB,56.6019,-6.6178,yes,Europe/London
COM,small_airport,Coleman Municipal Airport,Coleman,US,31.8411,-99.4036,no,America/Chicago
CON,medium_airport,Concord Municipal Airport,Concord,US,43.2027,-71.5023,no,America/New_York
COO,large_airport,Cotonou Cadjehoun International Airport,Cotonou,BJ,6.3572,2.3843,yes,Africa/Porto-Novo
COP,small_airport,Cooperstown-Westville Airport,Cooperstown,US,42.6296,-74.8904,no,America/New_York
COQ,medium_airport,Choibalsan Airport,,MN,48.1354,114.6472,yes,Asia/Ulaanbaatar
COR,large_airport,Ingeniero Aeronáutico Ambrosio L.V. Taravella International Airport,Cordoba,AR,-31.3123,-64.2083,yes,America/Argentina/Cordoba
COS,large_airport,City of Colorado Springs Municipal Airport,Colorado Springs,US,38.8058,-104.7010,yes,America/Denver
COT,small_airport,Cotulla-La Salle County Airport,Cotulla,US,28.4567,-99.2203,no,America/Chicago
COU,medium_airport,Columbia Regional Airport,Columbia,US,38.8181,-92.2196,yes,America/Chicago
COV,large_airport,Çukurova International Airport,Tarsus,TR,36.8915,35.0712,yes,Europe/Istanbul
COW,small_airport,Tambillos Airport,Coquimbo,CL,-30.1989,-71.2469,no,America/Santiago
COY,small_airport,Coolawanyah Airport,Coolawanyah Station,AU,-21.7946,117.7550,no,Australia/Perth
COZ,small_airport,Constanza - Expedición 14 de Junio National Airport,Costanza,DO,18.9075,-70.7219,no,America/Santo_Domingo
CPA,small_airport,Cape Palmas Airport,Harper,LR,4.3788,-7.6966,no,Africa/Monrovia
CPB,small_airport,Capurganá Airport,Acandí,CO,8.6322,-77.3503,no,America/Bogota
CPC,medium_airport,Aviador C. Campos Airport,Chapelco/San Martin de los Andes,AR,-40.0754,-71.1373,yes,America/Argentina/Salta
CPD,medium_airport,Coober Pedy Airport,Coober Pedy,AU,-29.0383,134.7222,yes,Australia/Adelaide
CPE,medium_airport,Ingeniero Alberto Acuña Ongay International Airport,Campeche,MX,19.8160,-90.5001,yes,America/Merida
CPF,small_airport,Ngloram Airport,Blora,ID,-7.1955,111.5453,no,Asia/Jakarta
CPG,small_airport,Carmen de Patagones Airport,Carmen de Patagones,AR,-40.7781,-62.9803,no,America/Argentina/Buenos_Aires
CPH,large_airport,Copenhagen Kastrup Airport,Copenhagen,DK,55.6179,12.6560,yes,Europe/Copenhagen
CPI,small_airport,Cape Orford Airport,,PG,-5.4483,152.0819,no,Pacific/Port_Moresby
CPL,small_airport,General Navas Pardo Airport,Chaparral,CO,3.7243,-75.4658,no,America/Bogota
CPM,small_airport,Compton Woodley Airport,Compton,US,33.8900,-118.2440,no,America/Los_Angeles
CPN,small_airport,Cape Rodney Airport,Cape Rodney,PG,-10.1798,148.3790,no,Pacific/Port_Moresby
CPO,medium_airport,Desierto de Atacama Airport,Copiapo,CL,-27.2612,-70.7792,yes,America/Santiago
CPP,small_airport,Coposa Airport,Pica,CL,-20.7505,-68.6835,no,America/Santiago
CPR,medium_airport,Casper-Natrona County International Airport,Casper,US,42.9074,-106.4616,yes,America/Denver
CPS,small_airport,St Louis Downtown Airport,Cahokia/St Louis,US,38.5707,-90.1562,no,America/Chicago
CPT,large_airport,Cape Town International Airport,Cape Town,ZA,-33.9740,18.6043,yes,Africa/Johannesburg
CPU,small_airport,Cururupu Airport,Cururupu,BR,-1.8200,-44.8641,no,America/Fortaleza
CPV,medium_airport,Presidente João Suassuna Airport,Campina Grande,BR,-7.2697,-35.8961,yes,America/Fortaleza
CPX,medium_airport,Benjamin Rivera Noriega Airport,Culebra,PR,18.3130,-65.3039,yes,America/Puerto_Rico
CQA,small_airport,Canarana Airport,Canarana,BR,-13.5765,-52.2683,no,America/Cuiaba
CQD,medium_airport,Shahrekord Airport,Shahrekord,IR,32.2972,50.8422,no,Asia/Tehran
CQF,medium_airport,Calais Marck Airport,Calais,FR,50.9621,1.9548,no,Europe/Paris
CQM,medium_airport,Ciudad Real International Airport,Ciudad Real,ES,38.8565,-3.9699,no,Europe/Madrid
CQP,small_airport,Cape Flattery Airport,,AU,-14.9708,145.3117,no,Australia/Brisbane
CQS,small_airport,Costa Marques Airport,Costa Marques,BR,-12.4211,-64.2516,no,America/Porto_Velho
CQT,small_airport,Caquetania Airport,Caquetania,CO,2.0333,-74.2167,no,America/Bogota
CQW,medium_airport,Chongqing Xiannüshan Airport,Wulong,CN,29.4657,107.6937,yes,Asia/Shanghai
CRA,large_airport,Craiova International Airport,Craiova,RO,44.3181,23.8886,yes,Europe/Bucharest
CRB,small_airport,Collarenebri Airport,,AU,-29.5232,148.5782,no,Australia/Sydney
CRC,medium_airport,Santa Ana Airport,Cartago,CO,4.7582,-75.9557,no,America/Bogota
CRD,large_airport,General Enrique Mosconi International Airport,Comodoro Rivadavia,AR,-45.7869,-67.4634,yes,America/Argentina/Catamarca
CRE,medium_airport,Grand Strand Airport,North Myrtle Beach,US,33.8117,-78.7239,no,America/New_York
CRF,small_airport,Carnot Airport,Carnot,CF,4.9370,15.8940,no,Africa/Bangui
CRG,medium_airport,Jacksonville Executive at Craig Airport,Jacksonville,US,30.3363,-81.5144,no,America/New_York
CRH,small_airport,Cherrabah Airport,Cherrabah Homestead Resort,AU,-28.4301,152.0890,no,Australia/Brisbane
CRI,medium_airport,Colonel Hill Airport,Colonel Hill,BS,22.7456,-74.1824,yes,America/Nassau
CRJ,small_airport,Coorabie Airport,Coorabie,AU,-31.8944,132.2960,no,Australia/Adelaide
CRK,large_airport,Clark International Airport / Clark Air Base,Mabalacat,PH,15.1860,120.5600,yes,Asia/Manila
CRL,large_airport,Brussels South Charleroi Airport,Charleroi,BE,50.4620,4.4596,yes,Europe/Brussels
CRM,medium_airport,Catarman National Airport,Catarman,PH,12.5016,124.6353,yes,Asia/Manila
CRO,small_airport,Corcoran Airport,Corcoran,US,36.1027,-119.5948,no,America/Los_Angeles
CRP,medium_airport,Corpus Christi International Airport,Corpus Christi,US,27.7704,-97.5012,yes,America/Chicago
CRQ,medium_airport,Caravelas Airport,Caravelas,BR,-17.6523,-39.2531,no,America/Bahia
CRR,small_airport,Ceres Airport,Ceres,AR,-29.8723,-61.9279,no,America/Argentina/Cordoba
CRS,small_airport,C David Campbell Field Corsicana Municipal Airport,Corsicana,US,32.0281,-96.4006,no,America/Chicago
CRT,small_airport,Z M Jack Stell Field,Crossett,US,33.1783,-91.8802,no,America/Chicago
CRU,small_airport,Lauriston Airport,Carriacou Island,GD,12.4761,-61.4728,yes,America/Grenada
CRV,medium_airport,Crotone Sant'Anna Pythagoras Airport,Isola di Capo Rizzuto (KR),IT,38.9972,17.0802,yes,Europe/Rome
CRW,medium_airport,Yeager Airport,Charleston,US,38.3731,-81.5932,yes,America/New_York
CRX,small_airport,Roscoe Turner Airport,Corinth,US,34.9150,-88.6035,no,America/Chicago
CRY,small_airport,Carlton Hill Airport,Carlton Hill,AU,-15.5019,128.5340,no,Australia/Perth
CRZ,large_airport,Türkmenabat International Airport,Türkmenabat,TM,38.9307,63.5640,yes,Asia/Ashgabat
CSA,small_airport,Colonsay Airstrip,Colonsay,GB,56.0575,-6.2431,yes,Europe/London
CSB,medium_airport,Caransebeş Airport,Caransebeş,RO,45.4201,22.2525,no,Europe/Bucharest
CSC,small_airport,Mojica Airport,Cañas,CR,10.4307,-85.1746,no,America/Costa_Rica
CSD,small_airport,Cresswell Downs Airport,Cresswell Downs,AU,-17.9480,135.9160,no,Australia/Darwin
CSE,small_airport,Crested Butte Airpark,Crested Butte,US,38.8519,-106.9283,no,America/Denver
CSF,medium_airport,Creil Air Base,Creil,FR,49.2535,2.5191,no,Europe/Paris
CSG,medium_airport,Columbus Airport,Columbus,US,32.5164,-84.9396,yes,America/New_York
CSH,small_airport,Solovki Airport,Solovetsky Islands,RU,65.0300,35.7306,yes,Europe/Moscow
CSI,small_airport,Casino Airport,,AU,-28.8813,153.0607,no,Australia/Sydney
CSK,medium_airport,Cap Skirring Airport,Cap Skirring,SN,12.3953,-16.7480,yes,Africa/Dakar
CSM,small_airport,Clinton Sherman Airport,Clinton,US,35.3398,-99.2005,no,America/Chicago
CSN,medium_airport,Carson Airport,Carson City,US,39.1943,-119.7343,no,America/Los_Angeles
CSO,small_airport,Cochstedt Airport,Hecklingen,DE,51.8564,11.4203,no,Europe/Berlin
CSQ,small_airport,Creston Municipal Airport,Creston,US,41.0214,-94.3633,no,America/Chicago
CSR,small_airport,Casuarito Airport,Casuarito,CO,5.8333,-68.1333,no,America/Bogota
CSS,small_airport,Cassilândia Airport,Cassilândia,BR,-19.1469,-51.6769,no,America/Campo_Grande
CSU,small_airport,Santa Cruz do Sul Airport,Santa Cruz do Sul,BR,-29.6841,-52.4122,no,America/Sao_Paulo
CSV,medium_airport,Crossville Memorial Airport Whitson Field,Crossville,US,35.9513,-85.0850,no,America/Chicago
CSW,medium_airport,Cabo San Lucas International Airport,Cabo San Lucas,MX,22.9491,-109.9395,yes,America/Mazatlan
CSX,large_airport,Changsha Huanghua International Airport,Changsha (Changsha),CN,28.1892,113.2200,yes,Asia/Shanghai
CSY,medium_airport,Cheboksary Airport,Cheboksary,RU,56.0903,47.3473,yes,Europe/Moscow
CSZ,small_airport,Brigadier D.H.E. Ruiz Airport,Coronel Suarez,AR,-37.4461,-61.8893,no,America/Argentina/Buenos_Aires
CTA,large_airport,Catania-Fontanarossa Airport,Catania,IT,37.4668,15.0664,yes,Europe/Rome
CTB,medium_airport,Cut Bank International Airport,Cut Bank,US,48.6087,-112.3782,no,America/Denver
CTC,medium_airport,Coronel Felipe Varela International Airport,Catamarca,AR,-28.5931,-65.7512,yes,America/Argentina/Catamarca
CTD,medium_airport,Alonso Valderrama Airport,Chitré,PA,7.9878,-80.4098,yes,America/Panama
CTE,small_airport,Cartí Airport,Cartí Islands,PA,9.4529,-78.9789,no,America/Panama
CTF,small_airport,Coatepeque Airport,Coatepeque,GT,14.6942,-91.8825,no,America/Guatemala
CTG,large_airport,Rafael Nuñez International Airport,Cartagena,CO,10.4424,-75.5130,yes,America/Bogota
CTH,small_airport,Chester County G O Carlson Airport,Coatesville,US,39.9790,-75.8655,no,America/New_York
CTI,small_airport,Cuito Cuanavale Airport,Cuito Cuanavale,AO,-15.1603,19.1561,no,Africa/Luanda
CTK,small_airport,Canton Municipal Airport,Canton,US,43.3088,-96.5712,no,America/Chicago
CTL,medium_airport,Charleville Airport,Charleville,AU,-26.4133,146.2620,yes,Australia/Brisbane
CTM,medium_airport,Chetumal International Airport,Chetumal,MX,18.5050,-88.3280,yes,America/Cancun
CTN,medium_airport,Cooktown Airport,,AU,-15.4436,145.1832,yes,Australia/Brisbane
CTO,small_airport,Calverton Executive Airpark,Calverton,US,40.9151,-72.7919,no,America/New_York
CTP,small_airport,Carutapera Airport,Carutapera,BR,-1.2254,-46.0191,no,America/Fortaleza
CTQ,small_airport,Santa Vitória do Palmar Airport,Santa Vitória do Palmar,BR,-33.5020,-53.3449,no,America/Sao_Paulo
CTR,small_airport,Cattle Creek Airport,,AU,-17.6070,131.5490,no,Australia/Darwin
CTS,large_airport,New Chitose Airport,Sapporo,JP,42.7748,141.6904,yes,Asia/Tokyo
CTT,medium_airport,Le Castellet Airport,"Le Castellet, Var",FR,43.2525,5.7852,no,Europe/Paris
CTU,large_airport,Chengdu Shuangliu International Airport,Chengdu (Shuangliu),CN,30.5583,103.9460,yes,Asia/Shanghai
CTV,small_airport,Catoca Airport,Saurimo,AO,-9.4314,20.3116,no,Africa/Luanda
CTW,small_airport,Cottonwood Airport,Cottonwood,US,34.7300,-112.0350,no,America/Phoenix
CTX,small_airport,Cortland County Chase Field,Cortland,US,42.5926,-76.2149,no,America/New_York
CTY,small_airport,Cross City Airport,Cross City,US,29.6355,-83.1048,no,America/New_York
CTZ,small_airport,Sampson County Airport,Clinton,US,34.9756,-78.3646,no,America/New_York
CUA,small_airport,Ciudad Constitución National Airport,Comondú,MX,25.0538,-111.6150,yes,America/Mazatlan
CUB,medium_airport,Jim Hamilton L.B. Owens Airport,Columbia,US,33.9705,-80.9952,no,America/New_York
CUC,medium_airport,Camilo Daza International Airport,Cúcuta,CO,7.9276,-72.5115,yes,America/Bogota
CUD,small_airport,Caloundra Airport,Caloundra,AU,-26.8034,153.1050,no,Australia/Brisbane
CUE,medium_airport,Mariscal Lamar Airport,Cuenca,EC,-2.8895,-78.9844,yes,America/Guayaquil
CUF,medium_airport,Cuneo International Airport,Levaldigi (CN),IT,44.5475,7.6230,yes,Europe/Rome
CUG,small_airport,Cudal Airport,,AU,-33.2780,148.7687,no,Australia/Sydney
CUH,small_airport,Cushing Municipal Airport,Cushing,US,35.9505,-96.7724,no,America/Chicago
CUI,small_airport,Currillo Airport,Currillo,CO,4.6667,-72.0000,no,America/Bogota
CUJ,small_airport,Culion Airport,Culion,PH,11.8553,119.9378,no,Asia/Manila
CUK,medium_airport,Caye Caulker Airport,Caye Caulker,BZ,17.7350,-88.0329,yes,America/Belize
CUL,large_airport,Bachigualato Federal International Airport,Culiacán,MX,24.7650,-107.4752,yes,America/Mazatlan
CUM,medium_airport,Antonio José de Sucre Airport,Cumaná,VE,10.4503,-64.1305,yes,America/Caracas
CUN,large_airport,Cancún International Airport,Cancún,MX,21.0408,-86.8735,yes,America/Cancun
CUO,small_airport,Carurú Airport,Carurú,CO,1.0138,-71.2973,no,America/Bogota
CUP,medium_airport,General Francisco Bermúdez Airport,Carúpano,VE,10.6600,-63.2617,yes,America/Caracas
CUQ,medium_airport,Coen Airport,Coen,AU,-13.7611,143.1133,yes,Australia/Brisbane
CUR,large_airport,Hato International Airport,Willemstad,CW,12.1889,-68.9598,yes,America/Curacao
CUS,small_airport,Columbus Airport,Columbus,US,31.8239,-107.6299,no,America/Denver
CUT,medium_airport,Cutral-Co Airport,Cutral-Co,AR,-38.9397,-69.2646,no,America/Argentina/Salta
CUU,large_airport,General Roberto Fierro Villalobos International Airport,Chihuahua,MX,28.7026,-105.9638,yes,America/Chihuahua
CUV,small_airport,Casigua El Cubo Airport,Casigua El Cubo,VE,8.7581,-72.5363,no,America/Caracas
CUY,small_airport,Cue Airport,,AU,-27.4507,117.9177,no,Australia/Perth
CUZ,large_airport,Alejandro Velasco Astete International Airport,Cusco,PE,-13.5357,-71.9388,yes,America/Lima
CVB,small_airport,Chungribu Airport,Chungribu,PG,-4.8066,144.7150,no,Pacific/Port_Moresby
CVC,medium_airport,Cleve Airport,,AU,-33.7097,136.5050,no,Australia/Adelaide
CVE,medium_airport,Coveñas Airport,Coveñas,CO,9.4009,-75.6913,no,America/Bogota
CVF,small_airport,Courchevel Altiport,Saint-Bon,FR,45.3975,6.6350,no,Europe/Paris
CVG,large_airport,Cincinnati Northern Kentucky International Airport,Cincinnati / Covington,US,39.0488,-84.6678,yes,America/New_York
CVH,small_airport,Caviahue Airport,Lafontaine,AR,-37.8514,-71.0092,no,America/Argentina/Salta
CVI,small_airport,Caleta Olivia Airport,Caleta Olivia,AR,-46.3743,-67.5941,no,America/Argentina/Rio_Gallegos
CVJ,medium_airport,General Mariano Matamoros International Airport,Temixco,MX,18.8339,-99.2618,no,America/Mexico_City
CVL,small_airport,Cape Vogel Airport,,PG,-9.6700,150.0197,no,Pacific/Port_Moresby
CVM,medium_airport,General Pedro Jose Mendez International Airport,Ciudad Victoria,MX,23.7033,-98.9565,yes,America/Monterrey
CVN,medium_airport,Clovis Municipal Airport,Clovis,US,34.4266,-103.0788,yes,America/Denver
CVO,medium_airport,Corvallis Municipal Airport,Corvallis,US,44.4972,-123.2900,no,America/Los_Angeles
CVQ,medium_airport,Carnarvon Airport,Carnarvon,AU,-24.8843,113.6664,yes,Australia/Perth
CVS,medium_airport,Cannon Air Force Base,Clovis,US,34.3828,-103.3220,no,America/Denver
CVU,small_airport,Corvo Airport,Corvo,PT,39.6715,-31.1136,yes,Atlantic/Azores
CWA,medium_airport,Central Wisconsin Airport,Mosinee,US,44.7774,-89.6702,yes,America/Chicago
CWB,large_airport,Curitiba-Afonso Pena International Airport,Curitiba,BR,-25.5285,-49.1758,yes,America/Sao_Paulo
CWC,medium_airport,Chernivtsi International Airport,Chernivtsi,UA,48.2593,25.9808,yes,Europe/Kyiv
CWF,small_airport,Chennault International Airport,Lake Charles,US,30.2106,-93.1432,no,America/Chicago
CWI,small_airport,Clinton Municipal Airport,Clinton,US,41.8311,-90.3291,no,America/Chicago
CWJ,medium_airport,Cangyuan Washan Airport,Lincang (Cangyuan),CN,23.2763,99.3732,yes,Asia/Shanghai
CWK,small_airport,Chitrakoot Airport,Chitrakoot,IN,25.1677,80.9358,no,Asia/Kolkata
CWL,large_airport,Cardiff International Airport,Cardiff,GB,51.3967,-3.3433,yes,Europe/London
CWR,small_airport,Cowarie Airport,,AU,-27.7117,138.3280,no,Australia/Adelaide
CWS,small_airport,Center Island Airport,Center Island,US,48.4900,-122.8316,yes,America/Los_Angeles
CWT,medium_airport,Cowra Airport,,AU,-33.8469,148.6480,no,Australia/Sydney
CWW,medium_airport,Corowa Airport,,AU,-35.9947,146.3570,no,Australia/Sydney
CWX,small_airport,Cochise County Airport,Willcox,US,32.2454,-109.8950,no,America/Phoenix
CXA,medium_airport,Caicara del Orinoco Airport,,VE,7.6255,-66.1628,no,America/Caracas
CXB,medium_airport,Cox's Bazar Airport,Cox's Bazar,BD,21.4575,91.9633,yes,Asia/Dhaka
CXC,small_airport,Chitina Airport,Chitina,US,61.5829,-144.4270,no,America/Anchorage
CXF,small_airport,Coldfoot Airport,Coldfoot,US,67.2522,-150.2040,no,America/Anchorage
CXI,large_airport,Cassidy International Airport,Kiritimati,KI,1.9863,-157.3500,yes,Pacific/Kiritimati
CXJ,medium_airport,Hugo Cantergiani Regional Airport,Caxias Do Sul,BR,-29.1972,-51.1876,yes,America/Sao_Paulo
CXL,small_airport,Calexico International Airport,Calexico,US,32.6695,-115.5130,no,America/Los_Angeles
CXN,small_airport,Candala Airport,Candala,SO,11.4956,49.9098,no,Africa/Mogadishu
CXO,medium_airport,Conroe-North Houston Regional Airport,Houston,US,30.3518,-95.4145,no,America/Chicago
CXP,medium_airport,Tunggul Wulung Airport,Cilacap,ID,-7.6451,109.0340,yes,Asia/Jakarta
CXQ,small_airport,Christmas Creek Station Airport,Wangkat Jungka,AU,-18.8728,125.9340,no,Australia/Perth
CXR,large_airport,Cam Ranh International Airport / Cam Ranh Air Base,Nha Trang/nha Trang aiurportCam Ranh,VN,11.9982,109.2190,yes,Asia/Ho_Chi_Minh
CXT,small_airport,Charters Towers Airport,,AU,-20.0431,146.2730,no,Australia/Brisbane
CXY,small_airport,Cat Cay Airport,North Cat Cay,BS,25.5544,-79.2754,no,America/Nassau
CYA,medium_airport,Antoine-Simon International Airport,Les Cayes,HT,18.2711,-73.7883,yes,America/Port-au-Prince
CYB,medium_airport,Charles Kirkconnell International Airport,West End,KY,19.6870,-79.8828,yes,America/Cayman
CYC,medium_airport,Caye Chapel Airport,Caye Chapel,BZ,17.6838,-88.0450,yes,America/Belize
CYD,small_airport,San Ignacio Town (Maya Flats) Airstrip,Maya Flats,BZ,17.1049,-89.1011,no,America/Belize
CYF,small_airport,Chefornak Airport,Chefornak,US,60.1367,-164.2792,yes,America/Nome
CYG,medium_airport,Corryong Airport,,AU,-36.1828,147.8880,no,Australia/Melbourne
CYI,medium_airport,Chiayi Airport,Shuishang,TW,23.4626,120.3905,yes,Asia/Taipei
CYL,small_airport,Coyoles Airport,Coyoles,HN,15.4456,-86.6753,no,America/Tegucigalpa
CYO,medium_airport,Vilo Acuña International Airport,Cayo Largo del Sur,CU,21.6165,-81.5460,yes,America/Havana
CYP,medium_airport,Calbayog Airport,Calbayog City,PH,12.0726,124.5451,yes,Asia/Manila
CYR,small_airport,Colonia Laguna de Los Patos International Airport,Colonia del Sacramento,UY,-34.4564,-57.7706,no,America/Montevideo
CYS,medium_airport,Cheyenne Regional Jerry Olson Field,Cheyenne,US,41.1557,-104.8120,yes,America/Denver
CYT,small_airport,Yakataga Airport,Yakataga,US,60.0810,-142.4945,yes,America/Anchorage
CYU,small_airport,Cuyo Airport,Cuyo,PH,10.8581,121.0690,yes,Asia/Manila
CYW,medium_airport,Captain Rogelio Castillo National Airport,Celaya,MX,20.5460,-100.8865,no,America/Mexico_City
CYX,medium_airport,Cherskiy Airport,Cherskiy,RU,68.7406,161.3380,yes,Asia/Srednekolymsk
CYZ,medium_airport,Cauayan Airport,Cauayan City,PH,16.9299,121.7530,yes,Asia/Manila
CZA,small_airport,Chichén Itzá International Airport,Tinúm,MX,20.6413,-88.4462,no,America/Merida
CZB,small_airport,Carlos Ruhl Airport,Cruz Alta,BR,-28.6579,-53.6101,no,America/Sao_Paulo
CZC,small_airport,Copper Center 2 Airport,Copper Center,US,61.9437,-145.2994,no,America/Anchorage
CZE,medium_airport,José Leonardo Chirinos Airport,Coro,VE,11.4149,-69.6809,yes,America/Caracas
CZF,medium_airport,Cape Romanzof LRRS Airport,Cape Romanzof,US,61.7803,-166.0390,no,America/Nome
CZH,medium_airport,Corozal Airport,Corozal,BZ,18.3822,-88.4119,yes,America/Belize
CZJ,small_airport,Corazón de Jesús Airport,Tupile,PA,9.4469,-78.5757,no,America/Panama
CZK,small_airport,Cascade Locks State Airport,Cascade Locks,US,45.6766,-121.8789,no,America/Los_Angeles
CZL,large_airport,Mohamed Boudiaf International Airport,Constantine,DZ,36.2760,6.6204,yes,Africa/Algiers
CZM,large_airport,Cozumel International Airport,Cozumel,MX,20.5149,-86.9285,yes,America/Cancun
CZN,small_airport,Chisana Airport,Chisana,US,62.0712,-142.0480,no,America/Anchorage
CZO,small_airport,Chistochina Airport,Chistochina,US,62.5635,-144.6690,no,America/Anchorage
CZR,small_airport,Chara Airport,Chara,RU,56.9144,118.2701,no,Asia/Chita
CZS,medium_airport,Cruzeiro do Sul Airport,Cruzeiro Do Sul,BR,-7.5999,-72.7695,yes,America/Rio_Branco
CZT,small_airport,Dimmit County Airport,Carrizo Springs,US,28.5222,-99.8236,no,America/Chicago
CZU,medium_airport,Las Brujas Airport,Corozal,CO,9.3327,-75.2856,yes,America/Bogota
CZX,medium_airport,Changzhou Benniu International Airport,Changzhou,CN,31.9205,119.7755,yes,Asia/Shanghai
CZY,small_airport,Cluny Airport,,AU,-24.5167,139.6170,no,Australia/Brisbane
DAA,medium_airport,Davison Army Air Field,Fort Belvoir,US,38.7150,-77.1810,no,America/New_York
DAB,medium_airport,Daytona Beach International Airport,Daytona Beach,US,29.1825,-81.0595,yes,America/New_York
DAC,large_airport,Hazrat Shahjalal International Airport,Dhaka,BD,23.8433,90.3978,yes,Asia/Dhaka
DAD,large_airport,Da Nang International Airport,Da Nang,VN,16.0439,108.1990,yes,Asia/Ho_Chi_Minh
DAF,small_airport,Daup Airport,,PG,-4.7403,145.9515,no,Pacific/Port_Moresby
DAG,medium_airport,Barstow Daggett Airport,Daggett,US,34.8537,-116.7870,no,America/Los_Angeles
DAH,small_airport,Dathina Airport,Dathina,YE,13.8669,46.1335,no,Asia/Aden
DAK,small_airport,Dakhla Oasis Airport,Dakhla Oases,EG,25.4112,29.0033,no,Africa/Cairo
DAL,large_airport,Dallas Love Field,Dallas,US,32.8448,-96.8477,yes,America/Chicago
DAM,large_airport,Damascus International Airport,Damascus,SY,33.4115,36.5156,yes,Asia/Damascus
DAN,medium_airport,Danville Regional Airport,Danville,US,36.5729,-79.3361,no,America/New_York
DAO,small_airport,Dabo Airport,,PG,-8.4319,147.8431,no,Pacific/Port_Moresby
DAP,small_airport,Darchula Airport,Darchula,NP,29.6686,80.5482,no,Asia/Kathmandu
DAR,large_airport,Julius Nyerere International Airport,Dar es Salaam,TZ,-6.8735,39.2073,yes,Africa/Dar_es_Salaam
DAS,small_airport,Great Bear Lake Airport,Great Bear Lake,CA,66.7031,-119.7168,no,America/Edmonton
DAT,large_airport,Datong Yungang International Airport,Datong,CN,40.0614,113.4805,yes,Asia/Shanghai
DAU,medium_airport,Daru Airport,Daru,PG,-9.0868,143.2080,yes,Pacific/Port_Moresby
DAV,medium_airport,Enrique Malek International Airport,David,PA,8.3890,-82.4364,yes,America/Panama
DAX,small_airport,Dachuan Airport,Dazhou (Daxian),CN,31.1302,107.4295,yes,Asia/Shanghai
DAY,medium_airport,James M. Cox Dayton International Airport,Dayton,US,39.9024,-84.2194,yes,America/New_York
DAZ,small_airport,Darwaz Airport,Darwaz,AF,38.4618,70.8816,no,Asia/Kabul
DBA,small_airport,Dalbandin Airport,Dalbandin,PK,28.8783,64.3998,yes,Asia/Karachi
DBB,large_airport,El Alamein International Airport,El Alamein,EG,30.9243,28.4616,yes,Africa/Cairo
DBC,medium_airport,Baicheng Chang'an Airport,Baicheng,CN,45.5053,123.0197,yes,Asia/Shanghai
DBD,medium_airport,Dhanbad Airport,,IN,23.8340,86.4253,no,Asia/Kolkata
DBM,small_airport,Debre Markos Airport,Debre Markos,ET,10.3215,37.7419,no,Africa/Addis_Ababa
DBN,small_airport,W H 'Bud' Barron Airport,Dublin,US,32.5644,-82.9853,no,America/New_York
DBO,medium_airport,Dubbo City Regional Airport,Dubbo,AU,-32.2167,148.5750,yes,Australia/Sydney
DBP,small_airport,Debepare Airport,Debepare,PG,-6.3086,141.9056,no,Pacific/Port_Moresby
DBQ,medium_airport,Dubuque Regional Airport,Dubuque,US,42.4020,-90.7095,yes,America/Chicago
DBR,medium_airport,Darbhanga Airport,Darbhanga,IN,26.1928,85.9169,yes,Asia/Kolkata
DBS,small_airport,Dubois Municipal Airport,Dubois,US,44.1621,-112.2206,no,America/Boise
DBT,small_airport,Debre Tabor Airport,Debre Tabor,ET,11.8848,38.0092,no,Africa/Addis_Ababa
DBV,large_airport,Dubrovnik Ruđer Bošković Airport,Dubrovnik,HR,42.5622,18.2655,yes,Europe/Zagreb
DBY,small_airport,Dalby Airport,,AU,-27.1585,151.2634,no,Australia/Brisbane
DCA,large_airport,Ronald Reagan Washington National Airport,Washington,US,38.8521,-77.0377,yes,America/New_York
DCF,medium_airport,Canefield Airport,Canefield,DM,15.3367,-61.3921,yes,America/Dominica
DCI,medium_airport,Decimomannu Air Base,Decimomannu,IT,39.3542,8.9725,no,Europe/Rome
DCK,small_airport,Dahl Creek Airport,Dahl Creek,US,66.9433,-156.9050,no,America/Anchorage
DCM,medium_airport,Castres Mazamet Airport,Castres,FR,43.5563,2.2892,yes,Europe/Paris
DCN,medium_airport,RAAF Base Curtin,Derby,AU,-17.5814,123.8283,no,Australia/Perth
DCT,medium_airport,Duncan Town Airport,Duncan Town,BS,22.1818,-75.7295,no,America/Nassau
DCU,small_airport,Pryor Field Regional Airport,Decatur,US,34.6527,-86.9454,no,America/Chicago
DCY,medium_airport,Daocheng Yading Airport,Garzê (Daocheng),CN,29.3163,100.0603,yes,Asia/Shanghai
DDC,medium_airport,Dodge City Regional Airport,Dodge City,US,37.7634,-99.9656,yes,America/Chicago
DDD,small_airport,Dhaalu Atoll Airport,Kudahuvadhoo,MV,2.6661,72.8871,no,Indian/Maldives
DDG,medium_airport,Dandong Langtou International Airport,Dandong (Zhenxing),CN,40.0255,124.2867,yes,Asia/Shanghai
DDM,small_airport,Dodoima Airport,,PG,-8.1774,147.8094,no,Pacific/Port_Moresby
DDN,small_airport,Delta Downs Airport,,AU,-16.9917,141.3170,no,Australia/Brisbane
DDR,medium_airport,Shigatse Tingri Airport,Xigazê (Dingri),CN,28.6046,86.7980,yes,Asia/Shanghai
DDU,small_airport,Dadu West Airport,Dadu,PK,26.7408,67.6666,no,Asia/Karachi
DEA,medium_airport,Dera Ghazi Khan Airport,Dera Ghazi Khan,PK,29.9610,70.4859,yes,Asia/Karachi
DEB,large_airport,Debrecen International Airport,Debrecen,HU,47.4895,21.6163,yes,Europe/Budapest
DEC,medium_airport,Decatur Airport,Decatur,US,39.8346,-88.8657,yes,America/Chicago
DED,medium_airport,Dehradun Jolly Grant Airport,Dehradun (Jauligrant),IN,30.1892,78.1767,yes,Asia/Kolkata
DEE,small_airport,Yuzhno-Kurilsk Mendeleyevo Airport,Yuzhno-Kurilsk,RU,43.9611,145.6850,yes,Asia/Magadan
DEF,medium_airport,Dezful Airport,Dezful,IR,32.4344,48.3976,yes,Asia/Tehran
DEH,small_airport,Decorah Municipal Airport,Decorah,US,43.2755,-91.7394,no,America/Chicago
DEI,small_airport,Denis Island Airport,Denis Island,SC,-3.8021,55.6674,no,Indian/Mahe
DEJ,medium_airport,Tongren Dejiang Airport (Under Construction),Tongren,CN,28.1210,108.1631,no,Asia/Shanghai
DEL,large_airport,Indira Gandhi International Airport,New Delhi,IN,28.5556,77.0952,yes,Asia/Kolkata
DEM,small_airport,Dembidollo Airport,Dembidollo,ET,8.5540,34.8580,yes,Africa/Addis_Ababa
DEN,large_airport,Denver International Airport,Denver,US,39.8600,-104.6738,yes,America/Denver
DEP,small_airport,Daporijo Airport,Daporijo,IN,27.9855,94.2228,no,Asia/Kolkata
DEQ,small_airport,Deqing Moganshan Airport,Huzhou,CN,30.5043,120.1074,no,Asia/Shanghai
DER,small_airport,Derim Airport,Derim,PG,-6.1447,147.1072,no,Pacific/Port_Moresby
DES,small_airport,Desroches Airport,Desroches Island,SC,-5.6967,53.6558,no,Indian/Mahe
DET,medium_airport,Coleman A. Young Municipal Airport,Detroit,US,42.4092,-83.0099,no,America/Detroit
DEX,small_airport,Nop Goliat Dekai Airport,Dekai,ID,-4.8557,139.4820,yes,Asia/Jayapura
DEZ,medium_airport,Deir ez-Zor Airport,Deir ez-Zor,SY,35.2854,40.1760,no,Asia/Damascus
DFA,small_airport,Shangluo Airport,Shangluo (Danfeng),CN,33.7085,110.2493,no,Asia/Shanghai
DFI,small_airport,Defiance Memorial Airport,Defiance,US,41.3375,-84.4288,no,America/New_York
DFP,small_airport,Drumduff Airport,Palmer,AU,-16.0521,143.0133,no,Australia/Brisbane
DFW,large_airport,Dallas Fort Worth International Airport,Dallas-Fort Worth,US,32.8968,-97.0380,yes,America/Chicago
DGA,medium_airport,Dangriga Airport,Dangriga,BZ,16.9825,-88.2310,yes,America/Belize
DGD,small_airport,Dalgaranga Gold Mine Airport,,AU,-27.8297,117.3164,no,Australia/Perth
DGE,medium_airport,Mudgee Airport,Mudgee,AU,-32.5648,149.6095,no,Australia/Sydney
DGF,small_airport,Douglas Lake Airport,Douglas Lake,CA,50.1655,-120.1713,no,America/Vancouver
DGH,small_airport,Deoghar Airport,Deoghar,IN,24.4468,86.7050,yes,Asia/Kolkata
DGL,small_airport,Douglas Municipal Airport,Douglas,US,31.3426,-109.5060,no,America/Phoenix
DGN,small_airport,Dahlgren Naval Surface Warfare Center Airport,Dahlgren,US,38.3325,-77.0372,no,America/New_York
DGO,medium_airport,General Guadalupe Victoria International Airport,Durango,MX,24.1255,-104.5279,yes,America/Monterrey
DGR,small_airport,Dargaville Aerodrome,Dargaville,NZ,-35.9393,173.8929,no,Pacific/Auckland
DGT,medium_airport,Sibulan Airport,Dumaguete City,PH,9.3342,123.3019,yes,Asia/Manila
DGU,small_airport,Dedougou Airport,Dedougou,BF,12.4590,-3.4900,no,Africa/Ouagadougou
DGW,small_airport,Converse County Airport,Douglas,US,42.7972,-105.3860,no,America/Denver
DHA,large_airport,King Abdulaziz Air Base,Dhahran,SA,26.2654,50.1520,no,Asia/Riyadh
DHD,small_airport,Durham Downs Airport,,AU,-27.0750,141.9000,no,Australia/Brisbane
DHF,medium_airport,Al Dhafra Air Base,,AE,24.2482,54.5477,no,Asia/Dubai
DHG,small_airport,Dalnegorsk Airport,Dalnegorsk,RU,44.5587,135.4900,no,Asia/Vladivostok
DHH,medium_airport,Barkol Dahe Airport,Barkol,CN,43.7565,93.1372,no,Asia/Shanghai
DHI,small_airport,Dhangarhi Airport,Dhangarhi,NP,28.7553,80.5834,no,Asia/Kathmandu
DHL,small_airport,Ad-Dali Airport,Ad-Dali,YE,13.7385,44.7272,no,Asia/Aden
DHM,medium_airport,Kangra Airport,Kangra,IN,32.1649,76.2630,yes,Asia/Kolkata
DHN,medium_airport,Dothan Regional Airport,Dothan,US,31.3213,-85.4496,yes,America/Chicago
DHR,medium_airport,De Kooy Airfield / Den Helder Naval Air Station,Den Helder,NL,52.9234,4.7806,no,Europe/Amsterdam
DHT,medium_airport,Dalhart Municipal Airport,Dalhart,US,36.0226,-102.5470,no,America/Chicago
DHX,medium_airport,Dhoho International Airport,Kediri,ID,-7.7495,111.9468,yes,Asia/Jakarta
DIA,large_airport,Doha International Airport,Doha,QA,25.2594,51.5655,yes,Asia/Qatar
DIB,medium_airport,Dibrugarh Airport,Dibrugarh,IN,27.4839,95.0169,yes,Asia/Kolkata
DIE,medium_airport,Arrachart Airport,Antisiranana,MG,-12.3494,49.2917,yes,Indian/Antananarivo
DIG,medium_airport,Diqing Shangri-La Airport,Diqing (Shangri-La),CN,27.7936,99.6772,yes,Asia/Shanghai
DIJ,medium_airport,Dijon Longvic airport,Dijon,FR,47.2689,5.0900,yes,Europe/Paris
DIK,medium_airport,Dickinson Theodore Roosevelt Regional Airport,Dickinson,US,46.7975,-102.8019,yes,America/Denver
DIL,large_airport,Presidente Nicolau Lobato International Airport,Dili,TL,-8.5466,125.5245,yes,Asia/Dili
DIM,small_airport,Dimbokro Airport,Dimbokro,CI,6.6517,-4.6406,no,Africa/Abidjan
DIN,medium_airport,Dien Bien Phu Airport,Dien Bien Phu,VN,21.3975,103.0080,yes,Asia/Bangkok
DIP,small_airport,Diapaga Airport,Diapaga,BF,12.0603,1.7846,no,Africa/Ouagadougou
DIQ,small_airport,Brigadeiro Cabral Airport,Divinópolis,BR,-20.1807,-44.8709,no,America/Sao_Paulo
DIR,large_airport,Aba Tenna Dejazmach Yilma International Airport,Dire Dawa,ET,9.6235,41.8550,yes,Africa/Addis_Ababa
DIS,medium_airport,Ngot Nzoungou Airport,Dolisie,CG,-4.2063,12.6599,no,Africa/Brazzaville
DIU,small_airport,Diu Airport,Diu,IN,20.7142,70.9219,yes,Asia/Kolkata
DIY,medium_airport,Diyarbakır Airport,Diyarbakır,TR,37.8939,40.2010,yes,Europe/Istanbul
DJA,small_airport,Djougou Airport,Djougou,BJ,9.6921,1.6378,no,Africa/Porto-Novo
DJB,small_airport,Sultan Thaha Airport,Jambi,ID,-1.6387,103.6451,yes,Asia/Jakarta
DJE,large_airport,Djerba Zarzis International Airport,Mellita,TN,33.8737,10.7773,yes,Africa/Tunis
DJG,large_airport,Tiska Djanet Airport,Djanet,DZ,24.2854,9.4637,yes,Africa/Algiers
DJJ,large_airport,Dortheys Hiyo Eluay International Airport,Sentani,ID,-2.5796,140.5199,yes,Asia/Jayapura
DJM,small_airport,Djambala Airport,Djambala,CG,-2.5169,14.7544,no,Africa/Brazzaville
DJN,small_airport,Delta Junction Airport,Delta Junction,US,64.0499,-145.7227,no,America/Anchorage
DJO,medium_airport,Daloa Airport,,CI,6.7928,-6.4732,no,Africa/Abidjan
DJR,small_airport,Dajarra Airport,,AU,-21.7083,139.5330,no,Australia/Brisbane
DJU,small_airport,Djúpivogur Airport,Djúpivogur,IS,64.6424,-14.2773,no,Atlantic/Reykjavik
DKA,medium_airport,Umaru Musa Yar'adua Airport,Katsina,NG,13.0078,7.6604,yes,Africa/Lagos
DKI,small_airport,Dunk Island Airport,Dunk Island,AU,-17.9391,146.1414,no,Australia/Brisbane
DKK,small_airport,Chautauqua County-Dunkirk Airport,Dunkirk,US,42.4925,-79.2731,no,America/New_York
DKR,large_airport,Léopold Sédar Senghor International Airport,Dakar,SN,14.7423,-17.4792,yes,Africa/Dakar
DKS,medium_airport,Dikson Airport,Dikson,RU,73.5178,80.3797,no,Asia/Krasnoyarsk
DKV,small_airport,Docker River Airport,Kaltukatjara,AU,-24.8595,129.1222,no,Australia/Darwin
DLA,large_airport,Douala International Airport,Douala,CM,4.0061,9.7195,yes,Africa/Douala
DLC,large_airport,Dalian Zhoushuizi International Airport,Dalian (Ganjingzi),CN,38.9657,121.5385,yes,Asia/Shanghai
DLE,medium_airport,Dole Tavaux Airport,Dole,FR,47.0390,5.4276,yes,Europe/Paris
DLF,medium_airport,Laughlin Air Force Base,Del Rio,US,29.3595,-100.7780,no,America/Chicago
DLG,medium_airport,Dillingham Airport,Dillingham,US,59.0447,-158.5050,yes,America/Anchorage
DLH,medium_airport,Duluth International Airport,Duluth,US,46.8419,-92.1987,yes,America/Chicago
DLI,medium_airport,Lien Khuong Airport,Da Lat,VN,11.7506,108.3670,yes,Asia/Ho_Chi_Minh
DLK,small_airport,Dulkaninna Airport,Dulkaninna,AU,-29.0133,138.4810,no,Australia/Adelaide
DLL,small_airport,Dillon County Airport,Dillon,US,34.4491,-79.3686,no,America/New_York
DLM,large_airport,Dalaman International Airport,Dalaman,TR,36.7131,28.7925,yes,Europe/Istanbul
DLN,small_airport,Dillon Airport,Dillon,US,45.2554,-112.5530,no,America/Denver
DLR,small_airport,Dalnerechensk Airport,Dalnerechensk,RU,45.8799,133.7376,yes,Asia/Vladivostok
DLS,medium_airport,Columbia Gorge Regional Airport,Dallesport / The Dalles,US,45.6210,-121.1708,no,America/Los_Angeles
DLU,medium_airport,Dali Fengyi Airport,Dali (Xiaguan),CN,25.6494,100.3190,yes,Asia/Shanghai
DLV,small_airport,Delissaville Airport,,AU,-12.5500,130.6850,no,Australia/Darwin
DLY,small_airport,Dillon's Bay Airport,Dillon's Bay,VU,-18.7694,169.0010,no,Pacific/Efate
DLZ,medium_airport,Dalanzadgad Airport,Dalanzadgad,MN,43.6086,104.3677,yes,Asia/Ulaanbaatar
DMA,medium_airport,Davis Monthan Air Force Base,Tucson,US,32.1665,-110.8830,no,America/Phoenix
DMB,large_airport,Taraz International Airport,Taraz,KZ,42.8536,71.3036,yes,Asia/Almaty
DMD,small_airport,Doomadgee Airport,,AU,-17.9403,138.8220,yes,Australia/Brisbane
DME,large_airport,Domodedovo International Airport,Moscow,RU,55.4088,37.9063,yes,Europe/Moscow
DMK,large_airport,Don Mueang International Airport,Bangkok,TH,13.9126,100.6070,yes,Asia/Bangkok
DMM,large_airport,King Fahd International Airport,Ad Dammam,SA,26.4691,49.7982,yes,Asia/Riyadh
DMN,medium_airport,Deming Municipal Airport,Deming,US,32.2623,-107.7210,no,America/Denver
DMO,small_airport,Sedalia Memorial Airport,Sedalia,US,38.7074,-93.1759,no,America/Chicago
DMT,small_airport,Diamantino Airport,Diamantino,BR,-14.3769,-56.4004,no,America/Cuiaba
DMU,medium_airport,Dimapur Airport,Dimapur,IN,25.8839,93.7711,yes,Asia/Kolkata
DNA,large_airport,Kadena Air Base,Okinawa,JP,26.3517,127.7694,no,Asia/Tokyo
DNB,small_airport,Dunbar Airport,Maramie,AU,-16.0474,142.3944,no,Australia/Brisbane
DND,medium_airport,Dundee Airport,Dundee,GB,56.4525,-3.0258,yes,Europe/London
DNF,small_airport,Martuba Air Base,Martuba,LY,32.5420,22.7450,no,Africa/Tripoli
DNG,small_airport,Doongan Airport,Drysdale River,AU,-15.3864,126.3022,no,Australia/Perth
DNH,large_airport,Dunhuang Mogao International Airport,Dunhuang,CN,40.1620,94.8128,yes,Asia/Shanghai
DNK,medium_airport,Dnipro International Airport,Dnipro,UA,48.3572,35.1006,yes,Europe/Kyiv
DNL,medium_airport,Daniel Field,Augusta,US,33.4665,-82.0394,no,America/New_York
DNN,small_airport,Dalton Municipal Airport,Dalton,US,34.7229,-84.8702,no,America/New_York
DNO,small_airport,Dianópolis Airport,Dianópolis,BR,-11.5954,-46.8467,no,America/Araguaina
DNP,small_airport,Tulsipur Airport,Dang,NP,28.1111,82.2942,no,Asia/Kathmandu
DNQ,medium_airport,Deniliquin Airport,Deniliquin,AU,-35.5594,144.9460,no,Australia/Sydney
DNR,medium_airport,Dinard Pleurtuit Saint-Malo airport,Dinard,FR,48.5877,-2.0800,yes,Europe/Paris
DNS,small_airport,Denison Municipal Airport,Denison,US,41.9864,-95.3807,no,America/Chicago
DNU,small_airport,Dinangat Airport,Dinangat,PG,-6.1546,146.6772,no,Pacific/Port_Moresby
DNV,small_airport,Vermilion Regional Airport,Danville,US,40.1991,-87.5966,no,America/Chicago
DNX,small_airport,Galegu Airport,Dinder,SD,12.5330,35.0670,no,Africa/Khartoum
DNZ,medium_airport,Çardak Airport,Denizli,TR,37.7856,29.7013,yes,Europe/Istanbul
DOA,small_airport,Doany Airport,Doany,MG,-14.3681,49.5108,no,Indian/Antananarivo
DOB,small_airport,Rar Gwamar Airport,Dobo-Warmar Island,ID,-5.7737,134.2092,no,Asia/Jayapura
DOD,medium_airport,Dodoma Airport,Dodoma,TZ,-6.1706,35.7560,yes,Africa/Dar_es_Salaam
DOE,small_airport,Djumu-Djomoe Airport,Djumu-Djomoe,SR,4.0057,-55.4816,no,America/Paramaribo
DOG,medium_airport,Dongola Airport,Dongola,SD,19.1537,30.4301,yes,Africa/Khartoum
DOH,large_airport,Hamad International Airport,Doha,QA,25.2731,51.6081,yes,Asia/Qatar
DOI,small_airport,Doini Airport,Castori Islets,PG,-10.7009,150.7218,no,Pacific/Port_Moresby
DOL,medium_airport,Deauville Normandie airport,Deauville,FR,49.3652,0.1545,yes,Europe/Paris
DOM,medium_airport,Douglas-Charles Airport,Marigot,DM,15.5467,-61.3011,yes,America/Dominica
DON,small_airport,Dos Lagunas Airport,Dos Lagunas,GT,17.6124,-89.6884,no,America/Guatemala
DOO,small_airport,Dorobisoro Airport,Dorobisoro,PG,-9.4619,147.9209,no,Pacific/Port_Moresby
DOP,small_airport,Dolpa Airport,Dolpa,NP,28.9857,82.8187,yes,Asia/Kathmandu
DOR,small_airport,Dori Airport,Dori,BF,14.0216,-0.0682,no,Africa/Ouagadougou
DOU,small_airport,Dourados Airport,Dourados,BR,-22.2019,-54.9266,no,America/Campo_Grande
DOV,medium_airport,Dover Civil Air Terminal/Dover Air Force Base,Dover,US,39.1295,-75.4660,yes,America/New_York
DOX,small_airport,Dongara Airport,Port Denison,AU,-29.2981,114.9273,no,Australia/Perth
DOY,medium_airport,Dongying Shengli Airport,Dongying (Kenli),CN,37.5014,118.7899,yes,Asia/Shanghai
DPA,medium_airport,Dupage Airport,Chicago/West Chicago,US,41.9078,-88.2486,no,America/Chicago
DPB,small_airport,Pampa Guanaco Airport,Bahia Inutil,CL,-54.0500,-68.8092,no,America/Punta_Arenas
DPE,small_airport,Dieppe-Saint-Aubin Airport,Saint-Aubin-sur-Scie,FR,49.8847,1.0810,no,Europe/Paris
DPG,small_airport,Michael AAF (Dugway Proving Ground) Airport,Dugway Proving Ground,US,40.1974,-112.9351,no,America/Denver
DPL,medium_airport,Dipolog Airport,Dipolog,PH,8.6020,123.3419,yes,Asia/Manila
DPO,medium_airport,Devonport Airport,Devonport,AU,-41.1697,146.4300,yes,Australia/Hobart
DPS,large_airport,Denpasar I Gusti Ngurah Rai International Airport,"Kuta, Badung",ID,-8.7484,115.1671,yes,Asia/Makassar
DPT,small_airport,Deputatskiy Airport,Deputatskiy,RU,69.3925,139.8900,yes,Asia/Vladivostok
DQA,small_airport,Daqing Sartu Airport,Daqing,CN,46.7509,125.1386,yes,Asia/Shanghai
DQM,large_airport,Duqm International Airport,Duqm,OM,19.5019,57.6342,yes,Asia/Muscat
DRA,medium_airport,Desert Rock Airport,Mercury,US,36.6194,-116.0330,no,America/Los_Angeles
DRB,medium_airport,Derby Airport,Derby,AU,-17.3719,123.6622,no,Australia/Perth
DRC,small_airport,Dirico Airport,Dirico,AO,-17.9819,20.7681,no,Africa/Luanda
DRD,small_airport,Dorunda Airport,Dorunda Outstation,AU,-16.5537,141.8238,no,Australia/Brisbane
DRE,small_airport,Drummond Island Airport,Drummond Island,US,46.0093,-83.7439,no,America/Detroit
DRF,small_airport,Drift River Airport,Kenai,US,60.5889,-152.1620,no,America/Anchorage
DRG,medium_airport,Deering Airport,Deering,US,66.0689,-162.7669,yes,America/Nome
DRH,small_airport,Dabra Airport,Dabra,ID,-3.2706,138.6134,no,Asia/Jayapura
DRI,medium_airport,Beauregard Regional Airport,DeRidder,US,30.8317,-93.3399,no,America/Chicago
DRJ,small_airport,Drietabbetje Airport,Drietabbetje,SR,4.1114,-54.6728,yes,America/Paramaribo
DRK,small_airport,Drake Bay Airport,Puntarenas,CR,8.7189,-83.6417,no,America/Costa_Rica
DRN,medium_airport,Dirranbandi Airport,,AU,-28.5879,148.2172,no,Australia/Brisbane
DRO,medium_airport,Durango La Plata County Airport,Durango,US,37.1515,-107.7540,yes,America/Denver
DRP,large_airport,Bicol International Airport,Legazpi,PH,13.1119,123.6768,yes,Asia/Manila
DRR,small_airport,Durrie Airport,,AU,-25.6850,140.2280,no,Australia/Brisbane
DRS,large_airport,Dresden Airport,Dresden,DE,51.1341,13.7678,yes,Europe/Berlin
DRT,medium_airport,Del Rio International Airport,Del Rio,US,29.3742,-100.9270,no,America/Chicago
DRU,small_airport,Drummond Airport,Drummond,US,46.6216,-113.2018,no,America/Denver
DRV,small_airport,Dharavandhoo Airport,Baa Atoll,MV,5.1561,73.1302,yes,Indian/Maldives
DRW,large_airport,Darwin International Airport / RAAF Darwin,Darwin,AU,-12.4150,130.8818,yes,Australia/Darwin
DRY,small_airport,Drysdale River Airport,Drysdale River,AU,-15.7136,126.3811,no,Australia/Perth
DSC,small_airport,Dschang Airport,Dschang,CM,5.4500,10.0670,no,Africa/Douala
DSD,small_airport,La Désirade Airport,Grande Anse,GP,16.2969,-61.0844,yes,America/Guadeloupe
DSE,small_airport,Kombolcha Airport,Dessie,ET,11.1098,39.7259,yes,Africa/Addis_Ababa
DSG,small_airport,Dilasag Airport,Dilasag,PH,16.4458,122.2068,no,Asia/Manila
DSI,medium_airport,Destin Executive Airport,Destin,US,30.4001,-86.4715,yes,America/Chicago
DSK,medium_airport,Dera Ismael Khan Airport [IN-ACTIVE],Dera Ismael Khan,PK,31.9094,70.8966,no,Asia/Karachi
DSM,large_airport,Des Moines International Airport,Des Moines,US,41.5340,-93.6567,yes,America/Chicago
DSN,large_airport,Ordos Ejin Horo International Airport,Ordos,CN,39.4935,109.8599,yes,Asia/Shanghai
DSO,medium_airport,Sondok Airport,Sŏndŏng-ni,KP,39.7452,127.4740,yes,Asia/Pyongyang
DSS,large_airport,Blaise Diagne International Airport,Dakar,SN,14.6709,-17.0728,yes,Africa/Dakar
DSV,small_airport,Dansville Municipal Airport,Dansville,US,42.5705,-77.7133,no,America/New_York
DSX,small_airport,Dongsha Island (Pratas Island) Airport,Kaohsiung (Cijin - Pratas Island),TW,20.7066,116.7210,no,Asia/Taipei
DSY,large_airport,Dara Sakor International Airport,Ta Noun,KH,10.9142,103.2267,yes,Asia/Phnom_Penh
DTA,small_airport,Delta Municipal Airport,Delta,US,39.3806,-112.5080,no,America/Denver
DTB,small_airport,Silangit Airport,Siborong-Borong,ID,2.2597,98.9919,yes,Asia/Jakarta
DTD,small_airport,Datadawai Airport,Datadawai-Borneo Island,ID,0.8070,114.5291,yes,Asia/Makassar
DTE,medium_airport,Daet Airport,Daet,PH,14.1292,122.9800,no,Asia/Manila
DTH,small_airport,Furnace Creek Airport,Death Valley,US,36.4638,-116.8810,no,America/Los_Angeles
DTI,small_airport,Diamantina Airport,Diamantina,BR,-18.2320,-43.6504,no,America/Sao_Paulo
DTL,small_airport,Detroit Lakes Airport,Detroit Lakes,US,46.8243,-95.8833,no,America/Chicago
DTM,large_airport,Dortmund Airport,Dortmund,DE,51.5183,7.6122,yes,Europe/Berlin
DTN,small_airport,Shreveport Downtown Airport,Shreveport,US,32.5402,-93.7450,no,America/Chicago
DTR,small_airport,Decatur Shores Airport,Decatur,US,48.5002,-122.8140,yes,America/Los_Angeles
DTU,medium_airport,Wudalianchi Dedu Airport,Heihe,CN,48.4410,126.1284,yes,Asia/Shanghai
DTW,large_airport,Detroit Metropolitan Wayne County Airport,Detroit,US,42.2138,-83.3538,yes,America/Detroit
DTX,small_airport,McKinney National Airport,Dallas,US,33.1779,-96.5905,no,America/Chicago
DUA,medium_airport,Durant Regional Airport - Eaker Field,Durant,US,33.9397,-96.3951,no,America/Chicago
DUB,large_airport,Dublin Airport,Dublin,IE,53.4287,-6.2621,yes,Europe/Dublin
DUC,small_airport,Halliburton Field,Duncan,US,34.4709,-97.9599,no,America/Chicago
DUD,medium_airport,Dunedin International Airport,Dunedin,NZ,-45.9290,170.1978,yes,Pacific/Auckland
DUE,medium_airport,Dundo Airport,Chitato,AO,-7.4009,20.8185,yes,Africa/Luanda
DUF,small_airport,Pine Island Airport,Corolla,US,36.2527,-75.7853,no,America/New_York
DUG,medium_airport,Bisbee Douglas International Airport,Douglas Bisbee,US,31.4641,-109.6046,no,America/Phoenix
DUJ,medium_airport,DuBois Regional Airport,Dubois,US,41.1783,-78.8987,yes,America/New_York
DUK,small_airport,Mubatuba Airport,Mubatuba,ZA,-28.3684,32.2481,no,Africa/Johannesburg
DUM,medium_airport,Pinang Kampai Airport,Dumai,ID,1.6090,101.4335,yes,Asia/Jakarta
DUQ,small_airport,Duncan Airport,Duncan,CA,48.7545,-123.7097,no,America/Vancouver
DUR,large_airport,King Shaka International Airport,Durban,ZA,-29.6144,31.1197,yes,Africa/Johannesburg
DUS,large_airport,Düsseldorf Airport,Düsseldorf,DE,51.2895,6.7668,yes,Europe/Berlin
DUT,medium_airport,Tom Madsen (Dutch Harbor) Airport,Unalaska,US,53.8988,-166.5450,yes,America/Nome
DVD,small_airport,Andavadoaka Airport,Andavadoaka,MG,-22.0661,43.2596,no,Indian/Antananarivo
DVK,small_airport,Diavik Airport,Diavik,CA,64.5114,-110.2890,no,America/Edmonton
DVL,medium_airport,Devils Lake Regional Airport,Devils Lake,US,48.1155,-98.9088,yes,America/Chicago
DVN,small_airport,Davenport Municipal Airport,Davenport,US,41.6104,-90.5897,no,America/Chicago
DVO,large_airport,Francisco Bangoy International Airport,Davao,PH,7.1255,125.6460,yes,Asia/Manila
DVP,small_airport,Davenport Downs Airport,,AU,-24.1500,141.1080,no,Australia/Brisbane
DVR,small_airport,Daly River Airport,Nauiyu,AU,-13.7498,130.6939,no,Australia/Darwin
DVT,small_airport,Phoenix Deer Valley Airport,Phoenix,US,33.6883,-112.0830,no,America/Phoenix
DWA,medium_airport,Dwangwa Airport,Dwangwa,MW,-12.5175,34.1319,no,Africa/Blantyre
DWB,small_airport,Soalala Airport,Soalala,MG,-16.1017,45.3588,yes,Indian/Antananarivo
DWC,large_airport,Al Maktoum International Airport,Dubai(Jebel Ali),AE,24.8962,55.1624,yes,Asia/Dubai
DWD,medium_airport,Dawadmi Domestic Airport,Dawadmi,SA,24.4499,44.1212,yes,Asia/Riyadh
DWH,small_airport,David Wayne Hooks Memorial Airport,Houston,US,30.0618,-95.5528,no,America/Chicago
DWR,small_airport,Dwyer Airport,Reg,AF,31.0913,64.0661,no,Asia/Kabul
DWS,small_airport,Morin Dawa Banner Airport,Hulunbuir,CN,48.3875,124.4313,no,Asia/Shanghai
DXB,large_airport,Dubai International Airport,Dubai,AE,25.2498,55.3710,yes,Asia/Dubai
DXD,small_airport,Dixie Airport,New Dixie,AU,-15.1175,143.3160,no,Australia/Brisbane
DXE,small_airport,Bruce Campbell Field,Madison,US,32.4387,-90.1031,no,America/Chicago
DXJ,small_airport,Xiangxi Biancheng Airport,Xiangxi,CN,28.4972,109.5218,yes,Asia/Shanghai
DXN,large_airport,Noida International Airport,Gautam Buddha Nagar,IN,28.1799,77.6118,yes,Asia/Kolkata
DXR,medium_airport,Danbury Municipal Airport,Danbury,US,41.3717,-73.4822,no,America/New_York
DYA,medium_airport,Dysart Airport,,AU,-22.6222,148.3640,no,Australia/Brisbane
DYG,large_airport,Zhangjiajie Hehua International Airport,Zhangjiajie (Yongding),CN,29.1047,110.4428,yes,Asia/Shanghai
DYL,small_airport,Doylestown Airport,Doylestown,US,40.3330,-75.1223,no,America/New_York
DYM,small_airport,Diamantina Lakes Airport,Diamantina Lakes,AU,-23.7617,141.1450,no,Australia/Brisbane
DYR,medium_airport,Ugolny Yuri Ryktheu Airport,Anadyr,RU,64.7349,177.7410,yes,Asia/Anadyr
DYS,medium_airport,Dyess Air Force Base,Abilene,US,32.4208,-99.8546,no,America/Chicago
DYU,large_airport,Dushanbe International Airport,Dushanbe,TJ,38.5437,68.8230,yes,Asia/Dushanbe
DYW,small_airport,Daly Waters Airport,Daly Waters,AU,-16.2647,133.3834,no,Australia/Darwin
DZA,large_airport,Dzaoudzi Pamandzi International Airport,Dzaoudzi,YT,-12.8093,45.2818,yes,Indian/Mayotte
DZH,medium_airport,Dazhou Jinya Airport,Dazhou (Dachuan),CN,31.0488,107.4356,yes,Asia/Shanghai
DZI,small_airport,Las Flores Airport,Codazzi,CO,10.0966,-73.2337,no,America/Bogota
DZN,large_airport,Zhezkazgan National Airport,Zhezkazgan,KZ,47.7090,67.7381,yes,Asia/Almaty
DZO,medium_airport,Santa Bernardina International Airport,Durazno,UY,-33.3589,-56.4992,no,America/Montevideo
DZU,small_airport,Dazu Air Base,Dazu,CN,29.6362,105.7736,no,Asia/Shanghai
EAA,small_airport,Eagle Airport,Eagle,US,64.7780,-141.1505,yes,America/Anchorage
EAB,small_airport,Abs Airport,Abs,YE,16.0110,43.1768,no,Asia/Aden
EAE,small_airport,Siwo Airport,Emae Island,VU,-17.0903,168.3430,no,Pacific/Efate
EAL,small_airport,Elenak Airport,Mejato Island,MH,9.3193,166.8478,no,Pacific/Kwajalein
EAM,medium_airport,Najran Domestic Airport,Najran,SA,17.6114,44.4192,yes,Asia/Riyadh
EAN,small_airport,Phifer Airfield,Wheatland,US,42.0555,-104.9290,no,America/Denver
EAR,medium_airport,Kearney Regional Airport,Kearney,US,40.7270,-99.0068,yes,America/Chicago
EAS,medium_airport,San Sebastián Airport,Hondarribia,ES,43.3565,-1.7906,yes,Europe/Madrid
EAT,medium_airport,Pangborn Memorial Airport,Wenatchee,US,47.3989,-120.2070,yes,America/Los_Angeles
EAU,medium_airport,Chippewa Valley Regional Airport,Eau Claire,US,44.8658,-91.4843,yes,America/Chicago
EAX,small_airport,Eduard Alexander Gummels Airport,Kwatta,SR,5.8638,-55.1895,yes,America/Paramaribo
EBA,medium_airport,Marina di Campo Airport,Campo nell'Elba (LI),IT,42.7609,10.2398,yes,Europe/Rome
EBB,large_airport,Entebbe International Airport,Entebbe,UG,0.0424,32.4435,yes,Africa/Kampala
EBD,medium_airport,El-Obeid Airport,El-Obeid,SD,13.1532,30.2327,yes,Africa/Khartoum
EBG,medium_airport,El Bagre Airport,El Bagre,CO,7.5965,-74.8089,no,America/Bogota
EBH,small_airport,El Bayadh Airport,El Bayadh,DZ,33.7217,1.0925,no,Africa/Algiers
EBJ,medium_airport,Esbjerg Airport,Esbjerg,DK,55.5259,8.5534,yes,Europe/Copenhagen
EBL,large_airport,Erbil International Airport,Arbil,IQ,36.2360,43.9466,yes,Asia/Baghdad
EBM,medium_airport,El Borma Airport,El Borma,TN,31.7043,9.2546,no,Africa/Tunis
EBN,small_airport,Ebadon Airport,Ebadon Island,MH,9.3306,166.8200,no,Pacific/Kwajalein
EBO,small_airport,Ebon Airport,Ebon Atoll,MH,4.5982,168.7520,no,Pacific/Majuro
EBS,small_airport,Webster City Municipal Airport,Webster City,US,42.4368,-93.8699,no,America/Chicago
EBU,medium_airport,Saint-Étienne-Bouthéon Airport,"Andrézieux-Bouthéon, Loire",FR,45.5406,4.2964,no,Europe/Paris
EBW,small_airport,Ebolowa Airport,Ebolowa,CM,2.8760,11.1850,no,Africa/Douala
ECA,small_airport,Iosco County Airport,East Tawas,US,44.3128,-83.4223,no,America/Detroit
ECG,medium_airport,Elizabeth City Regional Airport & Coast Guard Air Station,Elizabeth City,US,36.2606,-76.1746,no,America/New_York
ECH,medium_airport,Echuca Airport,,AU,-36.1572,144.7620,no,Australia/Melbourne
ECI,small_airport,Costa Esmeralda Airport,Tola,NI,11.4275,-86.0334,no,America/Managua
ECN,large_airport,Ercan International Airport,Tymbou (Kirklar),CY,35.1531,33.5074,yes,Asia/Famagusta
ECO,small_airport,El Encanto Airport,El Encanto,CO,-1.7533,-73.2047,no,America/Bogota
ECP,medium_airport,Northwest Florida Beaches International Airport,Panama City Beach,US,30.3571,-85.7954,yes,America/Chicago
ECR,small_airport,El Charco Airport,El Charco,CO,2.4494,-78.0942,no,America/Bogota
ECS,small_airport,Mondell Field,Newcastle,US,43.8838,-104.3142,no,America/Denver
EDB,small_airport,Al Dabbah Airport,Al Dabbah,SD,18.0146,30.9595,no,Africa/Khartoum
EDD,small_airport,Erldunda Airport,Ghan,AU,-25.2061,133.2542,no,Australia/Darwin
EDE,small_airport,Northeastern Regional Airport,Edenton,US,36.0277,-76.5671,no,America/New_York
EDF,medium_airport,Elmendorf Air Force Base,Anchorage,US,61.2517,-149.8071,no,America/Anchorage
EDI,large_airport,Edinburgh Airport,Edinburgh,GB,55.9501,-3.3723,yes,Europe/London
EDK,small_airport,Captain Jack Thomas El Dorado Airport,El Dorado,US,37.7741,-96.8176,no,America/Chicago
EDL,large_airport,Eldoret International Airport,Eldoret,KE,0.4045,35.2389,yes,Africa/Nairobi
EDM,medium_airport,La Roche-sur-Yon Les Ajoncs Airport,La Roche-sur-Yon,FR,46.7019,-1.3786,no,Europe/Paris
EDN,small_airport,Yedinka Airport,Yedinka,RU,47.1782,138.6574,no,Asia/Vladivostok
EDO,large_airport,Balıkesir Koca Seyit Airport,Edremit,TR,39.5525,27.0102,yes,Europe/Istanbul
EDQ,small_airport,Erandique Airport,Erandique,HN,14.2358,-88.4372,no,America/Tegucigalpa
EDR,small_airport,Pormpuraaw Airport,Pormpuraaw,AU,-14.8965,141.6091,yes,Australia/Brisbane
EDW,medium_airport,Edwards Air Force Base,Edwards,US,34.9108,-117.8864,no,America/Los_Angeles
EEA,medium_airport,Planalto Serrano Regional Airport,Correia Pinto,BR,-27.6341,-50.3583,no,America/Sao_Paulo
EED,medium_airport,Needles Airport,Needles,US,34.7663,-114.6230,no,America/Los_Angeles
EEK,small_airport,Eek Airport,Eek,US,60.2132,-162.0440,yes,America/Nome
EEN,medium_airport,Dillant Hopkins Airport,Keene,US,42.8984,-72.2708,no,America/New_York
EES,large_airport,Berenice International Airport / Banas Cape Air Base,Berenice Troglodytica,EG,23.9804,35.4603,no,Africa/Cairo
EFD,medium_airport,Ellington Airport,Houston,US,29.6073,-95.1588,no,America/Chicago
EFG,small_airport,Efogi Airport,Efogi,PG,-9.1538,147.6598,no,Pacific/Port_Moresby
EFK,small_airport,Northeast Kingdom International Airport,Newport,US,44.8888,-72.2292,no,America/New_York
EFL,medium_airport,Kefallinia Airport,Kefallinia Island,GR,38.1201,20.5005,yes,Europe/Athens
EFW,small_airport,Jefferson Municipal Airport,Jefferson,US,42.0099,-94.3417,no,America/Chicago
EGA,small_airport,Engati Airstrip,Engati,PG,-6.9179,146.1053,no,Pacific/Port_Moresby
EGC,medium_airport,Bergerac Dordogne-Périgord airport,Bergerac,FR,44.8253,0.5186,yes,Europe/Paris
EGE,medium_airport,Eagle County Regional Airport,Eagle,US,39.6426,-106.9180,yes,America/Denver
EGH,medium_airport,El Jora Airport,El Jora,EG,31.0781,34.1531,no,Africa/Cairo
EGI,medium_airport,Duke Field,Crestview,US,30.6504,-86.5229,no,America/Chicago
EGL,small_airport,Negele Airport,Negele Borana,ET,5.2897,39.7023,no,Africa/Addis_Ababa
EGM,small_airport,Sege Airport,Sege,SB,-8.5789,157.8760,no,Pacific/Guadalcanal
EGN,small_airport,Geneina Airport,Geneina,SD,13.4819,22.4671,no,Africa/Khartoum
EGO,medium_airport,Belgorod International Airport,Belgorod,RU,50.6438,36.5901,yes,Europe/Moscow
EGP,small_airport,Maverick County Memorial International Airport,Eagle Pass,US,28.8598,-100.5167,no,America/Chicago
EGS,medium_airport,Egilsstaðir Airport,Egilsstaðir,IS,65.2833,-14.4014,yes,Atlantic/Reykjavik
EGV,small_airport,Eagle River Union Airport,Eagle River,US,45.9323,-89.2683,no,America/Chicago
EGX,medium_airport,Egegik Airport,Egegik,US,58.1844,-157.3749,yes,America/Anchorage
EHL,medium_airport,El Bolsón Airfield,El Bolsón,AR,-41.9432,-71.5323,no,America/Argentina/Salta
EHM,medium_airport,Cape Newenham LRRS Airport,Cape Newenham,US,58.6464,-162.0630,no,America/Nome
EHU,large_airport,Ezhou Huahu International Airport,Ezhou,CN,30.3412,115.0393,yes,Asia/Shanghai
EIB,medium_airport,Eisenach-Kindel Airport,Hörselberg-Hainich,DE,50.9916,10.4797,no,Europe/Berlin
EIE,medium_airport,Yeniseysk Airport,Yeniseysk,RU,58.4742,92.1125,yes,Asia/Krasnoyarsk
EIH,small_airport,Einasleigh Airport,Einasleigh,AU,-18.5033,144.0940,no,Australia/Brisbane
EIK,medium_airport,Yeysk Airport,Yeysk,RU,46.6800,38.2100,no,Europe/Moscow
EIL,medium_airport,Eielson Air Force Base,Fairbanks,US,64.6657,-147.1020,no,America/Anchorage
EIN,large_airport,Eindhoven Airport,Eindhoven,NL,51.4501,5.3745,yes,Europe/Amsterdam
EIS,large_airport,Terrance B. Lettsome International Airport,Beef Island,VG,18.4455,-64.5417,yes,America/Tortola
EIY,small_airport,Ein Yahav Airfield,Sapir,IL,30.6217,35.2033,no,Asia/Jerusalem
EJA,medium_airport,Yariguíes Airport,Barrancabermeja,CO,7.0243,-73.8068,yes,America/Bogota
EJH,medium_airport,Al Wajh Domestic Airport,Al Wajh,SA,26.1986,36.4764,yes,Asia/Riyadh
EJN,small_airport,Ejin Banner Taolai Airport,Ejin Banner,CN,42.0155,101.0005,no,Asia/Shanghai
EJT,small_airport,Enejit Airport,Enejit Island,MH,6.0404,171.9846,yes,Pacific/Majuro
EKA,medium_airport,Murray Field,Eureka,US,40.8034,-124.1130,no,America/Los_Angeles
EKB,medium_airport,Ekibastuz Airport,Ekibastuz,KZ,51.5910,75.2150,no,Asia/Almaty
EKD,small_airport,Elkedra Airport,,AU,-21.1725,135.4440,no,Australia/Darwin
EKI,small_airport,Elkhart Municipal Airport,Elkhart,US,41.7194,-86.0032,no,America/Indiana/Indianapolis
EKN,medium_airport,Elkins-Randolph County Regional Airport,Elkins,US,38.8898,-79.8577,no,America/New_York
EKO,medium_airport,Elko Regional Airport,Elko,US,40.8249,-115.7920,yes,America/Los_Angeles
EKS,small_airport,Shakhtyorsk Airport,Shakhtyorsk,RU,49.1903,142.0830,yes,Asia/Sakhalin
EKT,medium_airport,Eskilstuna Airport,Eskilstuna,SE,59.3511,16.7084,no,Europe/Stockholm
EKX,small_airport,Addington Field / Elizabethtown Regional Airport,Elizabethtown,US,37.6860,-85.9250,no,America/New_York
ELA,small_airport,Eagle Lake Airport,Eagle Lake,US,29.6006,-96.3219,no,America/Chicago
ELB,medium_airport,Las Flores Airport,El Banco,CO,9.0455,-73.9749,no,America/Bogota
ELC,medium_airport,Elcho Island Airport,Elcho Island,AU,-12.0194,135.5710,yes,Australia/Darwin
ELD,medium_airport,South Arkansas Regional Airport at Goodwin Field,El Dorado,US,33.2210,-92.8133,yes,America/Chicago
ELE,small_airport,EL Real Airport,El Real de Santa María,PA,8.1072,-77.7255,no,America/Panama
ELF,medium_airport,El Fasher Airport,El Fasher,SD,13.6149,25.3246,yes,Africa/Khartoum
ELG,medium_airport,El Golea Airport,El Menia,DZ,30.5807,2.8616,yes,Africa/Algiers
ELH,medium_airport,North Eleuthera Airport,North Eleuthera,BS,25.4758,-76.6808,yes,America/Nassau
ELI,small_airport,Elim Airport,Elim,US,64.6147,-162.2720,yes,America/Nome
ELJ,small_airport,El Recreo Airport,Ruperto Polania,CO,2.0000,-74.1333,no,America/Bogota
ELK,small_airport,Elk City Regional Business Airport,Elk City,US,35.4308,-99.3943,no,America/Chicago
ELL,small_airport,Ellisras Matimba Airport,Ellisras,ZA,-23.7267,27.6883,no,Africa/Johannesburg
ELM,medium_airport,Elmira Corning Regional Airport,Elmira/Corning,US,42.1599,-76.8916,yes,America/New_York
ELN,small_airport,Bowers Field,Ellensburg,US,47.0330,-120.5310,no,America/Los_Angeles
ELO,small_airport,El Dorado Airport,El Dorado,AR,-26.3975,-54.5747,no,America/Argentina/Cordoba
ELP,large_airport,El Paso International Airport,El Paso,US,31.8099,-106.3756,yes,America/Denver
ELQ,large_airport,Prince Naif bin Abdulaziz International Airport,Qassim,SA,26.3028,43.7744,yes,Asia/Riyadh
ELR,small_airport,Elelim Airport,Elelim,ID,-3.7859,139.3845,no,Asia/Jayapura
ELS,large_airport,King Phalo Airport,East London,ZA,-33.0356,27.8259,yes,Africa/Johannesburg
ELT,small_airport,At Tur Airport,At Tur,EG,28.2090,33.6455,no,Africa/Cairo
ELU,medium_airport,Guemar Airport - مطار قمار بالوادي,Guemar,DZ,33.5114,6.7768,yes,Africa/Algiers
ELX,small_airport,El Tigre Airport,El Tigre,VE,8.8335,-64.2083,no,America/Caracas
ELY,medium_airport,Ely Airport Yelland Field,Ely,US,39.2997,-114.8420,no,America/Los_Angeles
ELZ,small_airport,Wellsville Municipal Airport - Tarantine Field,Wellsville,US,42.1095,-77.9900,no,America/New_York
EMA,large_airport,East Midlands Airport,"Nottingham, Leicestershire",GB,52.8311,-1.3281,yes,Europe/London
EMD,medium_airport,Emerald Airport,Emerald,AU,-23.5675,148.1790,yes,Australia/Brisbane
EME,small_airport,Emden Airport,Emden,DE,53.3911,7.2275,yes,Europe/Berlin
EMG,small_airport,Empangeni Airport,Empangeni,ZA,-28.7200,31.8900,no,Africa/Johannesburg
EMI,small_airport,Emirau Airport,Emirau Island,PG,-1.6539,149.9758,no,Pacific/Port_Moresby
EMK,medium_airport,Emmonak Airport,Emmonak,US,62.7861,-164.4910,yes,America/Nome
EML,medium_airport,Emmen Air Base,Emmen,CH,47.0924,8.3052,no,Europe/Zurich
EMM,small_airport,Kemmerer Municipal Airport,Kemmerer,US,41.8241,-110.5570,no,America/Denver
EMN,small_airport,Néma Airport,Néma,MR,16.6220,-7.3166,no,Africa/Nouakchott
EMO,small_airport,Emo River Airstrip,Emo Mission,PG,-9.1234,148.0415,no,Pacific/Port_Moresby
EMP,small_airport,Emporia Municipal Airport,Emporia,US,38.3321,-96.1912,no,America/Chicago
EMS,small_airport,Embessa Airport,Embessa,PG,-9.4470,148.7628,no,Pacific/Port_Moresby
EMT,small_airport,San Gabriel Valley Airport,El Monte,US,34.0861,-118.0350,no,America/Los_Angeles
EMX,small_airport,El Maitén Airport,El Maitén,AR,-42.0292,-71.1725,no,America/Argentina/Catamarca
EMY,small_airport,El Minya Airport,El Minya,EG,28.0905,30.7387,no,Africa/Cairo
ENA,medium_airport,Kenai Municipal Airport,Kenai,US,60.5709,-151.2452,yes,America/Anchorage
ENB,small_airport,Eneabba Airport,Eneabba,AU,-29.8325,115.2460,no,Australia/Perth
ENC,medium_airport,Nancy-Essey Airport,"Tomblaine, Meurthe-et-Moselle",FR,48.6921,6.2305,no,Europe/Paris
END,medium_airport,Vance Air Force Base,Enid,US,36.3392,-97.9165,no,America/Chicago
ENE,small_airport,H. Hasan Aroeboesman (Ende) Airport,Ende,ID,-8.8491,121.6610,yes,Asia/Makassar
ENF,medium_airport,Enontekio Airport,Enontekio,FI,68.3626,23.4243,yes,Europe/Helsinki
ENG,small_airport,Enggano Airport,Enggano,ID,-5.3056,102.1895,no,Asia/Jakarta
ENH,medium_airport,Enshi Xujiaping Airport,Enshi (Enshi),CN,30.3203,109.4850,yes,Asia/Shanghai
ENI,small_airport,El Nido Airport,El Nido,PH,11.2024,119.4161,yes,Asia/Manila
ENJ,small_airport,El Naranjo Airport,El Naranjo,GT,14.1069,-90.8175,no,America/Guatemala
ENK,medium_airport,Enniskillen/St Angelo Airport,"Enniskillen, Fermanagh and Omagh",GB,54.3983,-7.6512,no,Europe/London
ENL,small_airport,Centralia Municipal Airport,Centralia,US,38.5151,-89.0911,no,America/Chicago
ENN,medium_airport,Nenana Municipal Airport,Nenana,US,64.5488,-149.0745,no,America/Anchorage
ENO,large_airport,Teniente Ramon A. Ayub Gonzalez International Airport,Encarnación,PY,-27.2275,-55.8376,yes,America/Asuncion
ENS,medium_airport,Twente Airport,Enschede,NL,52.2758,6.8892,no,Europe/Amsterdam
ENT,small_airport,Eniwetok Airport,Eniwetok Atoll,MH,11.3407,162.3280,yes,Pacific/Majuro
ENU,large_airport,Akanu Ibiam International Airport,Enegu,NG,6.4737,7.5605,yes,Africa/Lagos
ENV,medium_airport,Wendover Airport,Wendover,US,40.7187,-114.0310,no,America/Denver
ENW,medium_airport,Kenosha Regional Airport,Kenosha,US,42.5957,-87.9278,no,America/Chicago
ENY,medium_airport,Yan'an Nanniwan Airport,Yan'an (Baota),CN,36.4794,109.4641,yes,Asia/Shanghai
EOH,medium_airport,Enrique Olaya Herrera Airport,Medellín,CO,6.2197,-75.5906,yes,America/Bogota
EOI,medium_airport,Eday Airport,Eday,GB,59.1906,-2.7722,yes,Europe/London
EOK,small_airport,Keokuk Municipal Airport,Keokuk,US,40.4599,-91.4285,no,America/Chicago
EOR,medium_airport,El Dorado Airport,Bolivar,VE,6.7157,-61.6388,no,America/Caracas
EOS,small_airport,Neosho Hugh Robinson Airport,Neosho,US,36.8108,-94.3917,no,America/Chicago
EOZ,medium_airport,Elorza Airport,,VE,7.0597,-69.4967,no,America/Caracas
EPA,medium_airport,El Palomar Airport,El Palomar,AR,-34.6099,-58.6126,no,America/Argentina/Buenos_Aires
EPG,small_airport,Browns Airport,Weeping Water,US,40.8675,-96.1100,no,America/Chicago
EPH,small_airport,Ephrata Municipal Airport,Ephrata,US,47.3076,-119.5160,no,America/Los_Angeles
EPL,medium_airport,Épinal Mirecourt Airport,Épinal,FR,48.3250,6.0700,no,Europe/Paris
EPR,medium_airport,Esperance Airport,Esperance,AU,-33.6844,121.8230,yes,Australia/Perth
EPT,small_airport,Eliptamin Airport,Eliptamin,PG,-5.0412,141.6779,no,Pacific/Port_Moresby
EPU,medium_airport,Pärnu Airport,Pärnu,EE,58.4190,24.4728,yes,Europe/Tallinn
EQS,medium_airport,Esquel Brigadier Antonio Parodi International Airport,Esquel,AR,-42.9080,-71.1395,yes,America/Argentina/Catamarca
ERA,small_airport,Erigavo Airport,Erigavo,SO,10.6421,47.3880,no,Africa/Mogadishu
ERB,small_airport,Ernabella Airport,,AU,-26.2633,132.1820,no,Australia/Adelaide
ERC,medium_airport,Erzincan Airport,Erzincan,TR,39.7102,39.5270,yes,Europe/Istanbul
ERD,medium_airport,Berdyansk Airport,Berdyansk,UA,46.8150,36.7581,no,Europe/Kyiv
ERE,small_airport,Erave Airport,Erave,PG,-6.6065,143.9002,no,Pacific/Port_Moresby
ERF,large_airport,Erfurt-Weimar Airport,Erfurt,DE,50.9783,10.9607,yes,Europe/Berlin
ERG,small_airport,Yerbogachen Airport,Erbogachen,RU,61.2750,108.0300,no,Asia/Irkutsk
ERH,medium_airport,Moulay Ali Cherif Airport,Errachidia,MA,31.9475,-4.3983,yes,Africa/Casablanca
ERI,medium_airport,Erie International Tom Ridge Field,Erie,US,42.0831,-80.1739,yes,America/New_York
ERL,medium_airport,Erenhot Saiwusu International Airport,Erenhot,CN,43.4241,112.0911,yes,Asia/Shanghai
ERM,small_airport,Erechim Airport,Erechim,BR,-27.6636,-52.2715,no,America/Sao_Paulo
ERN,small_airport,Eirunepé Airport,Eirunepé,BR,-6.6395,-69.8797,no,America/Eirunepe
ERQ,small_airport,Elrose Airport,Elrose Mine,AU,-20.9764,141.0066,no,Australia/Brisbane
ERR,small_airport,Errol Airport,Errol,US,44.7925,-71.1642,no,America/New_York
ERS,medium_airport,Eros Airport,Windhoek,NA,-22.6049,17.0790,yes,Africa/Windhoek
ERT,small_airport,Erdenet Airport,Erdenet,MN,48.9831,104.1506,no,Asia/Ulaanbaatar
ERU,small_airport,Erume Airport,Erume,PG,-8.2538,146.9747,no,Pacific/Port_Moresby
ERV,small_airport,Kerrville / Kerr County Airport at Louis Schreiner Field,Kerrville,US,29.9767,-99.0857,no,America/Chicago
ERZ,medium_airport,Erzurum International Airport,Erzurum,TR,39.9565,41.1702,yes,Europe/Istanbul
ESA,small_airport,Esa'ala Airport,Esa'ala,PG,-9.8743,150.9542,no,Pacific/Port_Moresby
ESB,large_airport,Esenboğa International Airport,Ankara,TR,40.1281,32.9951,yes,Europe/Istanbul
ESC,medium_airport,Delta County Airport,Escanaba,US,45.7232,-87.0886,yes,America/Detroit
ESD,medium_airport,Orcas Island Airport,Eastsound,US,48.7082,-122.9100,yes,America/Los_Angeles
ESE,medium_airport,Ensenada International Airport / El Ciprés Air Base,Ensenada,MX,31.7945,-116.6024,no,America/Tijuana
ESF,medium_airport,Esler Army Airfield / Esler Regional Airport,Alexandria,US,31.3943,-92.2941,no,America/Chicago
ESG,medium_airport,Dr. Luis María Argaña International Airport,Mariscal Estigarribia,PY,-22.0465,-60.6217,no,America/Asuncion
ESH,medium_airport,Brighton City Airport,"Brighton, East Sussex",GB,50.8356,-0.2972,no,Europe/London
ESK,medium_airport,Eskişehir Air Base,Eskişehir,TR,39.7841,30.5821,no,Europe/Istanbul
ESL,medium_airport,Elista Airport,Elista,RU,46.3739,44.3309,yes,Europe/Moscow
ESM,large_airport,Carlos Concha Torres International Airport,Tachina,EC,0.9785,-79.6266,yes,America/Guayaquil
ESN,small_airport,Easton Airport / Newnam Field,Easton,US,38.8042,-76.0690,no,America/New_York
ESO,small_airport,Ohkay Owingeh Airport,Espanola,US,36.0261,-106.0454,no,America/Denver
ESR,medium_airport,Ricardo García Posada Airport,El Salvador,CL,-26.3111,-69.7652,yes,America/Santiago
ESS,small_airport,Essen-Mülheim Airport,Essen,DE,51.4023,6.9373,no,Europe/Berlin
EST,small_airport,Estherville Municipal Airport,Estherville,US,43.4074,-94.7464,no,America/Chicago
ESU,medium_airport,Essaouira-Mogador Airport,Essaouira,MA,31.3975,-9.6817,yes,Africa/Casablanca
ESW,small_airport,Easton State Airport,Easton,US,47.2542,-121.1860,no,America/Los_Angeles
ETB,small_airport,West Bend Municipal Airport,West Bend,US,43.4223,-88.1290,no,America/Chicago
ETD,small_airport,Etadunna Airport,Etadunna,AU,-28.7408,138.5890,no,Australia/Adelaide
ETE,small_airport,Metema Airport,Metema,ET,12.9330,36.1670,no,Africa/Addis_Ababa
ETL,small_airport,Svetlaya Airport,Svetlaya,RU,46.5417,138.3217,no,Asia/Vladivostok
ETM,large_airport,Ramon International Airport,Eilat,IL,29.7270,35.0141,yes,Asia/Jerusalem
ETN,small_airport,Eastland Municipal Airport,Eastland,US,32.4135,-98.8098,no,America/Chicago
ETR,medium_airport,Santa Rosa - Artillery Colonel Victor Larrea International Airport,Santa Rosa,EC,-3.4420,-79.9970,yes,America/Guayaquil
ETS,small_airport,Enterprise Municipal Airport,Enterprise,US,31.2997,-85.8999,no,America/Chicago
ETZ,medium_airport,Metz-Nancy-Lorraine Airport,Goin,FR,48.9821,6.2513,yes,Europe/Paris
EUA,small_airport,Kaufana Airport,Eua Island,TO,-21.3783,-174.9580,yes,Pacific/Tongatapu
EUC,small_airport,Eucla Airport,,AU,-31.7071,128.8772,no,Australia/Eucla
EUE,small_airport,Eureka Airport,Eureka,US,39.6042,-116.0050,no,America/Los_Angeles
EUF,small_airport,Weedon Field,Eufaula,US,31.9513,-85.1289,no,America/Chicago
EUG,medium_airport,Eugene Airport,Eugene,US,44.1246,-123.2120,yes,America/Los_Angeles
EUM,small_airport,Neumünster Airport,Neumünster,DE,54.0794,9.9414,no,Europe/Berlin
EUN,large_airport,Laayoune Hassan I International Airport,El Aaiún,EH,27.1425,-13.2249,yes,Africa/El_Aaiun
EUO,small_airport,Paratebueno Airport,Paratebueno,CO,4.4013,-73.1884,no,America/Bogota
EUQ,medium_airport,Evelio Javier Airport,San Jose,PH,10.7666,121.9325,no,Asia/Manila
EUX,medium_airport,F. D. Roosevelt Airport,Oranjestad,BQ,17.4965,-62.9794,yes,America/Kralendijk
EVD,small_airport,Eva Downs Airport,Eva Downs,AU,-18.0010,134.8630,no,Australia/Darwin
EVE,large_airport,Harstad/Narvik Airport,Evenes,NO,68.4913,16.6781,yes,Europe/Oslo
EVG,small_airport,Sveg Airport,Sveg,SE,62.0478,14.4229,yes,Europe/Stockholm
EVH,small_airport,Evans Head Aerodrome,,AU,-29.1018,153.4193,no,Australia/Sydney
EVM,small_airport,Eveleth–Virginia Municipal Airport,Eveleth,US,47.4246,-92.4992,no,America/Chicago
EVN,large_airport,Zvartnots International Airport,Yerevan,AM,40.1489,44.3979,yes,Asia/Yerevan
EVV,medium_airport,Evansville Regional Airport,Evansville,US,38.0370,-87.5324,yes,America/Chicago
EVW,medium_airport,Evanston-Uinta County Airport-Burns Field,Evanston,US,41.2748,-111.0350,no,America/Denver
EVX,medium_airport,Évreux-Fauville (BA 105) Air Base,"Fauville, Eure",FR,49.0287,1.2199,no,Europe/Paris
EWB,medium_airport,New Bedford Regional Airport,New Bedford,US,41.6761,-70.9569,yes,America/New_York
EWE,small_airport,Ewer Asmat Airport,Agats,ID,-5.4962,138.0784,no,Asia/Jayapura
EWI,small_airport,Enarotali Airport,Enarotali,ID,-3.9257,136.3786,no,Asia/Jayapura
EWK,small_airport,Newton City-County Airport,Newton,US,38.0582,-97.2745,no,America/Chicago
EWN,medium_airport,Coastal Carolina Regional Airport,New Bern,US,35.0730,-77.0429,yes,America/New_York
EWO,small_airport,Ewo Airport,Ewo,CG,-0.8830,14.8000,no,Africa/Brazzaville
EWR,large_airport,Newark Liberty International Airport,Newark,US,40.6894,-74.1705,yes,America/New_York
EXM,small_airport,Exmouth Airport,Exmouth,AU,-22.0407,114.1027,no,Australia/Perth
EXT,medium_airport,Exeter International Airport,"Exeter, Devon",GB,50.7343,-3.4140,yes,Europe/London
EYA,small_airport,Zeya Airport,Zeya,RU,53.6870,127.0910,no,Asia/Yakutsk
EYK,medium_airport,Beloyarskiy Airport,,RU,63.6869,66.6986,yes,Asia/Yekaterinburg
EYL,small_airport,Yélimané Airport,Yélimané,ML,15.1237,-10.5712,no,Africa/Bamako
EYP,medium_airport,El Alcaravan - Yopal Airport,Yopal,CO,5.3191,-72.3840,yes,America/Bogota
EYR,small_airport,Yerington Municipal Airport,Yerington,US,39.0041,-119.1580,no,America/Los_Angeles
EYS,small_airport,Eliye Springs Airport,Eliye Springs,KE,3.2364,35.9749,no,Africa/Nairobi
EYW,medium_airport,Key West International Airport,Key West,US,24.5561,-81.7596,yes,America/New_York
EZE,large_airport,Ezeiza International Airport - Ministro Pistarini,Buenos Aires (Ezeiza),AR,-34.8222,-58.5358,yes,America/Argentina/Buenos_Aires
EZS,medium_airport,Elazığ Airport,Elazığ,TR,38.5980,39.2835,yes,Europe/Istanbul
EZV,medium_airport,Berezovo Airport,,RU,63.9210,65.0305,no,Asia/Yekaterinburg
FAA,small_airport,Faranah Airport,Faranah,GN,10.0355,-10.7698,no,Africa/Conakry
FAB,medium_airport,Farnborough Airport,"Farnborough, Hampshire",GB,51.2758,-0.7763,no,Europe/London
FAC,small_airport,Faaite Airport,Faaite,PF,-16.6866,-145.3294,no,Pacific/Tahiti
FAE,large_airport,Vágar Airport,Vágar,FO,62.0633,-7.2758,yes,Atlantic/Faroe
FAF,medium_airport,Felker Army Air Field,Newport News (Fort Eustis),US,37.1325,-76.6088,no,America/New_York
FAG,small_airport,Fagurhólsmýri Airport,Fagurhólsmýri,IS,63.8747,-16.6411,no,Atlantic/Reykjavik
FAH,small_airport,Farah Airport,Farah,AF,32.3667,62.1653,no,Asia/Kabul
FAI,medium_airport,Fairbanks International Airport,Fairbanks,US,64.8151,-147.8560,yes,America/Anchorage
FAM,small_airport,Farmington Regional Airport,Farmington,US,37.7611,-90.4286,no,America/Chicago
FAO,large_airport,Faro - Gago Coutinho International Airport,Faro,PT,37.0159,-7.9709,yes,Europe/Lisbon
FAQ,small_airport,Frieda River Airport,Frieda River,PG,-4.6105,141.9601,no,Pacific/Port_Moresby
FAR,medium_airport,Hector International Airport,Fargo,US,46.9207,-96.8158,yes,America/Chicago
FAT,large_airport,Fresno Yosemite International Airport,Fresno,US,36.7758,-119.7180,yes,America/Los_Angeles
FAU,small_airport,Fahud Airport,Fahud,OM,22.3548,56.4841,no,Asia/Muscat
FAV,medium_airport,Fakarava Airport,,PF,-16.0541,-145.6570,yes,Pacific/Tahiti
FAY,medium_airport,Fayetteville Regional Airport - Grannis Field,Fayetteville,US,34.9912,-78.8803,yes,America/New_York
FAZ,medium_airport,Fasa Airport,Fasa,IR,28.8918,53.7233,no,Asia/Tehran
FBA,small_airport,Fonte Boa Airport,Fonte Boa,BR,-2.5326,-66.0832,no,America/Manaus
FBD,small_airport,Fayzabad Airport,Fayzabad,AF,37.1221,70.5201,yes,Asia/Kabul
FBE,small_airport,Paulo Abdala Airport,Francisco Beltrão,BR,-26.0594,-53.0638,yes,America/Sao_Paulo
FBG,medium_airport,Simmons Army Air Field,Fort Bragg,US,35.1318,-78.9367,no,America/New_York
FBK,medium_airport,Ladd Army Airfield,Fairbanks,US,64.8375,-147.6140,no,America/Anchorage
FBL,small_airport,Faribault Municipal Airport-Liz Wall Strohfus Field,Faribault,US,44.3284,-93.3125,no,America/Chicago
FBM,large_airport,Lubumbashi International Airport,Lubumbashi,CD,-11.5915,27.5308,yes,Africa/Lubumbashi
FBR,small_airport,Fort Bridger Airport,Fort Bridger,US,41.3919,-110.4070,no,America/Denver
FBY,small_airport,Fairbury Municipal Airport,Fairbury,US,40.1830,-97.1693,no,America/Chicago
FCA,medium_airport,Glacier Park International Airport,Kalispell,US,48.3105,-114.2560,yes,America/Denver
FCB,medium_airport,Ficksburg Sentraoes Airport,Ficksburg,ZA,-28.8231,27.9089,no,Africa/Johannesburg
FCH,small_airport,Fresno Chandler Executive Airport,Fresno,US,36.7324,-119.8200,no,America/Los_Angeles
FCM,small_airport,Flying Cloud Airport,Minneapolis,US,44.8272,-93.4571,no,America/Chicago
FCN,medium_airport,Sea-Airport Cuxhaven/Nordholz / Nordholz Naval Airbase,Wurster Nordseeküste,DE,53.7677,8.6592,yes,Europe/Berlin
FCO,large_airport,Rome–Fiumicino Leonardo da Vinci International Airport,Rome,IT,41.8045,12.2520,yes,Europe/Rome
FCS,medium_airport,Butts AAF (Fort Carson) Air Field,Fort Carson,US,38.6784,-104.7570,no,America/Denver
FCY,small_airport,Forrest City Municipal Airport,Forrest City,US,34.9420,-90.7750,no,America/Chicago
FDA,small_airport,Fundación Airport,Fundación,CO,10.5333,-74.2000,no,America/Bogota
FDE,small_airport,"Førde Airport, Bringeland",Førde,NO,61.3911,5.7569,yes,Europe/Oslo
FDF,large_airport,Martinique Aimé Césaire International Airport,Fort-de-France,MQ,14.5910,-61.0032,yes,America/Martinique
FDH,large_airport,Bodensee Airport Friedrichshafen,Friedrichshafen,DE,47.6713,9.5115,yes,Europe/Berlin
FDK,small_airport,Frederick Municipal Airport,Frederick,US,39.4176,-77.3743,no,America/New_York
FDR,small_airport,Frederick Regional Airport,Frederick,US,34.3520,-98.9839,no,America/Chicago
FDU,medium_airport,Bandundu Airport,Bandundu,CD,-3.3113,17.3817,yes,Africa/Kinshasa
FDY,medium_airport,Findlay Airport,Findlay,US,41.0135,-83.6687,no,America/New_York
FEB,small_airport,Sanfebagar Airport,Sanfebagar,NP,29.2366,81.2153,no,Asia/Kathmandu
FEC,medium_airport,João Durval Carneiro Airport,Feira de Santana,BR,-12.2007,-38.9062,no,America/Bahia
FEG,medium_airport,Fergana International Airport,Fergana,UZ,40.3588,71.7450,yes,Asia/Tashkent
FEJ,small_airport,Feijó Airport,Feijó,BR,-8.1412,-70.3408,no,America/Rio_Branco
FEN,medium_airport,Fernando de Noronha Airport,Fernando de Noronha,BR,-3.8545,-32.4230,yes,America/Noronha
FEP,small_airport,Albertus Airport,Freeport,US,42.2462,-89.5820,no,America/Chicago
FET,small_airport,Fremont Municipal Airport,Fremont,US,41.4502,-96.5229,no,America/Chicago
FEZ,large_airport,Fes Saïss International Airport,Saïss,MA,33.9273,-4.9780,yes,Africa/Casablanca
FFA,small_airport,First Flight Airport,Kill Devil Hills,US,36.0182,-75.6713,no,America/New_York
FFD,medium_airport,RAF Fairford,"Fairford, Gloucestershire",GB,51.6836,-1.7892,no,Europe/London
FFL,small_airport,Fairfield Municipal Airport,Fairfield,US,41.0530,-91.9801,no,America/Chicago
FFM,small_airport,Fergus Falls Municipal Airport - Einar Mickelson Field,Fergus Falls,US,46.2844,-96.1567,no,America/Chicago
FFO,medium_airport,Wright-Patterson Air Force Base,Dayton,US,39.8261,-84.0483,no,America/New_York
FFT,small_airport,Capital City Airport,Frankfort,US,38.1817,-84.9068,no,America/New_York
FFU,small_airport,Futaleufú Airport,Futaleufu,CL,-43.1892,-71.8511,no,America/Santiago
FGD,small_airport,Fderik Airport,Fderik,MR,22.6736,-12.7293,no,Africa/Nouakchott
FGI,small_airport,Fagali'i Airport,Apia,WS,-13.8492,-171.7399,no,Pacific/Apia
FGU,medium_airport,Fangatau Airport,Fangatau,PF,-15.8200,-140.8881,yes,Pacific/Tahiti
FHU,medium_airport,Sierra Vista Municipal Airport / Libby Army Air Field,Fort Huachuca / Sierra Vista,US,31.5874,-110.3482,no,America/Phoenix
FHZ,small_airport,Fakahina Airport,Fakahina,PF,-15.9923,-140.1642,yes,Pacific/Tahiti
FID,small_airport,Elizabeth Field,Fishers Island,US,41.2521,-72.0322,no,America/New_York
FIE,small_airport,Fair Isle Airport,Fair Isle,GB,59.5347,-1.6285,yes,Europe/London
FIG,small_airport,Fria Airport,Fria,GN,10.3506,-13.5692,no,Africa/Conakry
FIH,large_airport,Ndjili International Airport,Kinshasa,CD,-4.3857,15.4446,yes,Africa/Kinshasa
FIK,small_airport,Finke Airport,Finke,AU,-25.5947,134.5830,no,Australia/Darwin
FIL,small_airport,Fillmore Municipal Airport,Fillmore,US,38.9583,-112.3630,no,America/Denver
FIN,small_airport,Finschhafen Airport,Buki,PG,-6.6218,147.8541,no,Pacific/Port_Moresby
FIZ,medium_airport,Fitzroy Crossing Airport,,AU,-18.1836,125.5598,yes,Australia/Perth
FJR,large_airport,Fujairah International Airport,Fujairah,AE,25.1084,56.3281,yes,Asia/Dubai
FKB,large_airport,Karlsruhe Baden-Baden Airport,Rheinmünster,DE,48.7794,8.0805,yes,Europe/Berlin
FKI,large_airport,Bangoka International Airport,Kisangani,CD,0.4816,25.3380,yes,Africa/Lubumbashi
FKJ,medium_airport,Fukui Airport,Fukui,JP,36.1428,136.2240,no,Asia/Tokyo
FKL,medium_airport,Venango Regional Airport,Franklin,US,41.3779,-79.8604,no,America/New_York
FKN,small_airport,Franklin Regional Airport,Franklin,US,36.6981,-76.9038,no,America/New_York
FKQ,medium_airport,Fakfak Airport,Fakfak,ID,-2.9205,132.2670,yes,Asia/Jayapura
FKS,medium_airport,Fukushima Airport,Sukagawa,JP,37.2274,140.4310,yes,Asia/Tokyo
FLA,medium_airport,Gustavo Artunduaga Paredes Airport,Florencia,CO,1.5892,-75.5644,yes,America/Bogota
FLB,small_airport,Cangapara Airport,Floriano,BR,-6.8464,-43.0773,no,America/Fortaleza
FLD,small_airport,Fond du Lac County Airport,Fond du Lac,US,43.7712,-88.4884,no,America/Chicago
FLF,small_airport,Flensburg-Schäferhaus Airport,Flensburg,DE,54.7733,9.3789,no,Europe/Berlin
FLG,medium_airport,Flagstaff Pulliam Airport,Flagstaff,US,35.1398,-111.6698,yes,America/Phoenix
FLH,small_airport,Flotta Isle Airstrip,Flotta Isle,GB,58.8258,-3.1428,no,Europe/London
FLL,large_airport,Fort Lauderdale Hollywood International Airport,Fort Lauderdale,US,26.0726,-80.1527,yes,America/New_York
FLM,small_airport,Aeródromo de Filadelfia,Filadelfia,PY,-22.3546,-60.0532,no,America/Asuncion
FLN,large_airport,Hercílio Luz International Airport,Florianópolis,BR,-27.6703,-48.5525,yes,America/Sao_Paulo
FLO,medium_airport,Florence Regional Airport,Florence,US,34.1854,-79.7239,yes,America/New_York
FLP,small_airport,Marion County Regional Airport,Flippin,US,36.2909,-92.5903,no,America/Chicago
FLR,large_airport,"Florence Airport, Peretola",Firenze (FI),IT,43.8086,11.2028,yes,Europe/Rome
FLS,small_airport,Flinders Island Airport,Whitemark,AU,-40.0917,147.9930,yes,Australia/Hobart
FLT,small_airport,Flat Airport,Flat,US,62.4526,-157.9890,no,America/Anchorage
FLV,small_airport,Sherman Army Air Field,Fort Leavenworth,US,39.3683,-94.9147,no,America/Chicago
FLW,medium_airport,Flores Airport,Santa Cruz das Flores,PT,39.4553,-31.1314,yes,Atlantic/Azores
FLX,small_airport,Fallon Municipal Airport,Fallon,US,39.4991,-118.7490,no,America/Los_Angeles
FLY,small_airport,Finley Airport,,AU,-35.6589,145.5612,no,Australia/Sydney
FLZ,medium_airport,Dr. Ferdinand Lumban Tobing Airport,Sibolga (Pinangsori),ID,1.5571,98.8871,yes,Asia/Jakarta
FMA,medium_airport,Formosa National Airport,Formosa,AR,-26.2127,-58.2281,yes,America/Argentina/Cordoba
FME,medium_airport,Fort Meade Executive Airport,Fort Meade(Odenton),US,39.0854,-76.7594,no,America/New_York
FMG,small_airport,Flamingo Airport,Brasilito,CR,10.4186,-85.7827,no,America/Costa_Rica
FMH,small_airport,Cape Cod Coast Guard Air Station,Falmouth,US,41.6579,-70.5216,no,America/New_York
FMI,medium_airport,Kalemie Airport,Kalemie,CD,-5.8756,29.2500,yes,Africa/Lubumbashi
FMM,large_airport,Memmingen Allgau Airport,Memmingen,DE,47.9881,10.2382,yes,Europe/Berlin
FMN,medium_airport,Four Corners Regional Airport,Farmington,US,36.7412,-108.2300,no,America/Denver
FMO,large_airport,Münster Osnabrück Airport,Greven,DE,52.1338,7.6885,yes,Europe/Berlin
FMS,small_airport,Fort Madison Municipal Airport,Fort Madison,US,40.6591,-91.3278,no,America/Chicago
FMT,small_airport,Faresmaathoda Airport,Faresmaathodaa,MV,0.1926,73.1968,yes,Indian/Maldives
FMU,small_airport,Florence Municipal Airport,Florence,US,43.9828,-124.1110,no,America/Los_Angeles
FMY,medium_airport,Page Field,Fort Myers,US,26.5866,-81.8633,no,America/New_York
FNA,large_airport,Lungi International Airport,Freetown (Lungi-Town),SL,8.6164,-13.1955,yes,Africa/Freetown
FNB,medium_airport,Neubrandenburg Trollenhagen Airport,Trollenhagen,DE,53.6022,13.3060,no,Europe/Berlin
FNC,large_airport,Cristiano Ronaldo International Airport,Funchal,PT,32.6978,-16.7746,yes,Atlantic/Madeira
FND,small_airport,Funadhoo Airport,Funadhoo,MV,6.1624,73.2875,yes,Indian/Maldives
FNE,small_airport,Fane Airport,Fane Mission,PG,-8.5493,147.0858,no,Pacific/Port_Moresby
FNG,small_airport,Fada N'gourma Airport,Fada N'gourma,BF,12.0389,0.3628,no,Africa/Ouagadougou
FNH,small_airport,Fincha Airport,Fincha,ET,9.5844,37.3779,no,Africa/Addis_Ababa
FNI,medium_airport,Nîmes-Arles-Camargue Airport,Nîmes/Garons,FR,43.7574,4.4164,yes,Europe/Paris
FNJ,large_airport,Pyongyang Sunan International Airport,Pyongyang,KP,39.2241,125.6700,yes,Asia/Pyongyang
FNL,medium_airport,Northern Colorado Regional Airport,Loveland,US,40.4497,-105.0113,no,America/Denver
FNT,medium_airport,Bishop International Airport,Flint,US,42.9693,-83.7434,yes,America/Detroit
FNU,small_airport,Oristano-Fenosu Airport,Oristano,IT,39.8953,8.6427,no,Europe/Rome
FOA,small_airport,Foula Airfield,Foula,GB,60.1219,-2.0534,yes,Europe/London
FOB,small_airport,Fort Bragg Airport,Fort Bragg,US,39.4724,-123.7953,no,America/Los_Angeles
FOC,large_airport,Fuzhou Changle International Airport,Fuzhou (Changle),CN,25.9293,119.6725,yes,Asia/Shanghai
FOD,medium_airport,Fort Dodge Regional Airport,Fort Dodge,US,42.5526,-94.1912,yes,America/Chicago
FOE,medium_airport,Topeka Regional Airport,Topeka,US,38.9509,-95.6636,no,America/Chicago
FOG,medium_airport,Foggia Gino Lisa Airport,Foggia (FG),IT,41.4336,15.5346,yes,Europe/Rome
FOK,small_airport,Francis S Gabreski Airport,Westhampton Beach,US,40.8437,-72.6318,no,America/New_York
FOM,medium_airport,Foumban Nkounja Airport,Foumban,CM,5.6369,10.7508,no,Africa/Douala
FON,medium_airport,La Fortuna Arenal Airport,La Fortuna,CR,10.4693,-84.5791,yes,America/Costa_Rica
FOO,small_airport,Kornasoren Airport,Nomfor,ID,-0.9357,134.8723,no,Asia/Jayapura
FOR,large_airport,Pinto Martins International Airport,Fortaleza,BR,-3.7758,-38.5322,yes,America/Fortaleza
FOS,medium_airport,Forrest Airport,,AU,-30.8366,128.1128,no,Australia/Perth
FOT,small_airport,Forster (Wallis Is) Airport,,AU,-32.2025,152.4811,no,Australia/Sydney
FOU,small_airport,Fougamou Airport,Fougamou,GA,-1.2783,10.6125,no,Africa/Libreville
FOY,small_airport,Foya Airport,Foya,LR,8.3513,-10.2269,no,Africa/Monrovia
FPO,large_airport,Grand Bahama International Airport,Freeport,BS,26.5580,-78.6956,yes,America/Nassau
FPR,medium_airport,Treasure Coast International Airport,Fort Pierce,US,27.4951,-80.3683,no,America/New_York
FPY,small_airport,Perry-Foley Airport,Perry,US,30.0693,-83.5806,no,America/New_York
FRA,large_airport,Frankfurt Main Airport,Frankfurt am Main,DE,50.0267,8.5584,yes,Europe/Berlin
FRB,medium_airport,Forbes Airport,Forbes,AU,-33.3636,147.9350,no,Australia/Sydney
FRC,small_airport,Tenente Lund Pressoto Airport,Franca,BR,-20.5922,-47.3829,no,America/Sao_Paulo
FRD,medium_airport,Friday Harbor Airport,Friday Harbor,US,48.5237,-123.0246,yes,America/Los_Angeles
FRE,small_airport,Fera/Maringe Airport,Fera Island,SB,-8.1075,159.5770,yes,Pacific/Guadalcanal
FRG,medium_airport,Republic Airport,East Farmingdale,US,40.7286,-73.4143,no,America/New_York
FRH,small_airport,French Lick Municipal Airport,French Lick,US,38.5062,-86.6369,no,America/Indiana/Indianapolis
FRI,medium_airport,Marshall Army Air Field,Fort Riley (Junction City),US,39.0530,-96.7642,no,America/Chicago
FRK,small_airport,Frégate Island Airport (UNUSABLE),Frégate Island,SC,-4.5828,55.9449,no,Indian/Mahe
FRL,medium_airport,Forlì-Luigi Ridolfi International Airport,Forlì (FC),IT,44.1948,12.0701,yes,Europe/Rome
FRM,small_airport,Fairmont Municipal Airport,Fairmont,US,43.6439,-94.4156,no,America/Chicago
FRN,small_airport,Bryant Army Airfield,Fort Richardson,US,61.2664,-149.6530,no,America/Anchorage
FRO,medium_airport,Florø Airport,Florø,NO,61.5836,5.0247,yes,Europe/Oslo
FRQ,small_airport,Feramin Airport,Feramin,PG,-5.2080,141.6988,no,Pacific/Port_Moresby
FRR,small_airport,Front Royal Warren County Airport,Front Royal,US,38.9175,-78.2535,no,America/New_York
FRS,medium_airport,Mundo Maya International Airport,San Benito,GT,16.9137,-89.8661,yes,America/Guatemala
FRT,small_airport,El Avellano Airport,Frutillar,CL,-41.0517,-73.3511,no,America/Santiago
FRW,large_airport,Phillip Gaonwe Matante International Airport,Francistown,BW,-21.1592,27.4688,yes,Africa/Gaborone
FRY,small_airport,Eastern Slopes Regional Airport,Fryeburg,US,43.9911,-70.9479,no,America/New_York
FRZ,medium_airport,Fritzlar Army Airfield,Fritzlar,DE,51.1146,9.2860,no,Europe/Berlin
FSC,large_airport,Figari Sud-Corse Airport,Figari,FR,41.5018,9.0971,yes,Europe/Paris
FSD,medium_airport,Sioux Falls Regional Airport,Sioux Falls,US,43.5855,-96.7412,yes,America/Chicago
FSH,small_airport,Syekh Hamzah Fansyuri Airport,Singkil,ID,2.2696,97.9679,yes,Asia/Jakarta
FSI,medium_airport,Henry Post Army Air Field,Fort Sill,US,34.6498,-98.4022,no,America/Chicago
FSK,small_airport,Fort Scott Municipal Airport,Fort Scott,US,37.7984,-94.7694,no,America/Chicago
FSL,small_airport,Fossil Downs Airport,Fossil Downs Station,AU,-18.1321,125.7873,no,Australia/Perth
FSM,medium_airport,Fort Smith Regional Airport,Fort Smith,US,35.3366,-94.3674,yes,America/Chicago
FSP,medium_airport,Saint-Pierre Pointe-Blanche Airport,Saint-Pierre,PM,46.7627,-56.1750,yes,America/Miquelon
FST,medium_airport,Fort Stockton Pecos County Airport,Fort Stockton,US,30.9157,-102.9160,no,America/Chicago
FSU,small_airport,Fort Sumner Municipal Airport,Fort Sumner,US,34.4834,-104.2170,no,America/Denver
FSZ,large_airport,Mount Fuji Shizuoka Airport,Makinohara / Shimada,JP,34.7950,138.1910,yes,Asia/Tokyo
FTA,small_airport,Futuna Airport,Futuna Island,VU,-19.5164,170.2320,yes,Pacific/Efate
FTE,medium_airport,El Calafate - Commander Armando Tola International Airport,El Calafate,AR,-50.2803,-72.0534,yes,America/Argentina/Rio_Gallegos
FTI,small_airport,Fitiuta Airport,Fitiuta Village,AS,-14.2161,-169.4238,yes,Pacific/Pago_Pago
FTK,medium_airport,Godman Army Air Field,Fort Knox,US,37.9071,-85.9721,no,America/New_York
FTU,medium_airport,Tôlanaro Airport,Tôlanaro,MG,-25.0381,46.9561,yes,Indian/Antananarivo
FTW,medium_airport,Fort Worth Meacham International Airport,Fort Worth,US,32.8199,-97.3608,yes,America/Chicago
FTX,medium_airport,Owando Airport,Owando,CG,-0.5246,15.9378,no,Africa/Brazzaville
FTY,medium_airport,Fulton County Airport Brown Field,Atlanta,US,33.7791,-84.5214,no,America/New_York
FUB,small_airport,Fulleborn Airport,Fulleborn,PG,-6.1518,150.6264,no,Pacific/Port_Moresby
FUE,large_airport,Fuerteventura Airport,El Matorral,ES,28.4527,-13.8638,yes,Atlantic/Canary
FUG,medium_airport,Fuyang Xiguan Airport,"Yingzhou, Fuyang",CN,32.8822,115.7344,yes,Asia/Shanghai
FUJ,medium_airport,Fukue Airport,Goto,JP,32.6663,128.8330,yes,Asia/Tokyo
FUK,large_airport,Fukuoka Airport,Fukuoka,JP,33.5859,130.4510,yes,Asia/Tokyo
FUL,small_airport,Fullerton Municipal Airport,Fullerton,US,33.8720,-117.9800,no,America/Los_Angeles
FUM,small_airport,Fuma Airport,Fuma,PG,-6.3933,142.4408,no,Pacific/Port_Moresby
FUN,medium_airport,Funafuti International Airport,Funafuti,TV,-8.5239,179.1970,yes,Pacific/Funafuti
FUO,medium_airport,Foshan Shadi Airport,Foshan (Nanhai),CN,23.0825,113.0708,yes,Asia/Shanghai
FUT,small_airport,Pointe Vele Airport,Futuna Island,WF,-14.3116,-178.0665,yes,Pacific/Wallis
FVL,small_airport,Flora Valley Airport,,AU,-18.2978,128.4559,no,Australia/Perth
FVM,small_airport,Fuvahmulah Airport,Fuvahmulah Island,MV,-0.3097,73.4350,no,Indian/Maldives
FVR,small_airport,Oombulgurri Airport,Oombulgurri,AU,-15.1647,127.8401,no,Australia/Perth
FWA,medium_airport,Fort Wayne International Airport,Fort Wayne,US,40.9789,-85.1945,yes,America/Indiana/Indianapolis
FWH,medium_airport,NAS Fort Worth JRB / Carswell Field,Fort Worth,US,32.7692,-97.4415,no,America/Chicago
FWL,small_airport,Farewell Airport,Farewell,US,62.5093,-153.8923,no,America/Anchorage
FXE,medium_airport,Fort Lauderdale Executive Airport,Fort Lauderdale,US,26.1973,-80.1707,no,America/New_York
FXO,small_airport,Cuamba Airport,Cuamba,MZ,-14.8150,36.5300,no,Africa/Maputo
FXY,small_airport,Forest City Municipal Airport,Forest City,US,43.2347,-93.6241,no,America/Chicago
FYJ,medium_airport,Fuyuan Dongji Airport,Fuyuan,CN,48.1972,134.3630,yes,Asia/Shanghai
FYM,small_airport,Fayetteville Municipal Airport,Fayetteville,US,35.0597,-86.5640,no,America/Chicago
FYN,medium_airport,Fuyun Koktokay Airport,Fuyun,CN,46.8042,89.5120,yes,Asia/Shanghai
FYT,medium_airport,Faya-Largeau Airport,Faya-Largeau,TD,17.9171,19.1111,no,Africa/Ndjamena
FYU,medium_airport,Fort Yukon Airport,Fort Yukon,US,66.5717,-145.2500,yes,America/Anchorage
FYV,medium_airport,Drake Field,Fayetteville,US,36.0051,-94.1701,no,America/Chicago
FZL,small_airport,Fuzuli International Airport,Fuzuli,AZ,39.5946,47.1961,no,Asia/Baku
GAA,small_airport,Guamal Airport,Guamal,CO,9.1500,-74.2333,no,America/Bogota
GAB,small_airport,Gabbs Airport,Gabbs,US,38.9232,-117.9572,no,America/Los_Angeles
GAC,small_airport,Celaque Gracias Airport,Gracias,HN,14.5735,-88.5958,no,America/Tegucigalpa
GAD,small_airport,Northeast Alabama Regional Airport,Gadsden,US,33.9726,-86.0890,no,America/Chicago
GAE,medium_airport,Gabès Matmata International Airport,Gabès,TN,33.7337,9.9194,yes,Africa/Tunis
GAF,medium_airport,Gafsa Ksar International Airport,Gafsa,TN,34.4220,8.8225,yes,Africa/Tunis
GAG,small_airport,Gage Heibeck Airport,Gage,US,36.2955,-99.7764,no,America/Chicago
GAH,small_airport,Gayndah Airport,Gayndah,AU,-25.6159,151.6206,no,Australia/Brisbane
GAI,small_airport,Montgomery County Airpark,Gaithersburg,US,39.1683,-77.1660,no,America/New_York
GAJ,medium_airport,Yamagata Airport,Higashine,JP,38.4119,140.3710,yes,Asia/Tokyo
GAL,medium_airport,Edward G. Pitka Sr Airport,Galena,US,64.7362,-156.9370,yes,America/Anchorage
GAM,medium_airport,Gambell Airport,Gambell,US,63.7677,-171.7333,yes,America/Nome
GAN,large_airport,Gan International Airport,Gan,MV,-0.6930,73.1526,yes,Indian/Maldives
GAO,medium_airport,Mariana Grajales Airport,Guantánamo,CU,20.0853,-75.1583,no,America/Havana
GAP,small_airport,Gusap Airport,Gusap,PG,-6.0532,145.9590,no,Pacific/Port_Moresby
GAQ,medium_airport,Gao International Airport,Gao,ML,16.2485,-0.0054,yes,Africa/Bamako
GAR,small_airport,Garaina Airport,Garaina,PG,-7.8756,147.1413,no,Pacific/Port_Moresby
GAS,small_airport,Garissa Airport,Garissa,KE,-0.4635,39.6483,no,Africa/Nairobi
GAT,small_airport,Gap-Tallard Airfield,"Tallard, Hautes-Alpes",FR,44.4550,6.0378,no,Europe/Paris
GAU,large_airport,Lokpriya Gopinath Bordoloi International Airport,Guwahati,IN,26.1067,91.5852,yes,Asia/Kolkata
GAV,small_airport,Gag Island Airport,Gag Island,ID,-0.4006,129.8950,no,Asia/Jayapura
GAW,small_airport,Gangaw Airport,Gangaw,MM,22.1747,94.1344,no,Asia/Yangon
GAX,small_airport,Gamba Airport,Gamba,GA,-2.7853,10.0472,yes,Africa/Libreville
GAY,medium_airport,Gaya Airport,Gaya,IN,24.7443,84.9512,yes,Asia/Kolkata
GAZ,small_airport,Guasopa Airport,Woodlark (Muyua) Island,PG,-9.2259,152.9444,no,Pacific/Port_Moresby
GBA,small_airport,Cotswold Airport,"Cirencester, Gloucestershire",GB,51.6685,-2.0566,no,Europe/London
GBB,medium_airport,Gabala International Airport,Gabala,AZ,40.8086,47.7254,yes,Asia/Baku
GBC,small_airport,Gasuke Airport,Gasuke,PG,-6.1028,141.7393,no,Pacific/Port_Moresby
GBD,small_airport,Great Bend Municipal Airport,Great Bend,US,38.3443,-98.8592,no,America/Chicago
GBE,large_airport,Sir Seretse Khama International Airport,Gaborone,BW,-24.5552,25.9182,yes,Africa/Gaborone
GBF,small_airport,Negarbo(Negabo) Airport,Negarbo,PG,-6.5678,144.7031,no,Pacific/Port_Moresby
GBG,small_airport,Galesburg Municipal Airport,Galesburg,US,40.9380,-90.4311,no,America/Chicago
GBH,small_airport,Galbraith Lake Airport,Galbraith Lake,US,68.4797,-149.4900,no,America/Anchorage
GBI,small_airport,Kalaburagi Airport,Kalaburagi,IN,17.3082,76.9652,yes,Asia/Kolkata
GBJ,medium_airport,Marie-Galante Airport,Grand-Bourg,GP,15.8689,-61.2701,yes,America/Guadeloupe
GBK,small_airport,Gbangbatok Airport,Gbangbatok,SL,7.8125,-12.3778,no,Africa/Freetown
GBL,small_airport,South Goulburn Is Airport,,AU,-11.6500,133.3820,no,Australia/Darwin
GBM,small_airport,Garbaharey Airport,Garbaharey,SO,3.3229,42.2131,no,Africa/Mogadishu
GBP,small_airport,Gamboola Airport,Gamboola,AU,-16.5441,143.6682,no,Australia/Brisbane
GBR,small_airport,Walter J. Koladza Airport,Great Barrington,US,42.1842,-73.4032,no,America/New_York
GBT,medium_airport,Gorgan Airport,Gorgan,IR,36.9094,54.4013,no,Asia/Tehran
GBU,small_airport,Khashm El Girba Airport,Khashm El Girba,SD,14.9250,35.8780,no,Africa/Khartoum
GBV,small_airport,Gibb River Airport,Gibb,AU,-16.4187,126.4457,no,Australia/Perth
GBW,small_airport,Ginbata Airport,Ginbata,AU,-22.5812,120.0355,no,Australia/Perth
GBZ,small_airport,Great Barrier Aerodrome,Claris,NZ,-36.2414,175.4720,yes,Pacific/Auckland
GCA,small_airport,Guacamayas Airport,Guacamayas,CO,2.2833,-74.9500,no,America/Bogota
GCC,medium_airport,Northeast Wyoming Regional Airport,Gillette,US,44.3489,-105.5390,yes,America/Denver
GCD,small_airport,Grand Coulee Dam Airport,Electric City,US,47.9220,-119.0830,no,America/Los_Angeles
GCH,medium_airport,Gachsaran Airport,Gachsaran,IR,30.3339,50.8338,yes,Asia/Tehran
GCI,medium_airport,Guernsey Airport,Saint Peter Port,GG,49.4350,-2.6020,yes,Europe/Guernsey
GCJ,medium_airport,Grand Central Airport,Midrand,ZA,-25.9863,28.1401,no,Africa/Johannesburg
GCK,medium_airport,Garden City Regional Airport,Garden City,US,37.9275,-100.7240,yes,America/Chicago
GCM,large_airport,Owen Roberts International Airport,George Town,KY,19.2928,-81.3577,yes,America/Cayman
GCN,medium_airport,Grand Canyon National Park Airport,Grand Canyon - Tusayan,US,35.9524,-112.1470,yes,America/Phoenix
GCT,small_airport,Grand Canyon Bar Ten Airstrip,Littlefield,US,36.2580,-113.2311,no,America/Phoenix
GCV,small_airport,Gravatai Airport,Gravatai,BR,-29.9494,-50.9851,no,America/Sao_Paulo
GCW,small_airport,Grand Canyon West Airport,Peach Springs,US,35.9858,-113.8171,no,America/Phoenix
GCY,small_airport,Greeneville Municipal Airport,Greeneville,US,36.1956,-82.8115,no,America/New_York
GDB,medium_airport,Gondia Airport,Gondia,IN,21.5268,80.2903,yes,Asia/Kolkata
GDC,small_airport,Donaldson Field Airport,Greenville,US,34.7583,-82.3764,no,America/New_York
GDD,small_airport,Gordon Downs Airport,Gordon Downs,AU,-18.6781,128.5920,no,Australia/Perth
GDE,medium_airport,Gode Airport,Gode,ET,5.9351,43.5786,yes,Africa/Addis_Ababa
GDI,small_airport,Gordil Airport,Melle,CF,9.5811,21.7282,no,Africa/Bangui
GDL,large_airport,Guadalajara International Airport,Guadalajara,MX,20.5233,-103.3101,yes,America/Mexico_City
GDM,small_airport,Gardner Municipal Airport,Gardner,US,42.5500,-72.0161,no,America/New_York
GDN,large_airport,Gdańsk Lech Wałęsa Airport,Gdańsk,PL,54.3776,18.4662,yes,Europe/Warsaw
GDO,medium_airport,Guasdualito Airport,Guasdualito,VE,7.2108,-70.7564,no,America/Caracas
GDP,small_airport,Guadalupe Airport,Guadalupe,BR,-6.7822,-43.5822,no,America/Fortaleza
GDQ,medium_airport,Gondar Airport,Azezo,ET,12.5199,37.4340,yes,Africa/Addis_Ababa
GDR,small_airport,Angra dos Reis Airport,Angra dos Reis,BR,-22.9753,-44.3071,no,America/Sao_Paulo
GDT,medium_airport,JAGS McCartney International Airport,Cockburn Town,TC,21.4445,-71.1423,yes,America/Grand_Turk
GDV,medium_airport,Dawson Community Airport,Glendive,US,47.1377,-104.8069,yes,America/Denver
GDW,small_airport,Gladwin Zettel Memorial Airport,Gladwin,US,43.9706,-84.4750,no,America/Detroit
GDX,medium_airport,Sokol Airport,Magadan,RU,59.9110,150.7200,yes,Asia/Magadan
GDZ,medium_airport,Gelendzhik Airport,Gelendzhik,RU,44.5821,38.0125,yes,Europe/Moscow
GEA,medium_airport,Nouméa Magenta Airport,Nouméa,NC,-22.2577,166.4728,yes,Pacific/Noumea
GEB,small_airport,Gebe Airport,Gebe Island,ID,-0.0789,129.4580,no,Asia/Jayapura
GEC,medium_airport,Lefkoniko Airport / Geçitkale Air Base,Lefkoniko (Geçitkale),CY,35.2359,33.7201,yes,Asia/Famagusta
GED,small_airport,Delaware Coastal Airport,Georgetown,US,38.6892,-75.3589,no,America/New_York
GEE,small_airport,George Town Airport,George Town,AU,-41.0795,146.8391,no,Australia/Hobart
GEF,small_airport,Geva Airport,Liangia,SB,-7.5758,156.5970,no,Pacific/Guadalcanal
GEG,large_airport,Spokane International Airport,Spokane,US,47.6199,-117.5340,yes,America/Los_Angeles
GEL,medium_airport,Santo Ângelo Airport,Santo Ângelo,BR,-28.2825,-54.1696,yes,America/Sao_Paulo
GEM,medium_airport,President Obiang Nguema International Airport,Mengomeyén,GQ,1.6764,11.0249,yes,Africa/Malabo
GEO,large_airport,Cheddi Jagan International Airport,Georgetown,GY,6.4985,-58.2541,yes,America/Guyana
GER,medium_airport,Rafael Cabrera Airport,Nueva Gerona,CU,21.8347,-82.7838,yes,America/Havana
GES,large_airport,General Santos International Airport,General Santos,PH,6.0572,125.0962,yes,Asia/Manila
GET,medium_airport,Geraldton Airport,Moonyoonooka,AU,-28.7961,114.7070,yes,Australia/Perth
GEV,medium_airport,Gällivare Airport,Gällivare,SE,67.1324,20.8146,yes,Europe/Stockholm
GEW,small_airport,Gewoia Airport,Gewoia,PG,-9.2263,148.4949,no,Pacific/Port_Moresby
GEY,small_airport,South Big Horn County Airport,Greybull,US,44.5168,-108.0830,no,America/Denver
GFD,small_airport,Pope Field,Greenfield,US,39.7907,-85.7350,no,America/Indiana/Indianapolis
GFE,small_airport,Grenfell Airport,Grenfell,AU,-34.0000,148.1330,no,Australia/Sydney
GFF,medium_airport,Griffith Airport,Griffith,AU,-34.2508,146.0670,yes,Australia/Sydney
GFK,medium_airport,Grand Forks International Airport,Grand Forks,US,47.9493,-97.1761,yes,America/Chicago
GFL,medium_airport,Floyd Bennett Memorial Airport,Glens Falls,US,43.3412,-73.6103,no,America/New_York
GFN,medium_airport,Clarence Valley Regional Airport,Grafton,AU,-29.7548,153.0312,no,Australia/Sydney
GFO,small_airport,Bartica A Airport,Bartica,GY,6.3589,-58.6552,no,America/Guyana
GFR,medium_airport,Granville Airport,"Bréville-sur-Mer, Manche",FR,48.8831,-1.5642,no,Europe/Paris
GFY,medium_airport,Grootfontein Airport,Grootfontein,NA,-19.6022,18.1227,no,Africa/Windhoek
GGB,small_airport,Frederico Carlos Müller Airport,Água Boa,BR,-14.0200,-52.1520,no,America/Cuiaba
GGC,small_airport,Lumbala Airport,Lumbala N'guimbo,AO,-14.1051,21.4508,no,Africa/Luanda
GGD,small_airport,Gregory Downs Airport,,AU,-18.6250,139.2330,no,Australia/Brisbane
GGE,small_airport,Georgetown County Airport,Georgetown,US,33.3117,-79.3196,no,America/New_York
GGF,small_airport,Almeirim Airport,Almeirim,BR,-1.4795,-52.5782,yes,America/Santarem
GGG,medium_airport,East Texas Regional Airport,Longview,US,32.3840,-94.7115,yes,America/Chicago
GGH,small_airport,Engenheiro Gastão de Mesquita Filho Airport,Cianorte,BR,-23.6916,-52.6421,no,America/Sao_Paulo
GGJ,small_airport,Guaíra Airport,Guaíra,BR,-24.0811,-54.1917,yes,America/Sao_Paulo
GGM,small_airport,Kakamega Airport,Kakamega,KE,0.2714,34.7881,no,Africa/Nairobi
GGN,small_airport,Gagnoa Airport,Gagnoa,CI,6.1029,-5.9868,no,Africa/Abidjan
GGO,small_airport,Guiglo Airport,Guiglo,CI,6.5347,-7.5268,no,Africa/Abidjan
GGR,small_airport,Garowe Airport,Garowe,SO,8.4585,48.5681,yes,Africa/Mogadishu
GGS,small_airport,Gobernador Gregores Airport,Gobernador Gregores,AR,-48.7831,-70.1500,yes,America/Argentina/Rio_Gallegos
GGT,medium_airport,Exuma International Airport,Moss Town,BS,23.5626,-75.8780,yes,America/Nassau
GGW,medium_airport,Glasgow Valley County Airport Wokal Field,Glasgow,US,48.2125,-106.6150,yes,America/Denver
GHA,medium_airport,Noumérat - Moufdi Zakaria Airport,El Atteuf,DZ,32.3841,3.7941,yes,Africa/Algiers
GHB,medium_airport,Governor's Harbour Airport,Governor's Harbour,BS,25.2847,-76.3310,yes,America/Nassau
GHC,medium_airport,Great Harbour Cay Airport,Bullocks Harbour,BS,25.7383,-77.8401,no,America/Nassau
GHE,small_airport,Garachiné Airport,Garachiné,PA,8.0644,-78.3673,no,America/Panama
GHF,small_airport,Giebelstadt Airport,Giebelstadt,DE,49.6481,9.9664,no,Europe/Berlin
GHK,small_airport,Gahcho Kue,Kennedy Lake,CA,63.4352,-109.1448,no,America/Edmonton
GHM,small_airport,Centerville Municipal Airport,Centerville,US,35.8374,-87.4454,no,America/Chicago
GHN,medium_airport,Guanghan Airport,Deyang (Guanghan),CN,30.9485,104.3296,no,Asia/Shanghai
GHS,small_airport,Melalan Airport,Melak-Borneo Island,ID,-0.2036,115.7600,no,Asia/Makassar
GHT,medium_airport,Ghat Airport,Ghat,LY,25.1456,10.1426,yes,Africa/Tripoli
GHU,medium_airport,Gualeguaychu Airport,Gualeguaychu,AR,-33.0056,-58.6128,no,America/Argentina/Cordoba
GHV,large_airport,Brașov-Ghimbav International Airport,Brașov (Ghimbav),RO,45.7056,25.5229,yes,Europe/Bucharest
GIB,large_airport,Gibraltar Airport,Gibraltar,GI,36.1517,-5.3498,yes,Europe/Gibraltar
GIC,small_airport,Boigu Island Airport,Boigu Island,AU,-9.2328,142.2180,yes,Australia/Brisbane
GID,medium_airport,Gitega Airport,Gitega,BI,-3.4172,29.9113,yes,Africa/Bujumbura
GIF,small_airport,Winter Haven Regional Airport - Gilbert Field,Winter Haven,US,28.0629,-81.7533,no,America/New_York
GIG,large_airport,Rio Galeão – Tom Jobim International Airport,Rio De Janeiro,BR,-22.8100,-43.2506,yes,America/Sao_Paulo
GII,small_airport,Siguiri Airport,Siguiri,GN,11.3998,-9.1884,no,Africa/Conakry
GIL,medium_airport,Gilgit Airport,Gilgit,PK,35.9188,74.3336,yes,Asia/Karachi
GIM,small_airport,Miele Mimbale Airport,Miele Mimbale,GA,-0.0289,11.4180,no,Africa/Libreville
GIR,medium_airport,Santiago Vila Airport,Girardot,CO,4.2762,-74.7967,no,America/Bogota
GIS,medium_airport,Gisborne Airport,Gisborne,NZ,-38.6633,177.9780,yes,Pacific/Auckland
GIT,small_airport,Mchauru Airport,Geita,TZ,-2.8137,32.1725,no,Africa/Dar_es_Salaam
GIU,small_airport,Sigiriya Air Force Base,Sigiriya,LK,7.9567,80.7285,no,Asia/Colombo
GIY,small_airport,Giyani Airport,Giyani,ZA,-23.2833,30.6500,no,Africa/Johannesburg
GIZ,medium_airport,Jizan Regional Airport / King Abdullah bin Abdulaziz Airport,Jizan,SA,16.9011,42.5858,yes,Asia/Riyadh
GJA,medium_airport,La Laguna Airport,Guanaja,HN,16.4454,-85.9066,yes,America/Tegucigalpa
GJL,large_airport,Jijel Ferhat Abbas Airport,Tahir,DZ,36.7941,5.8737,yes,Africa/Algiers
GJM,medium_airport,Guajará-Mirim Airport,Guajará-Mirim,BR,-10.7864,-65.2849,no,America/Porto_Velho
GJR,small_airport,Gjögur Airport,Gjögur,IS,65.9953,-21.3269,no,Atlantic/Reykjavik
GJT,medium_airport,Grand Junction Regional Airport,Grand Junction,US,39.1267,-108.5294,yes,America/Denver
GKA,medium_airport,Goroka Airport,Goronka,PG,-6.0817,145.3920,yes,Pacific/Port_Moresby
GKD,small_airport,Gökçeada Airport,Gökçeada,TR,40.2045,25.8833,no,Europe/Istanbul
GKE,medium_airport,Geilenkirchen Air Base,Geilenkirchen,DE,50.9608,6.0424,no,Europe/Berlin
GKH,small_airport,Palungtar Airport,Gorkha,NP,28.0385,84.4664,no,Asia/Kathmandu
GKK,small_airport,Kooddoo Airport,Huvadhu Atoll,MV,0.7324,73.4336,yes,Indian/Maldives
GKL,small_airport,Great Keppel Is Airport,Great Keppel Island,AU,-23.1846,150.9416,no,Australia/Brisbane
GKN,medium_airport,Gulkana Airport,Gulkana,US,62.1559,-145.4547,yes,America/Anchorage
GKT,small_airport,Gatlinburg-Pigeon Forge Airport,Sevierville,US,35.8578,-83.5287,no,America/New_York
GLA,large_airport,Glasgow Airport,Glasgow,GB,55.8719,-4.4331,yes,Europe/London
GLB,small_airport,San Carlos Apache Airport,Globe,US,33.3531,-110.6670,no,America/Phoenix
GLC,small_airport,Geladi Airport,Geladi,ET,6.9844,46.4214,no,Africa/Addis_Ababa
GLD,medium_airport,Goodland Municipal Airport,Goodland,US,39.3707,-101.6998,no,America/Denver
GLE,small_airport,Gainesville Municipal Airport,Gainesville,US,33.6514,-97.1970,no,America/Chicago
GLF,medium_airport,Golfito Airport,Golfito,CR,8.6540,-83.1822,yes,America/Costa_Rica
GLG,small_airport,Glengyle Airport,,AU,-24.8083,139.6000,no,Australia/Brisbane
GLH,medium_airport,Mid Delta Regional Airport,Greenville,US,33.4829,-90.9856,yes,America/Chicago
GLI,medium_airport,Glen Innes Airport,Glen Innes,AU,-29.6760,151.6912,no,Australia/Sydney
GLK,small_airport,Galcaio Airport,Galcaio,SO,6.7808,47.4547,yes,Africa/Mogadishu
GLL,small_airport,Gol Airport,Klanten flyplass,NO,60.7911,9.0487,no,Europe/Oslo
GLM,small_airport,Glenormiston Airport,,AU,-22.8883,138.8250,no,Australia/Brisbane
GLN,small_airport,Guelmim Airport,Guelmim,MA,29.0267,-10.0503,no,Africa/Casablanca
GLO,medium_airport,Gloucestershire Airport,"Staverton, Gloucestershire",GB,51.8942,-2.1672,no,Europe/London
GLP,small_airport,Gulgubip Airport,Gulgubip,PG,-5.2808,141.5411,no,Pacific/Port_Moresby
GLR,small_airport,Gaylord Regional Airport,Gaylord,US,45.0135,-84.7036,no,America/Detroit
GLS,medium_airport,Scholes International At Galveston Airport,Galveston,US,29.2653,-94.8604,no,America/Chicago
GLT,medium_airport,Gladstone Airport,Gladstone,AU,-23.8698,151.2254,yes,Australia/Brisbane
GLU,medium_airport,Gelephu Airport,Gelephu,BT,26.8846,90.4641,no,Asia/Thimphu
GLV,small_airport,Golovin Airport,Golovin,US,64.5505,-163.0070,yes,America/Nome
GLW,small_airport,Glasgow Municipal Airport,Glasgow,US,37.0318,-85.9537,no,America/Chicago
GLX,small_airport,Gamarmalamo Airport,Galela,ID,1.8381,127.7862,no,Asia/Jayapura
GLZ,medium_airport,Gilze Rijen Air Base,Rijen,NL,51.5674,4.9318,no,Europe/Amsterdam
GMA,medium_airport,Gemena Airport,Gemena,CD,3.2354,19.7713,yes,Africa/Kinshasa
GMB,medium_airport,Gambela Airport,Gambela,ET,8.1288,34.5631,yes,Africa/Addis_Ababa
GMC,small_airport,Guerima Airport,Puerto Carreño,CO,3.6300,-70.3230,no,America/Bogota
GMD,small_airport,Ben Slimane Airport,Ben Slimane,MA,33.6554,-7.2214,no,Africa/Casablanca
GME,medium_airport,Gomel Airport,Gomel,BY,52.5270,31.0167,yes,Europe/Minsk
GMI,small_airport,Gasmata Island Airport,Gasmata Island,PG,-6.2711,150.3310,yes,Pacific/Port_Moresby
GMM,small_airport,Gamboma Airport,Gamboma,CG,-1.8294,15.8852,no,Africa/Brazzaville
GMN,small_airport,Greymouth Airport,,NZ,-42.4617,171.1900,no,Pacific/Auckland
GMO,medium_airport,Gombe Lawanti International Airport,Gombe,NG,10.2989,10.9000,yes,Africa/Lagos
GMP,large_airport,Seoul Gimpo International Airport,Seoul,KR,37.5583,126.7910,yes,Asia/Seoul
GMQ,medium_airport,Golog Maqên Airport,Golog (Maqên),CN,34.4181,100.3011,yes,Asia/Shanghai
GMR,medium_airport,Totegegie Airport,,PF,-23.0799,-134.8900,yes,Pacific/Gambier
GMS,small_airport,Antônio Guerreiro Airport,Guimarães,BR,-2.1094,-44.6511,no,America/Fortaleza
GMT,small_airport,Granite Mountain Air Station,Granite Mountain,US,65.4021,-161.2810,no,America/Anchorage
GMU,medium_airport,Greenville Downtown Airport,Greenville,US,34.8479,-82.3502,no,America/New_York
GMV,small_airport,Monument Valley Airport,Oljato-Monument Valley,US,37.0159,-110.2020,no,America/Denver
GMZ,small_airport,La Gomera Airport,"Alajero, La Gomera Island",ES,28.0296,-17.2146,yes,Atlantic/Canary
GNA,medium_airport,Hrodna Airport,Hrodna,BY,53.6020,24.0538,no,Europe/Minsk
GNB,medium_airport,Grenoble Alpes Isère Airport,Grenoble,FR,45.3629,5.3294,yes,Europe/Paris
GND,large_airport,Maurice Bishop International Airport,Saint George's,GD,12.0040,-61.7853,yes,America/Grenada
GNF,small_airport,Gansner Field,Quincy,US,39.9439,-120.9450,no,America/Los_Angeles
GNG,small_airport,Gooding Municipal Airport,Gooding,US,42.9172,-114.7650,no,America/Boise
GNI,small_airport,Lüdao Airport,Lüdao,TW,22.6739,121.4660,no,Asia/Taipei
GNJ,large_airport,Ganja International Airport,Ganja,AZ,40.7387,46.3204,yes,Asia/Baku
GNM,small_airport,Guanambi Airport,Guanambi,BR,-14.2082,-42.7461,no,America/Bahia
GNN,small_airport,Ghinnir Airport,Ghinnir,ET,7.1500,40.7170,no,Africa/Addis_Ababa
GNR,small_airport,Dr. Arturo H. Illia Airport,General Roca,AR,-39.0007,-67.6205,no,America/Argentina/Salta
GNS,medium_airport,Binaka Airport,Gunungsitoli,ID,1.1663,97.7052,yes,Asia/Jakarta
GNT,small_airport,Grants-Milan Municipal Airport,Grants,US,35.1673,-107.9020,no,America/Denver
GNU,small_airport,Goodnews Airport,Goodnews,US,59.1176,-161.5752,yes,America/Anchorage
GNV,medium_airport,Gainesville Regional Airport,Gainesville,US,29.6901,-82.2718,yes,America/New_York
GNY,large_airport,Şanlıurfa GAP Airport,Şanlıurfa,TR,37.4457,38.8956,yes,Europe/Istanbul
GNZ,small_airport,Ghanzi Airport,Ghanzi,BW,-21.6925,21.6581,no,Africa/Gaborone
GOA,large_airport,Genoa Cristoforo Colombo Airport,Genova (GE),IT,44.4120,8.8407,yes,Europe/Rome
GOB,small_airport,Robe Airport,Goba,ET,7.1190,40.0452,no,Africa/Addis_Ababa
GOC,small_airport,Gora Airstrip,Gora,PG,-9.0021,148.2364,no,Pacific/Port_Moresby
GOE,small_airport,Gonaili Airport,Gonaili,PG,-5.5277,151.5733,no,Pacific/Port_Moresby
GOG,small_airport,Gobabis Airport,Gobabis,NA,-22.5044,18.9731,no,Africa/Windhoek
GOH,large_airport,Nuuk International Airport,Nuuk,GL,64.1911,-51.6791,yes,America/Nuuk
GOI,large_airport,Goa Dabolim International Airport,Vasco da Gama,IN,15.3801,73.8333,yes,Asia/Kolkata
GOJ,large_airport,Nizhny Novgorod / Strigino International Airport,Nizhny Novgorod,RU,56.2274,43.7852,yes,Europe/Moscow
GOK,small_airport,Guthrie-Edmond Regional Airport,Guthrie,US,35.8498,-97.4156,no,America/Chicago
GOL,small_airport,Gold Beach Municipal Airport,Gold Beach,US,42.4134,-124.4240,no,America/Los_Angeles
GOM,large_airport,Goma International Airport,Goma,CD,-1.6668,29.2380,yes,Africa/Lubumbashi
GON,medium_airport,Groton New London Airport,Groton,US,41.3301,-72.0451,no,America/New_York
GOO,small_airport,Goondiwindi Airport,,AU,-28.5214,150.3200,no,Australia/Brisbane
GOP,medium_airport,Gorakhpur Airport,Gorakhpur,IN,26.7397,83.4497,yes,Asia/Kolkata
GOQ,medium_airport,Golmud Airport,Golmud,CN,36.4006,94.7861,yes,Asia/Shanghai
GOR,small_airport,Gore Airport,Gore,ET,8.1614,35.5529,no,Africa/Addis_Ababa
GOS,small_airport,Somersby Airstrip,Gosford,AU,-33.3677,151.2998,no,Australia/Sydney
GOT,large_airport,Göteborg Landvetter Airport,Göteborg,SE,57.6628,12.2798,yes,Europe/Stockholm
GOU,large_airport,Garoua International Airport,Garoua,CM,9.3348,13.3721,yes,Africa/Douala
GOV,medium_airport,Gove Airport,Nhulunbuy,AU,-12.2694,136.8180,yes,Australia/Darwin
GOX,large_airport,Manohar International Airport,Mopa,IN,15.7443,73.8606,yes,Asia/Kolkata
GOY,small_airport,Tura Mountain Airport,Tura,RU,64.3335,100.4329,yes,Asia/Krasnoyarsk
GOZ,medium_airport,Gorna Oryahovitsa Airport,Gorna Oryahovitsa,BG,43.1514,25.7129,no,Europe/Sofia
GPA,medium_airport,Patras Araxos Agamemnon Airport,Patras,GR,38.1511,21.4256,yes,Europe/Athens
GPB,small_airport,Tancredo Thomas de Faria Airport,Guarapuava,BR,-25.3883,-51.5235,no,America/Sao_Paulo
GPD,small_airport,Mount Gordon Airport,Mount Gordon Mine,AU,-19.7726,139.4042,no,Australia/Brisbane
GPI,medium_airport,Guapi Airport,Guapi,CO,2.5701,-77.8980,yes,America/Bogota
GPL,medium_airport,Guapiles Airport,Pococi,CR,10.2172,-83.7970,no,America/Costa_Rica
GPN,medium_airport,Garden Point Airport,Pirlangimpi,AU,-11.3997,130.4256,no,Australia/Darwin
GPO,medium_airport,General Pico Airport,General Pico,AR,-35.6962,-63.7583,no,America/Argentina/Salta
GPS,medium_airport,Seymour Galapagos Ecological Airport,Isla Baltra,EC,-0.4538,-90.2659,yes,Pacific/Galapagos
GPT,medium_airport,Gulfport Biloxi International Airport,Gulfport,US,30.4056,-89.0698,yes,America/Chicago
GPZ,small_airport,Grand Rapids Itasca Co-Gordon Newstrom field,Grand Rapids,US,47.2111,-93.5098,no,America/Chicago
GQQ,small_airport,Galion Municipal Airport,Galion,US,40.7534,-82.7238,no,America/New_York
GRA,small_airport,Gamarra Airport,Puerto Mosquito,CO,8.2020,-73.7653,no,America/Bogota
GRB,medium_airport,Austin Straubel International Airport,Green Bay,US,44.4835,-88.1308,yes,America/Chicago
GRC,small_airport,Grand Cess Airport,Grand Cess,LR,4.5710,-8.2076,no,Africa/Monrovia
GRD,small_airport,Greenwood County Airport,Greenwood,US,34.2487,-82.1591,no,America/New_York
GRE,small_airport,Greenville Airport,Greenville,US,38.8368,-89.3765,no,America/Chicago
GRF,medium_airport,Gray Army Air Field,Fort Lewis/Tacoma,US,47.0792,-122.5810,no,America/Los_Angeles
GRG,small_airport,Gardez Airport,Gardez,AF,33.6274,69.2370,no,Asia/Kabul
GRI,medium_airport,Central Nebraska Regional Airport,Grand Island,US,40.9675,-98.3096,yes,America/Chicago
GRJ,large_airport,George Airport,George,ZA,-34.0056,22.3789,yes,Africa/Johannesburg
GRK,medium_airport,Killeen Regional Airport / Robert Gray Army Airfield,Fort Cavazos,US,31.0672,-97.8289,yes,America/Chicago
GRL,small_airport,Garasa Airport,Au,PG,-7.9807,147.2135,no,Pacific/Port_Moresby
GRM,small_airport,Grand Marais Cook County Airport,Grand Marais,US,47.8383,-90.3829,no,America/Chicago
GRN,small_airport,Gordon Municipal Airport,Gordon,US,42.8060,-102.1750,no,America/Denver
GRO,large_airport,Girona-Costa Brava Airport,Girona,ES,41.9046,2.7618,yes,Europe/Madrid
GRP,small_airport,Gurupi Airport,Gurupi,BR,-11.7396,-49.1322,no,America/Araguaina
GRQ,large_airport,Groningen Airport Eelde,Groningen,NL,53.1191,6.5777,yes,Europe/Amsterdam
GRR,large_airport,Gerald R. Ford International Airport,Grand Rapids,US,42.8808,-85.5228,yes,America/Detroit
GRS,medium_airport,Grosseto Corrado Baccarini Air Base / Grosseto Airport,Grosseto (GR),IT,42.7597,11.0719,no,Europe/Rome
GRT,small_airport,Gujrat Airport,Gujrat,PK,32.6283,74.0673,no,Asia/Karachi
GRU,large_airport,São Paulo/Guarulhos–Governor André Franco Montoro International Airport,São Paulo,BR,-23.4313,-46.4700,yes,America/Sao_Paulo
GRV,large_airport,Akhmat Kadyrov Grozny International Airport,Grozny,RU,43.3881,45.6998,yes,Europe/Moscow
GRW,medium_airport,Graciosa Airport,Santa Cruz da Graciosa,PT,39.0922,-28.0298,yes,Atlantic/Azores
GRX,medium_airport,F.G.L. Airport Granada-Jaén Airport,Granada,ES,37.1887,-3.7774,yes,Europe/Madrid
GRY,medium_airport,Grímsey Airport,Grímsey/Sandvík,IS,66.5458,-18.0173,yes,Atlantic/Reykjavik
GRZ,large_airport,Graz Airport,Feldkirchen bei Graz,AT,46.9911,15.4396,yes,Europe/Vienna
GSA,small_airport,Long Pasia Airport,Long Miau,MY,4.4098,115.7245,no,Asia/Kuching
GSB,medium_airport,Seymour Johnson Air Force Base,Goldsboro,US,35.3394,-77.9606,no,America/New_York
GSC,small_airport,Gascoyne Junction Airport,Gascoyne Junction,AU,-25.0546,115.2026,no,Australia/Perth
GSE,medium_airport,Säve Airport,Göteborg,SE,57.7747,11.8704,no,Europe/Stockholm
GSH,small_airport,Goshen Municipal Airport,Goshen,US,41.5264,-85.7929,no,America/Indiana/Indianapolis
GSI,small_airport,Grand-Santi Airport,Grand-Santi,GF,4.2858,-54.3731,no,America/Cayenne
GSJ,medium_airport,San José Airport,Puerto San José,GT,13.9362,-90.8358,no,America/Guatemala
GSL,small_airport,Taltheilei Narrows Airport,Taltheilei Narrows,CA,62.5981,-111.5430,no,America/Edmonton
GSM,large_airport,Qeshm International Airport,Qeshm(Dayrestan),IR,26.7546,55.9024,yes,Asia/Tehran
GSN,small_airport,Mount Gunson Airport,Mount Gunson,AU,-31.4597,137.1744,no,Australia/Adelaide
GSO,large_airport,Piedmont Triad International Airport,Greensboro,US,36.0994,-79.9373,yes,America/New_York
GSP,medium_airport,Greenville-Spartanburg International Airport,Greenville/Greer/Spartanburg,US,34.8957,-82.2189,yes,America/New_York
GSQ,small_airport,El Owainat East International Airport,Sharq El Owainat,EG,22.5843,28.7216,no,Africa/Cairo
GSR,small_airport,Gardo Airport,Gardo,SO,9.5460,49.1191,no,Africa/Mogadishu
GSS,small_airport,Sabi Sabi Airport,Belfast,ZA,-24.9474,31.4488,no,Africa/Johannesburg
GST,medium_airport,Gustavus Airport,Gustavus,US,58.4253,-135.7070,yes,America/Juneau
GSV,large_airport,Gagarin International Airport,Saratov,RU,51.7128,46.1711,yes,Europe/Saratov
GTA,small_airport,Gatokae Aerodrome,Gatokae,SB,-8.7384,158.2028,yes,Pacific/Guadalcanal
GTC,small_airport,Chato/Geita Airport,Chato District,TZ,-2.7423,31.7068,no,Africa/Dar_es_Salaam
GTE,medium_airport,Groote Eylandt Airport,Groote Eylandt,AU,-13.9724,136.4586,yes,Australia/Darwin
GTF,medium_airport,Great Falls International Airport,Great Falls,US,47.4820,-111.3710,yes,America/Denver
GTG,small_airport,Grantsburg Municipal Airport,Grantsburg,US,45.7981,-92.6644,no,America/Chicago
GTI,small_airport,Rügen Airport,Dreschvitz,DE,54.3835,13.3255,no,Europe/Berlin
GTK,small_airport,Sungai Tekai Airport,Sungai Tekai,MY,2.6412,102.8930,no,Asia/Kuala_Lumpur
GTN,medium_airport,Glentanner Airport,Glentanner Station,NZ,-43.9067,170.1280,no,Pacific/Auckland
GTO,small_airport,Jalaluddin Airport,Gorontalo,ID,0.6371,122.8500,yes,Asia/Makassar
GTP,small_airport,Grants Pass Airport,Grants Pass,US,42.5101,-123.3880,no,America/Los_Angeles
GTR,medium_airport,Golden Triangle Regional Airport,Columbus/W Point/Starkville,US,33.4503,-88.5914,yes,America/Chicago
GTS,small_airport,The Granites Airport,The Granites Gold Mine,AU,-20.5483,130.3470,no,Australia/Darwin
GTT,small_airport,Georgetown Airport,Georgetown,AU,-18.3027,143.5309,no,Australia/Brisbane
GTY,small_airport,Gettysburg Regional Airport,Gettysburg,US,39.8412,-77.2747,no,America/New_York
GTZ,small_airport,Kirawira B Aerodrome,Grumeti Game Reserve,TZ,-2.1608,34.2256,no,Africa/Dar_es_Salaam
GUA,large_airport,La Aurora International Airport,Guatemala City,GT,14.5829,-90.5275,yes,America/Guatemala
GUB,small_airport,Guerrero Negro Airport,San Quintín,MX,28.0261,-114.0240,yes,America/Tijuana
GUC,medium_airport,Gunnison Crested Butte Regional Airport,Gunnison,US,38.5347,-106.9346,yes,America/Denver
GUD,small_airport,Goundam Airport,Goundam,ML,16.3584,-3.6045,no,Africa/Bamako
GUE,small_airport,Guriaso (Keraso) Airport,Guriaso,PG,-3.5832,141.5895,no,Pacific/Port_Moresby
GUF,small_airport,Jack Edwards National Airport,Gulf Shores,US,30.2905,-87.6718,no,America/Chicago
GUG,small_airport,Guari Airport,Guari,PG,-8.1286,146.8722,no,Pacific/Port_Moresby
GUH,medium_airport,Gunnedah Airport,,AU,-30.9575,150.2490,no,Australia/Sydney
GUI,medium_airport,Guiria Airport,,VE,10.5741,-62.3127,no,America/Caracas
GUJ,medium_airport,Edu Chaves Field,Guaratinguetá,BR,-22.7916,-45.2048,no,America/Sao_Paulo
GUL,medium_airport,Goulburn Airport,,AU,-34.8103,149.7260,no,Australia/Sydney
GUM,large_airport,Antonio B. Won Pat International Airport,Hagåtña,GU,13.4850,144.7973,yes,Pacific/Guam
GUO,small_airport,Guriel Airport,Guriel,SO,5.3174,45.9853,no,Africa/Mogadishu
GUP,medium_airport,Gallup Municipal Airport,Gallup,US,35.5117,-108.7882,yes,America/Denver
GUQ,medium_airport,Guanare Airport,Guanare,VE,9.0269,-69.7552,no,America/Caracas
GUR,medium_airport,Gurney Airport,Gurney,PG,-10.3115,150.3340,yes,Pacific/Port_Moresby
GUS,medium_airport,Grissom Air Reserve Base,Peru,US,40.6481,-86.1521,no,America/Indiana/Indianapolis
GUU,small_airport,Grundarfjörður Airport,Grundarfjörður,IS,64.9914,-23.2247,no,Atlantic/Reykjavik
GUV,small_airport,Mougulu Airport,Mougulu,PG,-6.2809,142.4208,no,Pacific/Port_Moresby
GUW,large_airport,Atyrau International Airport,Atyrau,KZ,47.1213,51.8203,yes,Asia/Atyrau
GUX,small_airport,Guna Airport,,IN,24.6547,77.3473,no,Asia/Kolkata
GUY,medium_airport,Guymon Municipal Airport,Guymon,US,36.6851,-101.5080,no,America/Chicago
GUZ,small_airport,Guarapari Airport,Guarapari,BR,-20.6465,-40.4919,yes,America/Sao_Paulo
GVA,large_airport,Geneva International Airport,Geneva,CH,46.2381,6.1090,yes,Europe/Zurich
GVE,small_airport,Gordonsville Municipal Airport,Gordonsville,US,38.1560,-78.1658,no,America/New_York
GVI,small_airport,Green River Airport,Green River,PG,-3.9022,141.1705,no,Pacific/Port_Moresby
GVL,small_airport,Lee Gilmer Memorial Airport,Gainesville,US,34.2726,-83.8302,no,America/New_York
GVN,medium_airport,Sovetskaya Gavan (Maygatka) Airport,Sovetskaya Gavan,RU,48.9251,140.0353,no,Asia/Vladivostok
GVP,small_airport,Greenvale Airport,,AU,-18.9966,145.0136,no,Australia/Brisbane
GVR,medium_airport,Coronel Altino Machado Airport,Governador Valadares,BR,-18.8959,-41.9829,yes,America/Sao_Paulo
GVT,small_airport,Majors Airport,Greenville,US,33.0678,-96.0653,no,America/Chicago
GVX,medium_airport,Gävle Sandviken Airport,Gävle / Sandviken,SE,60.5933,16.9514,no,Europe/Stockholm
GWA,small_airport,Gwa Airport,Gwa,MM,17.6000,94.5833,no,Asia/Yangon
GWD,large_airport,New Gwadar International Airport,Gurandani,PK,25.2967,62.4988,yes,Asia/Karachi
GWE,medium_airport,Josiah Tungamirai Air Force Base,Gweru,ZW,-19.4367,29.8619,no,Africa/Harare
GWL,medium_airport,Gwalior Airport,Gwalior,IN,26.2933,78.2278,yes,Asia/Kolkata
GWO,medium_airport,Greenwood–Leflore Airport,Greenwood,US,33.4950,-90.0882,no,America/Chicago
GWS,small_airport,Glenwood Springs Municipal Airport,Glenwood Springs,US,39.5083,-107.3110,no,America/Denver
GWT,medium_airport,Westerland Sylt Airport,Sylt,DE,54.9132,8.3405,yes,Europe/Berlin
GWV,small_airport,Glendale Fokker Field,Glendale,US,39.9487,-80.7595,no,America/New_York
GXF,large_airport,Seiyun Hadhramaut International Airport,Seiyun,YE,15.9659,48.7881,yes,Asia/Aden
GXG,medium_airport,Negage Airport,Negage,AO,-7.7545,15.2877,yes,Africa/Luanda
GXH,medium_airport,Gannan Xiahe Airport,Gannan (Xiahe),CN,34.8190,102.6223,yes,Asia/Shanghai
GXM,small_airport,Kuala Kurun Airport,Kuala Kurun,ID,-1.1289,113.8731,no,Asia/Pontianak
GXQ,medium_airport,Teniente Vidal Airport,Coyhaique,CL,-45.5942,-72.1061,no,America/Coyhaique
GXX,small_airport,Yagoua Airport,Yagoua,CM,10.3561,15.2372,no,Africa/Douala
GXY,small_airport,Greeley–Weld County Airport,Greeley,US,40.4374,-104.6330,no,America/Denver
GYA,medium_airport,Guayaramerín Airport,Guayaramerín,BO,-10.8886,-65.3810,yes,America/La_Paz
GYB,small_airport,Port Hedland/Wodgina Airport,Wodgina,AU,-21.0366,118.6429,no,Australia/Perth
GYD,large_airport,Heydar Aliyev International Airport,Baku,AZ,40.4728,50.0509,yes,Asia/Baku
GYE,large_airport,José Joaquín de Olmedo International Airport,Guayaquil,EC,-2.1574,-79.8836,yes,America/Guayaquil
GYG,medium_airport,Magan Airport,Magan,RU,62.1035,129.5453,no,Asia/Yakutsk
GYI,medium_airport,Gisenyi Airport,Gisenyi,RW,-1.6772,29.2589,no,Africa/Kigali
GYL,small_airport,Argyle Airport,,AU,-16.6369,128.4514,no,Australia/Perth
GYM,medium_airport,General José María Yáñez International Airport,Guaymas,MX,27.9690,-110.9250,yes,America/Hermosillo
GYN,large_airport,Santa Genoveva International Airport,Goiânia,BR,-16.6320,-49.2207,yes,America/Sao_Paulo
GYO,small_airport,Blangkejeren Airport,Kabupaten Gayo Lues,ID,3.9455,97.3597,no,Asia/Jakarta
GYP,small_airport,Gympie Airport,,AU,-26.2901,152.7030,no,Australia/Brisbane
GYR,small_airport,Phoenix Goodyear Airport,Goodyear,US,33.4225,-112.3760,no,America/Phoenix
GYS,medium_airport,Guangyuan Panlong Airport,Guangyuan (Lizhou),CN,32.3903,105.6946,yes,Asia/Shanghai
GYU,medium_airport,Guyuan Liupanshan Airport,Guyuan (Yuanzhou),CN,36.0789,106.2169,yes,Asia/Shanghai
GYY,medium_airport,Gary/Chicago International Airport,Gary,US,41.6171,-87.4132,yes,America/Chicago
GYZ,small_airport,Gruyere Airport,Cosmo Newbery,AU,-28.0345,123.8151,yes,Australia/Perth
GZG,small_airport,Garze Gesar Airport,Garzê (Garzê),CN,31.7575,99.5542,yes,Asia/Shanghai
GZI,small_airport,Ghazni Airport,Ghazni,AF,33.4879,68.5252,no,Asia/Kabul
GZO,small_airport,Nusatupe Airport,Gizo,SB,-8.0978,156.8640,yes,Pacific/Guadalcanal
GZP,medium_airport,Gazipaşa-Alanya Airport,Gazipaşa,TR,36.2988,32.2970,yes,Europe/Istanbul
GZT,large_airport,Gaziantep Oğuzeli International Airport,Gaziantep,TR,36.9472,37.4787,yes,Europe/Istanbul
GZW,medium_airport,Qazvin Airport,Qazvin,IR,36.2401,50.0471,no,Asia/Tehran
HAA,small_airport,Hasvik Airport,Hasvik,NO,70.4867,22.1397,yes,Europe/Oslo
HAB,small_airport,Marion County Rankin Fite Airport,Hamilton,US,34.1176,-87.9982,no,America/Chicago
HAC,medium_airport,Hachijojima Airport,Hachijojima,JP,33.1148,139.7856,yes,Asia/Tokyo
HAD,medium_airport,Halmstad Airport,Halmstad,SE,56.6911,12.8202,yes,Europe/Stockholm
HAF,small_airport,Half Moon Bay Airport,Half Moon Bay,US,37.5134,-122.5010,no,America/Los_Angeles
HAH,large_airport,Prince Said Ibrahim International Airport,Moroni,KM,-11.5337,43.2719,yes,Indian/Comoro
HAI,small_airport,Three Rivers Municipal Dr Haines Airport,Three Rivers,US,41.9598,-85.5934,no,America/Detroit
HAJ,large_airport,Hannover Airport,Hannover,DE,52.4611,9.6851,yes,Europe/Berlin
HAK,large_airport,Haikou Meilan International Airport,Haikou (Meilan),CN,19.9349,110.4590,yes,Asia/Shanghai
HAL,small_airport,Halali Airport,Halali,NA,-19.0285,16.4585,yes,Africa/Windhoek
HAM,large_airport,Hamburg Helmut Schmidt Airport,Hamburg,DE,53.6304,9.9882,yes,Europe/Berlin
HAN,large_airport,Noi Bai International Airport,Hanoi (Soc Son),VN,21.2212,105.8070,yes,Asia/Bangkok
HAO,small_airport,Butler Co Regional Airport - Hogan Field,Hamilton,US,39.3638,-84.5220,no,America/New_York
HAQ,large_airport,Hanimaadhoo International Airport,Haa Dhaalu Atoll,MV,6.7432,73.1671,yes,Indian/Maldives
HAR,small_airport,Capital City Airport,Harrisburg,US,40.2171,-76.8515,no,America/New_York
HAS,large_airport,Hail International Airport,Hail,SA,27.4379,41.6863,yes,Asia/Riyadh
HAT,small_airport,Heathlands Airport,Shelburne,AU,-11.7369,142.5770,no,Australia/Brisbane
HAU,medium_airport,"Haugesund Airport, Karmøy",Karmøy,NO,59.3453,5.2084,yes,Europe/Oslo
HAV,large_airport,José Martí International Airport,Havana,CU,22.9892,-82.4091,yes,America/Havana
HAW,medium_airport,Haverfordwest Airport,Haverfordwest,GB,51.8331,-4.9611,no,Europe/London
HAY,small_airport,Hacaritama Airport,Aguachica,CO,8.2470,-73.5814,no,America/Bogota
HAZ,small_airport,Hatzfeldhaven Airport,Hatzfeldhaven,PG,-4.4033,145.2056,no,Pacific/Port_Moresby
HBA,large_airport,Hobart International Airport,Hobart (Cambridge),AU,-42.8370,147.5130,yes,Australia/Hobart
HBB,small_airport,Industrial Airpark,Hobbs,US,32.7668,-103.2090,no,America/Denver
HBD,small_airport,Habi Airport,Habi,PG,-6.3200,142.4893,no,Pacific/Port_Moresby
HBE,large_airport,Alexandria International Airport,Alexandria,EG,30.9325,29.6964,yes,Africa/Cairo
HBG,medium_airport,Hattiesburg Bobby L Chain Municipal Airport,Hattiesburg,US,31.2648,-89.2528,no,America/Chicago
HBK,small_airport,Holbrook Municipal Airport,Holbrook,US,34.9407,-110.1380,no,America/Phoenix
HBQ,small_airport,Haibei Qilian Airport,Haibei (Qilian),CN,38.0081,100.6451,yes,Asia/Shanghai
HBR,medium_airport,Hobart Regional Airport,Hobart,US,34.9913,-99.0513,no,America/Chicago
HBU,small_airport,Bulgan Sum Airport,Bulgan,MN,46.1006,91.5842,no,Asia/Hovd
HBX,medium_airport,Hubballi Airport,Hubballi,IN,15.3611,75.0821,yes,Asia/Kolkata
HCA,small_airport,Big Spring Mc Mahon-Wrinkle Airport,Big Spring,US,32.2126,-101.5220,no,America/Chicago
HCC,small_airport,Columbia County Airport,Hudson,US,42.2913,-73.7103,no,America/New_York
HCJ,medium_airport,Hechi Jinchengjiang Airport,Hechi (Jinchengjiang),CN,24.8043,107.7108,yes,Asia/Shanghai
HCM,small_airport,Eil Airport,Eyl,SO,8.1040,49.8200,no,Africa/Mogadishu
HCN,medium_airport,Hengchun Airport,Hengchun,TW,22.0411,120.7300,no,Asia/Taipei
HCQ,medium_airport,Halls Creek Airport,,AU,-18.2339,127.6700,no,Australia/Perth
HCR,medium_airport,Holy Cross Airport,Holy Cross,US,62.1883,-159.7750,yes,America/Anchorage
HCW,small_airport,Cheraw Municipal Airport/Lynch Bellinger Field,Cheraw,US,34.7129,-79.9570,no,America/New_York
HCZ,medium_airport,Chenzhou Beihu Airport,Chenzhou,CN,25.7534,112.8454,yes,Asia/Shanghai
HDD,small_airport,Hyderabad Airport,Hyderabad,PK,25.3181,68.3661,yes,Asia/Karachi
HDE,small_airport,Brewster Field,Holdrege,US,40.4521,-99.3365,no,America/Chicago
HDF,medium_airport,Heringsdorf Airport,Zirchow,DE,53.8787,14.1523,yes,Europe/Berlin
HDG,medium_airport,Handan Airport,Handan,CN,36.5248,114.4241,yes,Asia/Shanghai
HDH,small_airport,Kawaihapai Airfield,Mokuleia,US,21.5795,-158.1970,no,Pacific/Honolulu
HDK,small_airport,Kulhudhuffushi Airport,Kulhudhuffushi,MV,6.6308,73.0678,yes,Indian/Maldives
HDM,medium_airport,Hamadan Airport,Hamadan,IR,34.8664,48.5607,yes,Asia/Tehran
HDN,medium_airport,Yampa Valley Airport,Hayden,US,40.4812,-107.2180,yes,America/Denver
HDO,small_airport,Hindon Airport / Hindon Air Force Station,Ghaziabad,IN,28.7077,77.3589,yes,Asia/Kolkata
HDR,small_airport,Havadarya Airport,Bandar Abbas,IR,27.1583,56.1725,no,Asia/Tehran
HDS,medium_airport,Eastgate Airport / Air Force Base Hoedspruit,Hoedspruit,ZA,-24.3619,31.0529,yes,Africa/Johannesburg
HDY,large_airport,Hat Yai International Airport,Hat Yai,TH,6.9332,100.3930,yes,Asia/Bangkok
HEA,large_airport,Herat - Khwaja Abdullah Ansari International Airport,Guzara,AF,34.2100,62.2283,yes,Asia/Kabul
HEB,small_airport,Hinthada Airport,Hinthada,MM,17.6333,95.4667,no,Asia/Yangon
HED,small_airport,Herendeen Bay Airport,Herendeen Bay,US,55.8023,-160.9013,no,America/Anchorage
HEE,small_airport,Thompson-Robbins Airport,West Helena,US,34.5766,-90.6762,no,America/Chicago
HEG,small_airport,Heglig Airport,Heglig,SD,9.9949,29.3977,no,Africa/Khartoum
HEH,medium_airport,Heho Airport,Heho,MM,20.7471,96.7920,yes,Asia/Yangon
HEI,small_airport,Heide-Büsum Airport,Oesterdeichstrich,DE,54.1533,8.9017,yes,Europe/Berlin
HEK,medium_airport,Heihe Aihui Airport,Heihe,CN,50.1716,127.3089,yes,Asia/Shanghai
HEL,large_airport,Helsinki Vantaa Airport,Helsinki (Vantaa),FI,60.3184,24.9633,yes,Europe/Helsinki
HEO,small_airport,Haelogo Airport,Haelogo,PG,-9.1366,147.5984,no,Pacific/Port_Moresby
HER,large_airport,Heraklion International Nikos Kazantzakis Airport,Heraklion,GR,35.3397,25.1803,yes,Europe/Athens
HES,small_airport,Hermiston Municipal Airport,Hermiston,US,45.8282,-119.2590,no,America/Los_Angeles
HET,large_airport,Hohhot Baita International Airport,Hohhot,CN,40.8497,111.8246,yes,Asia/Shanghai
HEW,small_airport,Dongyang Hengdian General Airport,Jinhua (Dongyang),CN,29.1226,120.2429,no,Asia/Shanghai
HEZ,small_airport,Natchez–Adams County Airport / Hardy-Anders Field,Natchez,US,31.6148,-91.2973,no,America/Chicago
HFA,medium_airport,Uri Michaeli Haifa International Airport,Haifa,IL,32.8102,35.0437,yes,Asia/Jerusalem
HFD,medium_airport,Hartford Brainard Airport,Hartford,US,41.7367,-72.6494,no,America/New_York
HFE,large_airport,Hefei Xinqiao International Airport,Hefei,CN,31.9878,116.9769,yes,Asia/Shanghai
HFF,small_airport,Mackall Army Air Field,Hoffman,US,35.0361,-79.4986,no,America/New_York
HFN,medium_airport,Hornafjörður Airport,Höfn,IS,64.2956,-15.2272,yes,Atlantic/Reykjavik
HFS,small_airport,Hagfors Airport,Råda,SE,60.0201,13.5789,yes,Europe/Stockholm
HFT,medium_airport,Hammerfest Airport,Hammerfest,NO,70.6797,23.6686,yes,Europe/Oslo
HGA,large_airport,Egal International Airport,Hargeisa,SO,9.5141,44.0835,yes,Africa/Mogadishu
HGD,small_airport,Hughenden Airport,Hughenden,AU,-20.8150,144.2250,yes,Australia/Brisbane
HGE,small_airport,Higuerote Airport,Higuerote,VE,10.4625,-66.0928,no,America/Caracas
HGH,large_airport,Hangzhou Xiaoshan International Airport,Hangzhou,CN,30.2361,120.4289,yes,Asia/Shanghai
HGI,medium_airport,Itanagar Donyi Polo Hollongi Airport,Hollongi,IN,26.9668,93.6388,yes,Asia/Kolkata
HGL,small_airport,Helgoland-Düne Airport,Helgoland,DE,54.1853,7.9158,yes,Europe/Berlin
HGN,medium_airport,Mae Hong Son Airport,Mae Hong Son,TH,19.3013,97.9758,yes,Asia/Bangkok
HGO,medium_airport,Korhogo Airport,Korhogo,CI,9.3872,-5.5567,yes,Africa/Abidjan
HGR,medium_airport,Hagerstown Regional Richard A Henson Field,Hagerstown,US,39.7088,-77.7280,yes,America/New_York
HGS,small_airport,Hastings Airport,Freetown,SL,8.3943,-13.1289,no,Africa/Freetown
HGU,medium_airport,Mount Hagen Kagamuga Airport,Mount Hagen,PG,-5.8282,144.2994,yes,Pacific/Port_Moresby
HGZ,small_airport,Hog River Airport,Hogatza,US,66.1761,-155.6848,no,America/Anchorage
HHE,medium_airport,JMSDF Hachinohe Air Base / Hachinohe Airport,Hachinohe,JP,40.5512,141.4654,no,Asia/Tokyo
HHH,medium_airport,Hilton Head Airport,Hilton Head Island,US,32.2244,-80.6975,yes,America/New_York
HHI,small_airport,Wheeler Army Airfield,Wahiawa,US,21.4816,-158.0370,no,Pacific/Honolulu
HHN,large_airport,Frankfurt-Hahn Airport,Frankfurt am Main (Lautzenhausen),DE,49.9464,7.2617,yes,Europe/Berlin
HHQ,medium_airport,Hua Hin Airport,Hua Hin,TH,12.6362,99.9515,yes,Asia/Bangkok
HHR,medium_airport,Jack Northrop Field Hawthorne Municipal Airport,Hawthorne,US,33.9228,-118.3350,yes,America/Los_Angeles
HHZ,small_airport,Hikueru Airport,Hikueru,PF,-17.5483,-142.6120,yes,Pacific/Tahiti
HIA,large_airport,Huai'an Lianshui Airport,Huai'an,CN,33.7927,119.1267,yes,Asia/Shanghai
HIB,medium_airport,Range Regional Airport,Hibbing,US,47.3848,-92.8369,yes,America/Chicago
HID,medium_airport,Horn Island Airport,Horn,AU,-10.5856,142.2928,yes,Australia/Brisbane
HIE,small_airport,Mount Washington Regional Airport,Whitefield,US,44.3675,-71.5458,no,America/New_York
HIF,medium_airport,Hill Air Force Base,Ogden,US,41.1240,-111.9731,no,America/Denver
HIG,small_airport,Highbury Airport,Highbury,AU,-16.4241,143.1453,no,Australia/Brisbane
HII,medium_airport,Lake Havasu City Airport,Lake Havasu City,US,34.5705,-114.3577,yes,America/Phoenix
HIJ,large_airport,Hiroshima Airport,Hiroshima,JP,34.4361,132.9190,yes,Asia/Tokyo
HIL,small_airport,Shilavo Airport,Shilavo,ET,6.0775,44.7637,yes,Africa/Addis_Ababa
HIM,medium_airport,Hingurakgoda Air Force Base,Polonnaruwa Town,LK,8.0498,80.9814,no,Asia/Colombo
HIN,medium_airport,Sacheon Airport / Sacheon Air Base,Sacheon,KR,35.0886,128.0717,yes,Asia/Seoul
HIO,medium_airport,Portland Hillsboro Airport,Portland,US,45.5404,-122.9500,no,America/Los_Angeles
HIP,small_airport,Headingly Airport,,AU,-21.3333,138.2830,no,Australia/Brisbane
HIR,large_airport,Honiara International Airport,Honiara,SB,-9.4280,160.0550,yes,Pacific/Guadalcanal
HIT,small_airport,Haivaro Airport,Haivaro,PG,-6.9406,143.0590,no,Pacific/Port_Moresby
HJB,small_airport,Hejing Bayinbuluke Airport,Hejing,CN,42.9764,83.9955,yes,Asia/Shanghai
HJJ,medium_airport,Huaihua Zhijiang Airport,Huaihua,CN,27.4431,109.7047,yes,Asia/Shanghai
HJR,medium_airport,Khajuraho Airport,Khajuraho,IN,24.8172,79.9186,yes,Asia/Kolkata
HJT,small_airport,Khujirt Airport,Khujirt,MN,46.9258,102.7730,no,Asia/Ulaanbaatar
HKA,small_airport,Blytheville Municipal Airport,Blytheville,US,35.9404,-89.8308,no,America/Chicago
HKB,small_airport,Healy Lake Airport,Healy Lake,US,63.9958,-144.6926,no,America/Anchorage
HKD,large_airport,Hakodate Airport,Hakodate,JP,41.7700,140.8220,yes,Asia/Tokyo
HKG,large_airport,Hong Kong International Airport,Hong Kong,HK,22.3118,113.9149,yes,Asia/Hong_Kong
HKK,medium_airport,Hokitika Airfield,,NZ,-42.7136,170.9850,yes,Pacific/Auckland
HKN,medium_airport,Hoskins Airport,Kimbe,PG,-5.4638,150.4073,yes,Pacific/Port_Moresby
HKR,small_airport,Mara North Conservancy Airstrip,Mara Rianta,KE,-1.1454,35.1249,no,Africa/Nairobi
HKS,small_airport,Hawkins Field,Jackson,US,32.3345,-90.2222,no,America/Chicago
HKT,large_airport,Phuket International Airport,Phuket,TH,8.1133,98.3174,yes,Asia/Bangkok
HKY,medium_airport,Hickory Regional Airport,Hickory,US,35.7411,-81.3895,no,America/New_York
HLA,large_airport,Lanseria International Airport,Johannesburg,ZA,-25.9390,27.9266,yes,Africa/Johannesburg
HLB,small_airport,Batesville Airport,Batesville,US,39.3429,-85.2584,no,America/Indiana/Indianapolis
HLC,small_airport,Hill City Municipal Airport,Hill City,US,39.3788,-99.8315,no,America/Chicago
HLD,large_airport,Hulunbuir Hailar Airport,Hailar,CN,49.2086,119.8223,yes,Asia/Shanghai
HLE,medium_airport,Saint Helena International Airport,Jamestown,SH,-15.9589,-5.6461,yes,Atlantic/St_Helena
HLF,small_airport,Hultsfred Airport,Hultsfred,SE,57.5258,15.8233,no,Europe/Stockholm
HLG,medium_airport,Wheeling Ohio County Airport,Wheeling,US,40.1750,-80.6463,no,America/New_York
HLH,small_airport,Ulanhot Yilelite Airport,Ulanhot,CN,46.1953,122.0083,yes,Asia/Shanghai
HLI,small_airport,Hollister Municipal Airport,Hollister,US,36.8933,-121.4100,no,America/Los_Angeles
HLJ,small_airport,Zhaodong Beidahuang General Airport,Suihua,CN,46.1278,125.7735,no,Asia/Shanghai
HLL,small_airport,Hillside Airport,Hillside,AU,-21.7183,119.4403,no,Australia/Perth
HLM,small_airport,Park Township Airport,Holland,US,42.7959,-86.1620,no,America/Detroit
HLN,medium_airport,Helena Regional Airport,Helena,US,46.6068,-111.9830,yes,America/Denver
HLP,large_airport,Halim Perdanakusuma International Airport,Jakarta,ID,-6.2670,106.8903,yes,Asia/Jakarta
HLS,small_airport,St Helens Airport,,AU,-41.3367,148.2820,no,Australia/Hobart
HLT,medium_airport,Hamilton Airport,,AU,-37.6489,142.0650,no,Australia/Melbourne
HLV,small_airport,Helenvale Airport,Helenvale,AU,-15.6858,145.2150,no,Australia/Brisbane
HLW,small_airport,Hluhluwe Airport,Hluhluwe,ZA,-28.0166,32.2752,no,Africa/Johannesburg
HLZ,medium_airport,Hamilton International Airport,Hamilton,NZ,-37.8670,175.3320,yes,Pacific/Auckland
HMA,medium_airport,Khanty Mansiysk Airport,Khanty-Mansiysk,RU,61.0285,69.0861,yes,Asia/Yekaterinburg
HMB,large_airport,Suhaj International Airport,Suhaj,EG,26.3425,31.7430,yes,Africa/Cairo
HME,medium_airport,Hassi Messaoud-Oued Irara Krim Belkacem Airport,Hassi Messaoud,DZ,31.6730,6.1404,yes,Africa/Algiers
HMG,small_airport,Hermannsburg Airport,Hermannsburg (Ntaria),AU,-23.9265,132.8078,no,Australia/Darwin
HMI,medium_airport,Hami Airport,Hami,CN,42.8414,93.6692,yes,Asia/Shanghai
HMJ,medium_airport,Khmelnytskyi Airport,Khmelnytskyi,UA,49.3597,26.9334,no,Europe/Kyiv
HMN,medium_airport,Holloman Air Force Base,Alamogordo,US,32.8525,-106.1070,no,America/Denver
HMO,large_airport,General Ignacio L. Pesqueira International Airport,Hermosillo,MX,29.0928,-111.0530,yes,America/Hermosillo
HMR,small_airport,"Hamar Lufthavn, Stavsberg",Hamar,NO,60.8181,11.0680,no,Europe/Oslo
HMS,small_airport,Haji Muhammad Sidik Airport,Muara Teweh,ID,-1.0258,114.9288,yes,Asia/Pontianak
HMT,small_airport,Hemet Ryan Airport,Hemet,US,33.7340,-117.0230,no,America/Los_Angeles
HMV,small_airport,Hemavan Airport,Hemavan,SE,65.8061,15.0828,yes,Europe/Stockholm
HMY,small_airport,Seosan Air Base,Seosan,KR,36.7040,126.4860,no,Asia/Seoul
HNA,medium_airport,Iwate Hanamaki Airport,Hanamaki,JP,39.4286,141.1350,yes,Asia/Tokyo
HNB,small_airport,Huntingburg Airport,Huntingburg,US,38.2490,-86.9537,no,America/Indiana/Vincennes
HNC,small_airport,Billy Mitchell Airport,Hatteras,US,35.2328,-75.6178,no,America/New_York
HND,large_airport,Tokyo Haneda International Airport,Tokyo,JP,35.5497,139.7870,yes,Asia/Tokyo
HNG,medium_airport,Hainanzhou Gonghe Airport,Hainan (Gonghe),CN,36.3367,100.4800,no,Asia/Shanghai
HNH,small_airport,Hoonah Airport,Hoonah,US,58.0961,-135.4101,yes,America/Juneau
HNI,small_airport,Heiweni Airport,Heiweni,PG,-7.4223,146.4276,no,Pacific/Port_Moresby
HNL,large_airport,Daniel K. Inouye International Airport,"Honolulu, Oahu",US,21.3184,-157.9257,yes,Pacific/Honolulu
HNM,medium_airport,Hana Airport,Hana,US,20.7956,-156.0140,yes,Pacific/Honolulu
HNN,small_airport,Honinabi Airport,Honinabi,PG,-6.2457,142.1771,no,Pacific/Port_Moresby
HNS,medium_airport,Haines Airport,Haines,US,59.2439,-135.5239,yes,America/Juneau
HNY,small_airport,Hengyang Nanyue Airport,Hengyang,CN,26.7221,112.6180,yes,Asia/Shanghai
HOA,small_airport,Hola Airport,Hola,KE,-1.5213,40.0036,no,Africa/Nairobi
HOB,medium_airport,Lea County Regional Airport,Hobbs,US,32.6875,-103.2170,yes,America/Denver
HOC,small_airport,Komako Airport,Komako,PG,-7.3984,145.8827,no,Pacific/Port_Moresby
HOE,small_airport,Ban Huoeisay Airport,Huay Xai,LA,20.2573,100.4370,no,Asia/Vientiane
HOF,large_airport,Al-Ahsa International Airport,Hofuf,SA,25.2853,49.4852,yes,Asia/Riyadh
HOG,large_airport,Frank Pais International Airport,Holguin,CU,20.7851,-76.3155,yes,America/Havana
HOH,small_airport,Hohenems-Dornbirn Airfield,Hohenems,AT,47.3845,9.6998,no,Europe/Vienna
HOI,medium_airport,Hao Airport,Otepa,PF,-18.0748,-140.9460,yes,Pacific/Tahiti
HOK,small_airport,Hooker Creek Airport,Lajamanu,AU,-18.3367,130.6380,yes,Australia/Darwin
HOM,medium_airport,Homer Airport,Homer,US,59.6445,-151.4792,yes,America/Anchorage
HON,medium_airport,Huron Regional Airport,Huron,US,44.3852,-98.2285,no,America/Chicago
HOO,small_airport,Nhon Co Airfield,Đăk R'Lấp,VN,11.9787,107.5638,no,Asia/Ho_Chi_Minh
HOP,medium_airport,Campbell Army Airfield (Fort Campbell),Fort Campbell,US,36.6742,-87.4897,no,America/Chicago
HOQ,medium_airport,Hof-Plauen Airport,Hof,DE,50.2885,11.8529,no,Europe/Berlin
HOR,medium_airport,Horta Airport,Horta,PT,38.5199,-28.7159,yes,Atlantic/Azores
HOS,small_airport,Chos Malal Airport,Chos Malal,AR,-37.4447,-70.2225,no,America/Argentina/Salta
HOT,medium_airport,Memorial Field Airport,Hot Springs,US,34.4788,-93.0963,yes,America/Chicago
HOU,large_airport,William P. Hobby Airport,Houston,US,29.6453,-95.2768,yes,America/Chicago
HOV,medium_airport,"Ørsta-Volda Airport, Hovden",Ørsta,NO,62.1800,6.0741,yes,Europe/Oslo
HOX,small_airport,Hommalinn Airport,Hommalinn,MM,24.8996,94.9140,no,Asia/Yangon
HPA,medium_airport,Lifuka Island Airport,Lifuka,TO,-19.7770,-174.3410,yes,Pacific/Tongatapu
HPB,small_airport,Hooper Bay Airport,Hooper Bay,US,61.5239,-166.1470,yes,America/Nome
HPE,small_airport,Hope Vale Airport,Hope Vale,AU,-15.2923,145.1035,no,Australia/Brisbane
HPG,medium_airport,Shennongjia Hongping Airport,Shennongjia (Hongping),CN,31.6260,110.3400,yes,Asia/Shanghai
HPH,large_airport,Cat Bi International Airport,Haiphong (Hai An),VN,20.8174,106.7243,yes,Asia/Bangkok
HPN,medium_airport,Westchester County Airport,White Plains,US,41.0670,-73.7076,yes,America/New_York
HPT,small_airport,Hampton Municipal Airport,Hampton,US,42.7237,-93.2263,no,America/Chicago
HPV,small_airport,Princeville Airport,Hanalei,US,22.2093,-159.4452,no,Pacific/Honolulu
HPY,small_airport,Baytown Airport,Baytown,US,29.7861,-94.9527,no,America/Chicago
HQL,medium_airport,Tashikuergan Hongqilafu Airport,Tashikuergan,CN,37.6613,75.2889,yes,Asia/Shanghai
HQM,medium_airport,Bowerman Airport,Hoquiam,US,46.9712,-123.9370,no,America/Los_Angeles
HQQ,small_airport,Anyang Hongqiqu Airport,Anyang,CN,35.8708,114.4619,yes,Asia/Shanghai
HRA,small_airport,Mnichovo Hradiště Airport,Mnichovo Hradiště,CZ,50.5402,15.0066,no,Europe/Prague
HRB,large_airport,Harbin Taiping International Airport,Harbin,CN,45.6234,126.2500,yes,Asia/Shanghai
HRC,small_airport,Sary Su Airport,Zhayrem,KZ,48.3974,70.1915,no,Asia/Almaty
HRE,large_airport,Robert Gabriel Mugabe International Airport,Harare,ZW,-17.9318,31.0928,yes,Africa/Harare
HRF,small_airport,Hoarafushi Airport,,MV,6.9697,72.8963,yes,Indian/Maldives
HRG,large_airport,Hurghada International Airport,Hurghada,EG,27.1768,33.7967,yes,Africa/Cairo
HRH,small_airport,Aligarh Airport,Aligarh,IN,27.8614,78.1454,yes,Asia/Kolkata
HRI,medium_airport,Mattala Rajapaksa International Airport,Mattala,LK,6.2839,81.1242,yes,Asia/Colombo
HRK,medium_airport,Kharkiv International Airport,Kharkiv,UA,49.9269,36.2908,no,Europe/Kyiv
HRL,medium_airport,Valley International Airport,Harlingen,US,26.2285,-97.6544,yes,America/Chicago
HRM,medium_airport,Hassi R'Mel Airport,Hassi R'Mel,DZ,32.9304,3.3115,no,Africa/Algiers
HRO,medium_airport,Boone County Airport,Harrison,US,36.2615,-93.1547,yes,America/Chicago
HRR,small_airport,Herrera Airport,Campiña,CO,3.2167,-75.8500,no,America/Bogota
HRS,medium_airport,Harrismith Airport,Harrismith,ZA,-28.2351,29.1062,no,Africa/Johannesburg
HRY,small_airport,Henbury Airport,Ghan,AU,-24.5840,133.2360,no,Australia/Darwin
HRZ,small_airport,Walter Bündchen Airport,Horizontina,BR,-27.6383,-54.3391,no,America/Sao_Paulo
HSA,large_airport,Hazrat Sultan International Airport,Turkıstan,KZ,43.3111,68.5504,yes,Asia/Almaty
HSB,small_airport,Harrisburg-Raleigh Airport,Harrisburg,US,37.8113,-88.5503,no,America/Chicago
HSC,medium_airport,Shaoguan Danxia Airport,Shaoguan,CN,24.9786,113.4210,yes,Asia/Shanghai
HSF,small_airport,Suifenhe Dongning Airport,Suifenhe,CN,44.4539,130.8439,no,Asia/Shanghai
HSG,large_airport,Kyushu Saga International Airport,Saga,JP,33.1497,130.3020,yes,Asia/Tokyo
HSH,small_airport,Henderson Executive Airport,Las Vegas,US,35.9728,-115.1340,no,America/Los_Angeles
HSI,small_airport,Hastings Municipal Airport,Hastings,US,40.6053,-98.4279,no,America/Chicago
HSJ,small_airport,Zhengzhou Shangjie Airport,Zhengzhou,CN,34.8422,113.2740,no,Asia/Shanghai
HSK,small_airport,Huesca-Pirineos Airport,Monflorite/Alcalá del Obispo,ES,42.0761,-0.3167,no,Europe/Madrid
HSL,medium_airport,Huslia Airport,Huslia,US,65.6979,-156.3510,yes,America/Anchorage
HSM,medium_airport,Horsham Airport,,AU,-36.6697,142.1730,no,Australia/Melbourne
HSN,large_airport,Zhoushan Putuoshan International Airport,Zhoushan,CN,29.9339,122.3623,yes,Asia/Shanghai
HSP,small_airport,Ingalls Field,Hot Springs,US,37.9514,-79.8339,no,America/New_York
HSR,large_airport,Rajkot International Airport,Rajkot,IN,22.3788,71.0394,yes,Asia/Kolkata
HSS,large_airport,Maharaja Agrasen International Airport,Hisar,IN,29.1861,75.7414,yes,Asia/Kolkata
HST,medium_airport,Homestead Air Reserve Base,Homestead,US,25.4886,-80.3836,no,America/New_York
HSV,medium_airport,Huntsville International Airport,Huntsville,US,34.6362,-86.7744,yes,America/Chicago
HSZ,medium_airport,Hsinchu Air Base,Hsinchu City,TW,24.8180,120.9390,no,Asia/Taipei
HTA,large_airport,Chita-Kadala International Airport,Chita,RU,52.0248,113.3058,yes,Asia/Chita
HTG,medium_airport,Khatanga Airport,Khatanga,RU,71.9781,102.4910,yes,Asia/Krasnoyarsk
HTH,small_airport,Hawthorne Industrial Airport,Hawthorne,US,38.5444,-118.6340,no,America/Los_Angeles
HTI,medium_airport,Hamilton Island Airport,Hamilton Island,AU,-20.3581,148.9520,yes,Australia/Lindeman
HTL,small_airport,Roscommon County - Blodgett Memorial Airport,Houghton Lake,US,44.3598,-84.6711,no,America/Detroit
HTM,small_airport,Khatgal Airport,Hatgal,MN,50.4360,100.1395,no,Asia/Ulaanbaatar
HTN,medium_airport,Hotan Airport,Hotan,CN,37.0385,79.8649,yes,Asia/Shanghai
HTO,small_airport,Town of East Hampton Airport,East Hampton,US,40.9600,-72.2511,no,America/New_York
HTR,small_airport,Hateruma Airport,Taketomi,JP,24.0598,123.8056,no,Asia/Tokyo
HTS,medium_airport,Tri-State Airport / Milton J. Ferguson Field,Huntington,US,38.3667,-82.5580,yes,America/New_York
HTT,medium_airport,Huatugou Airport,Mengnai,CN,38.2016,90.8378,yes,Asia/Shanghai
HTU,medium_airport,Hopetoun Airport,,AU,-35.7153,142.3600,no,Australia/Melbourne
HTV,medium_airport,Huntsville Regional Airport,Huntsville,US,30.7469,-95.5872,no,America/Chicago
HTW,small_airport,Lawrence County Airpark,South Point,US,38.4191,-82.4949,no,America/New_York
HTY,medium_airport,Hatay Airport,Antakya,TR,36.3608,36.2856,yes,Europe/Istanbul
HTZ,small_airport,Hato Corozal Airport,Hato Corozal,CO,6.1533,-71.7620,no,America/Bogota
HUA,medium_airport,Redstone Army Air Field,Redstone Arsnl Huntsville,US,34.6787,-86.6848,no,America/Chicago
HUB,small_airport,Humbert River Airport,,AU,-16.4897,130.6303,no,Australia/Darwin
HUC,small_airport,Dr Hermenegildo Ortiz Quinones Airport,Humacao,PR,18.1381,-65.8007,no,America/Puerto_Rico
HUD,small_airport,Humboldt Municipal Airport,Humboldt,US,42.7348,-94.2453,no,America/Chicago
HUE,small_airport,Humera Airport,Akwi,ET,13.8301,36.8824,no,Africa/Addis_Ababa
HUF,medium_airport,"Terre Haute Regional Airport, Hulman Field",Terre Haute,US,39.4515,-87.3076,no,America/Indiana/Indianapolis
HUG,small_airport,Huehuetenango Airport,Huehuetenango,GT,15.3167,-91.5056,yes,America/Guatemala
HUH,medium_airport,Huahine-Fare Airport,Fare,PF,-16.6871,-151.0216,yes,Pacific/Tahiti
HUI,medium_airport,Phu Bai International Airport,Huế,VN,16.4006,107.7031,yes,Asia/Ho_Chi_Minh
HUJ,small_airport,Stan Stamper Municipal Airport,Hugo,US,34.0348,-95.5419,no,America/Chicago
HUK,small_airport,Hukuntsi Airport,Hukuntsi,BW,-23.9897,21.7581,no,Africa/Gaborone
HUL,medium_airport,Houlton International Airport,Houlton,US,46.1231,-67.7921,no,America/New_York
HUM,small_airport,Houma Terrebonne Airport,Houma,US,29.5665,-90.6604,no,America/Chicago
HUN,large_airport,Hualien Chiashan Airport,Hualien City,TW,24.0232,121.6180,yes,Asia/Taipei
HUO,medium_airport,Holingol Huolinhe Airport,Holingol,CN,45.4872,119.4072,yes,Asia/Shanghai
HUQ,small_airport,Hon Airport,,LY,29.1101,15.9656,no,Africa/Tripoli
HUS,small_airport,Hughes Airport,Hughes,US,66.0411,-154.2630,yes,America/Anchorage
HUT,medium_airport,Hutchinson Municipal Airport,Hutchinson,US,38.0655,-97.8606,no,America/Chicago
HUU,medium_airport,Alferez Fap David Figueroa Fernandini Airport,Huánuco,PE,-9.8788,-76.2048,yes,America/Lima
HUV,small_airport,Hudiksvall Airport,Hudiksvall,SE,61.7681,17.0807,no,Europe/Stockholm
HUW,small_airport,Humaitá Airport,Humaitá,BR,-7.5321,-63.0721,no,America/Manaus
HUX,large_airport,Bahías de Huatulco International Airport,Huatulco,MX,15.7754,-96.2605,yes,America/Mexico_City
HUY,medium_airport,Humberside Airport,"Grimsby, Lincolnshire",GB,53.5762,-0.3495,yes,Europe/London
HUZ,medium_airport,Huizhou Pingtan Airport,Huizhou (Pingtan),CN,23.0500,114.6000,yes,Asia/Shanghai
HVA,medium_airport,Analalava Airport,Analalava,MG,-14.6295,47.7636,no,Indian/Antananarivo
HVB,medium_airport,Hervey Bay Airport,Hervey Bay,AU,-25.3201,152.8807,yes,Australia/Brisbane
HVD,medium_airport,Khovd Airport,Khovd,MN,47.9541,91.6282,yes,Asia/Hovd
HVE,small_airport,Hanksville Airport,Hanksville,US,38.4180,-110.7040,no,America/Denver
HVG,medium_airport,"Honningsvåg Airport, Valan",Honningsvåg,NO,71.0097,25.9836,yes,Europe/Oslo
HVK,small_airport,Hólmavík Airport,Hólmavík,IS,65.7047,-21.6964,no,Atlantic/Reykjavik
HVN,medium_airport,Tweed New Haven Airport,New Haven,US,41.2629,-72.8877,yes,America/New_York
HVR,medium_airport,Havre City County Airport,Havre,US,48.5414,-109.7629,yes,America/Denver
HVS,small_airport,Hartsville Regional Airport,Hartsville,US,34.4031,-80.1192,no,America/New_York
HWA,small_airport,Hawabango Airport,Hawabango,PG,-7.3930,146.0035,no,Pacific/Port_Moresby
HWD,small_airport,Hayward Executive Airport,Hayward,US,37.6592,-122.1220,no,America/Los_Angeles
HWK,small_airport,Wilpena Pound Airport,Hawker,AU,-31.8559,138.4681,no,Australia/Adelaide
HWN,medium_airport,Hwange National Park Airport,Gwayi River Farms,ZW,-18.6299,27.0210,no,Africa/Harare
HWO,medium_airport,North Perry Airport,Hollywood,US,26.0012,-80.2407,no,America/New_York
HWR,large_airport,Halwara International Airport,Halwara,IN,30.7485,75.6298,yes,Asia/Kolkata
HXD,medium_airport,Haixi Delingha Airport,Delingha,CN,37.1253,97.2687,yes,Asia/Shanghai
HXX,medium_airport,Hay Airport,,AU,-34.5314,144.8300,no,Australia/Sydney
HYA,medium_airport,Cape Cod Gateway Airport,Hyannis,US,41.6693,-70.2804,yes,America/New_York
HYC,small_airport,Wycombe Air Park,"Marlow, Buckinghamshire",GB,51.6118,-0.8083,no,Europe/London
HYD,large_airport,Rajiv Gandhi International Airport,Hyderabad,IN,17.2313,78.4299,yes,Asia/Kolkata
HYF,small_airport,Hayfields Airport,Bainyik,PG,-3.6984,143.0579,no,Pacific/Port_Moresby
HYN,medium_airport,Taizhou Luqiao Airport,Taizhou (Luqiao),CN,28.5622,121.4290,yes,Asia/Shanghai
HYR,medium_airport,Sawyer County Airport,Hayward,US,46.0252,-91.4443,no,America/Chicago
HYS,medium_airport,Hays Regional Airport,Hays,US,38.8445,-99.2731,yes,America/Chicago
HYV,small_airport,Hyvinkää Airfield,Hyvinkää,FI,60.6544,24.8811,no,Europe/Helsinki
HZA,medium_airport,Heze Mudan Airport,Heze (Dingtao),CN,35.2130,115.7367,yes,Asia/Shanghai
HZB,medium_airport,Merville-Calonne Airport,"Merville, Nord",FR,50.6184,2.6422,no,Europe/Paris
HZG,medium_airport,Hanzhong Chenggu Airport,Hanzhong (Chenggu),CN,33.1335,107.2038,yes,Asia/Shanghai
HZH,medium_airport,Liping Airport,Liping,CN,26.3222,109.1499,yes,Asia/Shanghai
HZK,medium_airport,Húsavík Airport,Húsavík,IS,65.9523,-17.4260,no,Atlantic/Reykjavik
HZL,small_airport,Hazleton Municipal Airport,Hazleton,US,40.9868,-75.9949,no,America/New_York
HZP,small_airport,Fort Mackay / Horizon Airport,Fort Mackay,CA,57.3817,-111.7010,no,America/Edmonton
HZU,medium_airport,Chengdu Huaizhou Airport,Chengdu (Jintang),CN,30.6773,104.5294,no,Asia/Shanghai
HZV,small_airport,Hazyview Airport,Hazyview,ZA,-25.0501,31.1319,no,Africa/Johannesburg
IAA,medium_airport,Igarka Airport,Igarka,RU,67.4372,86.6219,yes,Asia/Krasnoyarsk
IAB,medium_airport,McConnell Air Force Base,Wichita,US,37.6219,-97.2682,no,America/Chicago
IAD,large_airport,Washington Dulles International Airport,Dulles,US,38.9445,-77.4558,yes,America/New_York
IAG,medium_airport,Niagara Falls International Airport,Niagara Falls,US,43.1073,-78.9462,yes,America/New_York
IAH,large_airport,George Bush Intercontinental Airport,Houston,US,29.9844,-95.3414,yes,America/Chicago
IAL,small_airport,Ialibu Airport,Ialibu,PG,-6.2782,143.9944,no,Pacific/Port_Moresby
IAM,medium_airport,Zarzaitine - In Aménas Airport,In Aménas,DZ,28.0515,9.6429,yes,Africa/Algiers
IAN,medium_airport,Bob Baker Memorial Airport,Kiana,US,66.9761,-160.4390,yes,America/Anchorage
IAO,small_airport,Siargao Airport,Del Carmen,PH,9.8591,126.0140,yes,Asia/Manila
IAQ,small_airport,Bahregan Airport,Imam Hassan,IR,29.8401,50.2727,no,Asia/Tehran
IAR,large_airport,Golden Ring Yaroslavl International Airport,Tunoshna,RU,57.5607,40.1574,yes,Europe/Moscow
IAS,large_airport,Iaşi International Airport,Iaşi,RO,47.1796,27.6214,yes,Europe/Bucharest
IAX,small_airport,Miangas Airport,Miangas,ID,5.5604,126.5801,no,Asia/Makassar
IBA,medium_airport,Ibadan Airport,Ibadan,NG,7.3625,3.9783,yes,Africa/Lagos
IBB,small_airport,General Villamil Airport,Puerto Villamil,EC,-0.9426,-90.9530,yes,Pacific/Galapagos
IBE,medium_airport,Perales Airport,Ibagué,CO,4.4216,-75.1333,yes,America/Bogota
IBI,small_airport,Iboki Airport,Iboki,PG,-5.5536,149.1900,no,Pacific/Port_Moresby
IBL,medium_airport,Indigo Bay Lodge Airport,Bazaruto Island,MZ,-21.7080,35.4528,no,Africa/Maputo
IBM,small_airport,Iron Bridge Mine Airport,Japal Camp,AU,-21.2876,118.8825,no,Australia/Perth
IBO,small_airport,Ibo Airport,Ibo,MZ,-12.3502,40.6023,no,Africa/Maputo
IBP,medium_airport,Iberia Airport,Iberia,PE,-11.4116,-69.4887,no,America/Lima
IBR,large_airport,Ibaraki Airport,Omitama,JP,36.1815,140.4144,yes,Asia/Tokyo
IBZ,large_airport,Ibiza Airport,Ibiza (Eivissa),ES,38.8729,1.3731,yes,Europe/Madrid
ICA,small_airport,Ikabaru Airport,Ikabarú,VE,4.3381,-61.7387,no,America/Caracas
ICC,small_airport,Andrés Miguel Salazar Marcano Airport,Isla de Coche,VE,10.7944,-63.9816,yes,America/Caracas
ICI,small_airport,Cicia Airport,Cicia,FJ,-17.7433,-179.3420,yes,Pacific/Fiji
ICK,small_airport,Nieuw Nickerie - Major Henk Fernandes Airport,Nieuw Nickerie,SR,5.9554,-57.0406,no,America/Paramaribo
ICL,small_airport,Schenck Field,Clarinda,US,40.7218,-95.0264,no,America/Chicago
ICN,large_airport,Incheon International Airport,Seoul,KR,37.4691,126.4510,yes,Asia/Seoul
ICO,small_airport,Sicogon Airstrip,Carles,PH,11.4595,123.2506,no,Asia/Manila
ICS,small_airport,Cascade Airport,Cascade,US,44.4938,-116.0160,no,America/Boise
ICT,medium_airport,Wichita Dwight D. Eisenhower National Airport,Wichita,US,37.6503,-97.4286,yes,America/Chicago
ICY,small_airport,Icy Bay Airport,Icy Bay,US,59.9663,-141.6601,no,America/Anchorage
IDA,medium_airport,Idaho Falls Regional Airport,Idaho Falls,US,43.5146,-112.0710,yes,America/Boise
IDB,small_airport,Idre Airport,Idre,SE,61.8697,12.6894,no,Europe/Stockholm
IDF,small_airport,Idiofa Airport,Idiofa,CD,-4.9706,19.5787,no,Africa/Kinshasa
IDG,small_airport,Ida Grove Municipal Airport,Ida Grove,US,42.3326,-95.4449,no,America/Chicago
IDH,small_airport,Idaho County Airport,Grangeville,US,45.9426,-116.1230,no,America/Los_Angeles
IDI,small_airport,Indiana County–Jimmy Stewart Airport,Indiana,US,40.6311,-79.1019,no,America/New_York
IDK,small_airport,Indulkana Airport,Indulkana,AU,-26.9654,133.3220,no,Australia/Adelaide
IDN,small_airport,Indagen Airport,Indagen,PG,-6.2266,147.2440,no,Pacific/Port_Moresby
IDO,small_airport,Santa Izabel do Morro Airport,Cristalândia,BR,-11.5723,-50.6662,no,America/Araguaina
IDP,small_airport,Independence Municipal Airport,Independence,US,37.1584,-95.7784,no,America/Chicago
IDR,large_airport,Devi Ahilya Bai Holkar International Airport,Indore,IN,22.7214,75.8005,yes,Asia/Kolkata
IDY,small_airport,Île d'Yeu Airport,Île d'Yeu,FR,46.7176,-2.3925,no,Europe/Paris
IEG,medium_airport,Zielona Góra-Babimost Airport,Nowe Kramsko,PL,52.1385,15.7986,yes,Europe/Warsaw
IEJ,medium_airport,Iejima Airport,Ie,JP,26.7225,127.7868,no,Asia/Tokyo
IES,small_airport,Riesa-Göhlis Airport,Riesa,DE,51.2936,13.3561,no,Europe/Berlin
IFA,small_airport,Iowa Falls Municipal Airport,Iowa Falls,US,42.4708,-93.2700,no,America/Chicago
IFF,small_airport,Iffley Airport,,AU,-18.9000,141.2170,no,Australia/Brisbane
IFH,small_airport,Hesa Airport,Hesa,IR,32.9289,51.5611,no,Asia/Tehran
IFJ,medium_airport,Ísafjörður Airport,Ísafjörður,IS,66.0581,-23.1353,yes,Atlantic/Reykjavik
IFL,small_airport,Innisfail Airport,,AU,-17.5594,146.0120,no,Australia/Brisbane
IFN,large_airport,Isfahan Shahid Beheshti International Airport,Isfahan,IR,32.7551,51.8839,yes,Asia/Tehran
IFO,medium_airport,Ivano-Frankivsk International Airport,Ivano-Frankivsk,UA,48.8842,24.6861,yes,Europe/Kyiv
IFP,medium_airport,Laughlin Bullhead International Airport,Bullhead City,US,35.1547,-114.5593,no,America/Phoenix
IFU,small_airport,Ifuru Airport,Ifuru Island,MV,5.7083,73.0250,no,Indian/Maldives
IGA,medium_airport,Inagua Airport,Matthew Town,BS,20.9750,-73.6669,yes,America/Nassau
IGB,small_airport,Ingeniero Jacobacci - Captain H R Bordón Airport,Ingeniero Jacobacci,AR,-41.3209,-69.5749,no,America/Argentina/Salta
IGD,medium_airport,Iğdır Airport,Iğdır,TR,39.9766,43.8766,yes,Europe/Istanbul
IGE,small_airport,Tchongorove Airport,Iguela,GA,-1.9308,9.3196,no,Africa/Libreville
IGG,small_airport,Igiugig Airport,Igiugig,US,59.3240,-155.9020,yes,America/Anchorage
IGH,small_airport,Ingham Airport,,AU,-18.6641,146.1458,no,Australia/Brisbane
IGL,medium_airport,Çiğli Airbase,Çiğli,TR,38.5130,27.0101,no,Europe/Istanbul
IGM,medium_airport,Kingman Airport,Kingman,US,35.2595,-113.9380,no,America/Phoenix
IGN,small_airport,Maria Cristina (Iligan) Airport,Balo-i,PH,8.1305,124.2150,no,Asia/Manila
IGO,small_airport,Jaime Ortiz Betancourt Airport,Chigorodó,CO,7.6776,-76.6832,no,America/Bogota
IGR,medium_airport,Cataratas Del Iguazú International Airport,Puerto Iguazu,AR,-25.7373,-54.4734,yes,America/Argentina/Cordoba
IGS,medium_airport,Ingolstadt Manching Airport,Manching,DE,48.7157,11.5340,no,Europe/Berlin
IGT,medium_airport,Magas Airport,Sunzha,RU,43.3233,45.0126,yes,Europe/Moscow
IGU,large_airport,Cataratas International Airport,Foz do Iguaçu,BR,-25.5942,-54.4894,yes,America/Sao_Paulo
IHC,small_airport,Inhaca Airport,Inhaca,MZ,-25.9971,32.9294,no,Africa/Maputo
IHN,small_airport,Qishn Airport,Qishn,YE,15.4170,51.6830,no,Asia/Aden
IHO,small_airport,Ihosy Airport,Ihosy,MG,-22.4047,46.1649,no,Indian/Antananarivo
IHR,medium_airport,Iranshahr Airport,Iranshahr,IR,27.2361,60.7200,no,Asia/Tehran
IHU,small_airport,Ihu Airport,Ihu,PG,-7.8976,145.3960,no,Pacific/Port_Moresby
IIA,small_airport,Inishmaan Aerodrome,Inis Meáin,IE,53.0930,-9.5681,yes,Europe/Dublin
IIL,medium_airport,Ilam Airport,Ilam,IR,33.5866,46.4048,no,Asia/Tehran
IIS,small_airport,Nissan Island Airport,Nissan Island,PG,-4.4997,154.2260,no,Pacific/Bougainville
IJK,medium_airport,Izhevsk Airport,Izhevsk,RU,56.8345,53.4622,yes,Europe/Samara
IJU,small_airport,João Batista Bos Filho Airport,Ijuí,BR,-28.3687,-53.8466,no,America/Sao_Paulo
IJX,small_airport,Jacksonville Municipal Airport,Jacksonville,US,39.7746,-90.2383,no,America/Chicago
IKA,large_airport,Imam Khomeini International Airport,Tehran,IR,35.4161,51.1522,yes,Asia/Tehran
IKB,small_airport,Wilkes County Airport,North Wilkesboro,US,36.2228,-81.0983,no,America/New_York
IKG,medium_airport,Karakol International Airport,Karakol,KG,42.5081,78.4078,yes,Asia/Bishkek
IKI,medium_airport,Iki Airport,Iki,JP,33.7490,129.7850,yes,Asia/Tokyo
IKK,medium_airport,Greater Kankakee Airport,Kankakee,US,41.0714,-87.8463,no,America/Chicago
IKL,small_airport,Ikela Airport,Ikela,CD,-1.0481,23.3725,no,Africa/Kinshasa
IKO,small_airport,Nikolski Air Station,Nikolski,US,52.9416,-168.8495,yes,America/Nome
IKP,small_airport,Inkerman Airport,Inkerman,AU,-16.2292,141.4346,no,Australia/Brisbane
IKS,medium_airport,Tiksi Airport,Tiksi,RU,71.6977,128.9030,yes,Asia/Yakutsk
IKT,large_airport,Irkutsk International Airport,Irkutsk,RU,52.2667,104.3956,yes,Asia/Irkutsk
IKU,large_airport,Issyk-Kul International Airport,Tamchy,KG,42.5856,76.7012,yes,Asia/Bishkek
ILA,small_airport,Ilaga Airport,Ilaga,ID,-3.9765,137.6225,no,Asia/Jayapura
ILD,medium_airport,Lleida-Alguaire Airport,Lleida,ES,41.7282,0.5350,yes,Europe/Madrid
ILE,small_airport,Skylark Field,Killeen,US,31.0858,-97.6865,no,America/Chicago
ILF,small_airport,Ilford Airport,Ilford,CA,56.0516,-95.6188,yes,America/Winnipeg
ILG,medium_airport,Wilmington Airport,Wilmington,US,39.6787,-75.6065,yes,America/New_York
ILI,medium_airport,Iliamna Airport,Iliamna,US,59.7544,-154.9110,yes,America/Anchorage
ILK,small_airport,Atsinanana Airport,Ilaka,MG,-19.5830,48.8030,no,Indian/Antananarivo
ILL,small_airport,Willmar Municipal Airport John L Rice Field (2006),Willmar,US,45.1176,-95.1323,no,America/Chicago
ILM,medium_airport,Wilmington International Airport,Wilmington,US,34.2723,-77.9051,yes,America/New_York
ILN,medium_airport,Wilmington Airpark,Wilmington,US,39.4279,-83.7921,no,America/New_York
ILO,large_airport,Iloilo International Airport,Cabatuan,PH,10.8330,122.4934,yes,Asia/Manila
ILP,medium_airport,Île des Pins Airport,Île des Pins,NC,-22.5889,167.4560,yes,Pacific/Noumea
ILQ,medium_airport,General Jorge Fernandez Maldon Airport,Ilo,PE,-17.6950,-71.3440,yes,America/Lima
ILR,large_airport,General Tunde Idiagbon International Airport,Ilorin/Ogbomosho,NG,8.4402,4.4939,yes,Africa/Lagos
ILS,medium_airport,Ilopango International Airport,San Salvador,SV,13.6995,-89.1199,yes,America/El_Salvador
ILU,small_airport,Kilaguni Airport,Kilaguni,KE,-2.9068,38.0717,no,Africa/Nairobi
ILY,medium_airport,Islay Airport,"Isle of Islay, Argyll and Bute",GB,55.6827,-6.2575,yes,Europe/London
ILZ,medium_airport,Žilina-Dolný Hričov Airport,Dolný Hričov,SK,49.2333,18.6134,no,Europe/Bratislava
IMA,small_airport,Iamalele Airport,"Iamalele, Fergusson Island",PG,-9.5107,150.5246,no,Pacific/Port_Moresby
IMB,small_airport,Imbaimadai Airport,Imbaimadai,GY,5.7081,-60.2942,no,America/Guyana
IMD,small_airport,Imonda Airport,Imonda,PG,-3.3280,141.1573,no,Pacific/Port_Moresby
IMF,large_airport,Bir Tikendrajit International Airport,Imphal,IN,24.7600,93.8967,yes,Asia/Kolkata
IMG,small_airport,Inhaminga Airport,Inhaminga,MZ,-18.4100,35.0045,no,Africa/Maputo
IMI,small_airport,Ine Airport,Arno Atoll,MH,7.0056,171.6570,no,Pacific/Majuro
IMK,small_airport,Simikot Airport,Simikot,NP,29.9711,81.8189,yes,Asia/Kathmandu
IML,small_airport,Imperial Municipal Airport,Imperial,US,40.5093,-101.6210,no,America/Denver
IMM,small_airport,Immokalee Regional Airport,Immokalee,US,26.4279,-81.4035,no,America/New_York
IMN,small_airport,Imane Airport,Imane,PG,-6.7524,146.1072,no,Pacific/Port_Moresby
IMO,small_airport,Zemio Airport,Zemio,CF,5.0022,25.1019,no,Africa/Bangui
IMP,medium_airport,Prefeito Renato Moreira Airport,Imperatriz,BR,-5.5313,-47.4600,yes,America/Fortaleza
IMQ,medium_airport,Maku National Airport,Showt,IR,39.1913,44.9285,no,Asia/Tehran
IMT,medium_airport,Ford Airport,Kingsford,US,45.8191,-88.1146,yes,America/Menominee
IMZ,small_airport,Nimroz Airport,Ziarat-e Amiran Saseb,AF,30.9633,62.0608,no,Asia/Kabul
INA,medium_airport,Inta Airport,Inta,RU,66.0534,60.1058,no,Europe/Moscow
INB,small_airport,Independence Airport,Independence,BZ,16.5346,-88.4416,yes,America/Belize
INC,large_airport,Yinchuan Hedong International Airport,Yinchuan,CN,38.3228,106.3932,yes,Asia/Shanghai
IND,large_airport,Indianapolis International Airport,Indianapolis,US,39.7173,-86.2944,yes,America/Indiana/Indianapolis
INE,small_airport,Chinde Airport,Chinde,MZ,-18.5900,36.4489,no,Africa/Maputo
INF,small_airport,In Guezzam Airport,In Guezzam,DZ,19.5605,5.7493,no,Africa/Algiers
INH,medium_airport,Inhambane Airport,Inhambane,MZ,-23.8764,35.4085,yes,Africa/Maputo
INI,large_airport,Niš Constantine the Great Airport,Niš,RS,43.3365,21.8562,yes,Europe/Belgrade
INJ,small_airport,Injune Airport,Injune,AU,-25.8510,148.5497,no,Australia/Brisbane
INK,medium_airport,Winkler County Airport,Wink,US,31.7796,-103.2010,no,America/Chicago
INL,medium_airport,Falls International Airport,International Falls,US,48.5662,-93.4031,yes,America/Chicago
INM,small_airport,Innamincka Airport,,AU,-27.6976,140.7395,no,Australia/Adelaide
INN,large_airport,Innsbruck Airport,Innsbruck,AT,47.2602,11.3440,yes,Europe/Vienna
INO,small_airport,Inongo Airport,Inongo,CD,-1.9472,18.2858,yes,Africa/Kinshasa
INQ,small_airport,Inisheer Aerodrome,Inis Oírr,IE,53.0647,-9.5109,yes,Europe/Dublin
INS,small_airport,Creech Air Force Base,Indian Springs,US,36.5872,-115.6730,no,America/Los_Angeles
INT,medium_airport,Smith Reynolds Airport,Winston Salem,US,36.1337,-80.2220,no,America/New_York
INU,medium_airport,Nauru International Airport,Yaren,NR,-0.5479,166.9195,yes,Pacific/Nauru
INV,medium_airport,Inverness Airport,Inverness,GB,57.5425,-4.0475,yes,Europe/London
INW,medium_airport,Winslow Lindbergh Regional Airport,Winslow,US,35.0219,-110.7230,no,America/Phoenix
INX,small_airport,Inanwatan Airport,Inanwatan,ID,-2.1274,132.1601,no,Asia/Jayapura
INY,small_airport,Inyati Airport,Inyati,ZA,-24.7777,31.3855,no,Africa/Johannesburg
INZ,medium_airport,In Salah Airport,In Salah,DZ,27.2510,2.5120,yes,Africa/Algiers
IOA,medium_airport,Ioannina King Pyrrhus National Airport,Ioannina,GR,39.6964,20.8225,yes,Europe/Athens
IOK,small_airport,Iokea Airport,Iokea,PG,-8.4010,146.2770,no,Pacific/Port_Moresby
IOM,large_airport,Isle of Man Airport,Castletown,IM,54.0831,-4.6239,yes,Europe/Isle_of_Man
ION,small_airport,Impfondo Airport,Impfondo,CG,1.5900,18.0466,no,Africa/Brazzaville
IOP,small_airport,Ioma Airport,Ioma,PG,-8.3614,147.8400,no,Pacific/Port_Moresby
IOR,small_airport,Inishmore Aerodrome,Inis Mór,IE,53.1067,-9.6536,yes,Europe/Dublin
IOS,medium_airport,Bahia - Jorge Amado Airport,Ilhéus,BR,-14.8159,-39.0335,yes,America/Bahia
IOW,small_airport,Iowa City Municipal Airport,Iowa City,US,41.6392,-91.5465,no,America/Chicago
IPA,small_airport,Ipota Airport,Ipota,VU,-18.8564,169.2833,no,Pacific/Efate
IPC,large_airport,Mataveri International Airport,Isla De Pascua,CL,-27.1654,-109.4210,yes,Pacific/Easter
IPE,small_airport,Ipil Airport,Ipil,PH,7.7849,122.6015,no,Asia/Manila
IPG,small_airport,Ipiranga Airport,Santo Antônio do Içá,BR,-2.9401,-69.6943,no,America/Manaus
IPH,large_airport,Sultan Azlan Shah Airport,Ipoh,MY,4.5673,101.0916,yes,Asia/Kuala_Lumpur
IPI,medium_airport,San Luis Airport,Ipiales,CO,0.8619,-77.6718,yes,America/Bogota
IPL,medium_airport,Imperial County Airport,Imperial,US,32.8354,-115.5740,yes,America/Los_Angeles
IPN,medium_airport,Usiminas Airport,Ipatinga,BR,-19.4707,-42.4876,yes,America/Sao_Paulo
IPT,medium_airport,Williamsport Regional Airport,Williamsport,US,41.2421,-76.9224,yes,America/New_York
IPU,small_airport,Ipiaú Airport,Ipiaú,BR,-14.1735,-39.6840,no,America/Bahia
IPZ,small_airport,San Isidro del General Airport,Pérez Zeledón,CR,9.3487,-83.7123,no,America/Costa_Rica
IQA,medium_airport,Al Asad Air Base,Hīt,IQ,33.7856,42.4412,no,Asia/Baghdad
IQM,medium_airport,Qiemo Yudu Airport,Qiemo,CN,38.2345,85.4655,yes,Asia/Shanghai
IQN,medium_airport,Qingyang Xifeng Airport,Qingyang (Xifeng),CN,35.8026,107.5989,yes,Asia/Shanghai
IQQ,large_airport,Diego Aracena International Airport,Iquique,CL,-20.5363,-70.1814,yes,America/Santiago
IQT,large_airport,Coronel FAP Francisco Secada Vignetta International Airport,Iquitos,PE,-3.7847,-73.3088,yes,America/Lima
IRA,small_airport,Ngorangora Airport,Kirakira,SB,-10.4497,161.8980,yes,Pacific/Guadalcanal
IRB,small_airport,Iraan Municipal Airport,Iraan,US,30.9057,-101.8920,no,America/Chicago
IRC,small_airport,Circle City (New) Airport,Circle,US,65.8277,-144.0762,yes,America/Anchorage
IRD,medium_airport,Ishurdi Airport,Ishurdi,BD,24.1525,89.0494,no,Asia/Dhaka
IRE,small_airport,Irecê Airport,Irecê,BR,-11.3399,-41.8470,no,America/Bahia
IRG,medium_airport,Lockhart River Airport,Lockhart River,AU,-12.7869,143.3050,yes,Australia/Brisbane
IRI,medium_airport,Iringa Airport,Nduli,TZ,-7.6686,35.7521,no,Africa/Dar_es_Salaam
IRJ,medium_airport,Capitan V A Almonacid Airport,La Rioja,AR,-29.3816,-66.7958,yes,America/Argentina/La_Rioja
IRK,medium_airport,Kirksville Regional Airport,Kirksville,US,40.0935,-92.5449,yes,America/Chicago
IRM,small_airport,Igrim Airport,,RU,63.2004,64.4401,no,Asia/Yekaterinburg
IRN,small_airport,Iriona Airport,Iriona,HN,15.9392,-85.1372,no,America/Tegucigalpa
IRO,small_airport,Birao Airport,Birao,CF,10.2364,22.7169,no,Africa/Bangui
IRP,medium_airport,Matari Airport,Isiro,CD,2.8276,27.5883,yes,Africa/Lubumbashi
IRS,small_airport,Kirsch Municipal Airport,Sturgis,US,41.8133,-85.4390,no,America/Detroit
IRZ,small_airport,Tapuruquara Airport,Santa Isabel do Rio Negro,BR,-0.3786,-64.9926,yes,America/Manaus
ISA,medium_airport,Mount Isa Airport,Mount Isa,AU,-20.6664,139.4885,yes,Australia/Brisbane
ISB,large_airport,Islamabad International Airport,Attock,PK,33.5490,72.8257,yes,Asia/Karachi
ISC,small_airport,St. Mary's Airport,"St. Mary's, Isles of Scilly",GB,49.9134,-6.2919,yes,Europe/London
ISD,small_airport,Santa Bárbara Airport,Iscuandé,CO,2.4458,-77.9818,no,America/Bogota
ISE,medium_airport,Süleyman Demirel International Airport,Isparta,TR,37.8554,30.3684,yes,Europe/Istanbul
ISG,medium_airport,New Ishigaki Airport,Ishigaki,JP,24.3964,124.2450,yes,Asia/Tokyo
ISI,small_airport,Isisford Airport,,AU,-24.2583,144.4250,no,Australia/Brisbane
ISJ,small_airport,Isla Mujeres National Airport,Isla Mujeres,MX,21.2460,-86.7404,no,America/Cancun
ISK,large_airport,Nashik International Airport,Nashik,IN,20.1191,73.9129,yes,Asia/Kolkata
ISL,large_airport,İstanbul Atatürk Airport,Istanbul(Bakırköy),TR,40.9719,28.8237,no,Europe/Istanbul
ISM,medium_airport,Kissimmee Gateway Airport,Orlando,US,28.2898,-81.4371,no,America/New_York
ISO,medium_airport,Kinston Regional Jetport At Stallings Field,Kinston,US,35.3314,-77.6088,no,America/New_York
ISP,medium_airport,Long Island MacArthur Airport,Islip,US,40.7963,-73.1017,yes,America/New_York
ISQ,small_airport,Schoolcraft County Airport,Manistique,US,45.9746,-86.1718,no,America/Detroit
ISS,small_airport,Wiscasset Airport,Wiscasset,US,43.9614,-69.7126,no,America/New_York
IST,large_airport,İstanbul Airport,Istanbul,TR,41.2749,28.7321,yes,Europe/Istanbul
ISU,medium_airport,Jalal Talabani International Airport,Sulaymaniyah,IQ,35.5605,45.3151,yes,Asia/Baghdad
ISW,small_airport,Alexander Field South Wood County Airport,Wisconsin Rapids,US,44.3603,-89.8390,no,America/Chicago
ITA,medium_airport,Itacoatiara Airport,Itacoatiara,BR,-3.1265,-58.4817,no,America/Manaus
ITB,medium_airport,Itaituba Airport,Itaituba,BR,-4.2421,-56.0007,yes,America/Santarem
ITE,small_airport,Ituberá Airport,Ituberá,BR,-13.7316,-39.1404,no,America/Bahia
ITH,medium_airport,Ithaca Tompkins Regional Airport,Ithaca,US,42.4910,-76.4584,yes,America/New_York
ITI,small_airport,Fazenda Americana Airport,Itambacuri,BR,-18.1476,-41.7150,no,America/Sao_Paulo
ITJ,small_airport,Campo Comandantes Airport,Itajaí,BR,-26.9831,-48.8164,no,America/Sao_Paulo
ITK,small_airport,Itokama Airport,Itokama,PG,-9.2015,148.2643,no,Pacific/Port_Moresby
ITM,large_airport,Osaka Itami International Airport,Osaka,JP,34.7809,135.4408,yes,Asia/Tokyo
ITN,small_airport,Tertuliano Guedes de Pinho Airport,Itabuna,BR,-14.8105,-39.2904,no,America/Bahia
ITO,medium_airport,Hilo International Airport,Hilo,US,19.7214,-155.0454,yes,Pacific/Honolulu
ITP,small_airport,Itaperuna Airport,Itaperuna,BR,-21.2193,-41.8759,no,America/Sao_Paulo
ITQ,small_airport,Itaqui Airport,Itaqui,BR,-29.1720,-56.5383,no,America/Sao_Paulo
ITR,small_airport,Francisco Vilela do Amaral Airport,Itumbiara,BR,-18.4447,-49.2134,no,America/Sao_Paulo
ITU,small_airport,Iturup Airport,Kurilsk,RU,45.2564,147.9555,yes,Asia/Magadan
IUA,small_airport,Canandaigua Airport,Ontario County IDA,US,42.9089,-77.3252,no,America/New_York
IUE,medium_airport,Niue International Airport,Alofi,NU,-19.0801,-169.9235,yes,Pacific/Niue
IUL,small_airport,Ilu Airport,Ilu,ID,-3.7051,138.2002,no,Asia/Jayapura
IUP,small_airport,Apuí Airport,Apuí,BR,-7.1728,-59.8396,no,America/Manaus
IVA,small_airport,Ampampamena Airport,,MG,-13.4848,48.6327,no,Indian/Antananarivo
IVC,medium_airport,Invercargill Airport,Invercargill,NZ,-46.4124,168.3130,yes,Pacific/Auckland
IVG,small_airport,Berane Airport,Berane,ME,42.8390,19.8620,no,Europe/Podgorica
IVI,small_airport,Viveros Island Airport,Isla Viveros,PA,8.4693,-79.0016,no,America/Panama
IVL,large_airport,Ivalo Airport,Ivalo,FI,68.6073,27.4053,yes,Europe/Helsinki
IVO,small_airport,Chivolo Airport,Chivolo,CO,10.0167,-74.6833,no,America/Bogota
IVR,medium_airport,Inverell Airport,Inverell,AU,-29.8883,151.1440,no,Australia/Sydney
IVW,small_airport,Inverway Airport,Inverway,AU,-17.8411,129.6430,no,Australia/Darwin
IWA,medium_airport,Ivanovo South Airport,Ivanovo,RU,56.9394,40.9408,yes,Europe/Moscow
IWD,small_airport,Gogebic Iron County Airport,Ironwood,US,46.5253,-90.1316,yes,America/Menominee
IWJ,medium_airport,Iwami Airport,Masuda,JP,34.6764,131.7900,yes,Asia/Tokyo
IWK,medium_airport,Iwakuni Kintaikyo Airport,Iwakuni,JP,34.1463,132.2472,yes,Asia/Tokyo
IWO,medium_airport,Ioto (Iwo Jima) Airbase,Ogasawara,JP,24.7842,141.3226,no,Asia/Tokyo
IWS,small_airport,West Houston Airport,Houston,US,29.8182,-95.6726,no,America/Chicago
IXA,medium_airport,Agartala - Maharaja Bir Bikram Airport,Agartala,IN,23.8870,91.2404,yes,Asia/Kolkata
IXB,large_airport,Bagdogra Airport,Siliguri,IN,26.6812,88.3286,yes,Asia/Kolkata
IXC,large_airport,Shaheed Bhagat Singh International Airport,Chandigarh,IN,30.6735,76.7885,yes,Asia/Kolkata
IXD,medium_airport,Prayagraj Airport,Allahabad,IN,25.4401,81.7339,yes,Asia/Kolkata
IXE,large_airport,Mangaluru International Airport,Mangaluru,IN,12.9547,74.8868,yes,Asia/Kolkata
IXG,medium_airport,Belagavi Airport,Belgaum,IN,15.8593,74.6183,yes,Asia/Kolkata
IXH,medium_airport,Kailashahar Airport,Kailashahar,IN,24.3087,92.0077,no,Asia/Kolkata
IXI,medium_airport,Lilabari North Lakhimpur Airport,Lilabari,IN,27.2957,94.0973,yes,Asia/Kolkata
IXJ,medium_airport,Jammu Airport,Jammu,IN,32.6888,74.8382,yes,Asia/Kolkata
IXK,medium_airport,Keshod Airport,Keshod,IN,21.3171,70.2704,yes,Asia/Kolkata
IXL,medium_airport,Leh Kushok Bakula Rimpochee Airport,Leh,IN,34.1359,77.5465,yes,Asia/Kolkata
IXM,medium_airport,Madurai Airport,Madurai,IN,9.8345,78.0934,yes,Asia/Kolkata
IXN,small_airport,Khowai Airport,Khowai,IN,24.0619,91.6039,no,Asia/Kolkata
IXP,medium_airport,Pathankot Airport,Pathankot,IN,32.2336,75.6344,yes,Asia/Kolkata
IXQ,small_airport,Kamalpur Airport,Manik Bhandar,IN,24.1343,91.8108,no,Asia/Kolkata
IXR,medium_airport,Birsa Munda Airport,Ranchi,IN,23.3143,85.3217,yes,Asia/Kolkata
IXS,medium_airport,Silchar Airport,Silchar,IN,24.9129,92.9787,yes,Asia/Kolkata
IXT,small_airport,Pasighat Airport,Pasighat,IN,28.0648,95.3370,no,Asia/Kolkata
IXU,medium_airport,Aurangabad Airport,Aurangabad,IN,19.8629,75.3963,yes,Asia/Kolkata
IXV,medium_airport,Along Airport,,IN,28.1753,94.8020,no,Asia/Kolkata
IXW,medium_airport,Sonari Airport,Jamshedpur,IN,22.8137,86.1690,no,Asia/Kolkata
IXX,medium_airport,Bidar Airport / Bidar Air Force Station,Bidar,IN,17.9081,77.4871,no,Asia/Kolkata
IXY,medium_airport,Kandla Airport,Kandla,IN,23.1127,70.1003,yes,Asia/Kolkata
IXZ,large_airport,Veer Savarkar International Airport / INS Utkrosh,Port Blair,IN,11.6402,92.7290,yes,Asia/Kolkata
IYK,small_airport,Inyokern Airport,Inyokern,US,35.6588,-117.8300,no,America/Los_Angeles
IZA,medium_airport,Presidente Itamar Franco Airport,Juiz de Fora,BR,-21.5131,-43.1731,yes,America/Sao_Paulo
IZE,small_airport,Itzehoe Hungriger Wolf Airfield,Hohenlockstedt,DE,53.9920,9.5764,no,Europe/Berlin
IZM,small_airport,Selçuk Efes Airport,Selçuk,TR,37.9507,27.3290,no,Europe/Istanbul
IZO,medium_airport,Izumo Enmusubi Airport,Izumo,JP,35.4136,132.8900,yes,Asia/Tokyo
IZT,medium_airport,General Antonio Cárdenas Rodríguez National Airport / Ixtepec Air Base,Ixtepec,MX,16.4460,-95.0937,yes,America/Mexico_City
JAA,medium_airport,Jalalabad Airport,Jalalabad,AF,34.3998,70.4986,no,Asia/Kabul
JAB,small_airport,Jabiru Airport,,AU,-12.6581,132.8946,no,Australia/Darwin
JAC,medium_airport,Jackson Hole Airport,Jackson,US,43.6073,-110.7380,yes,America/Denver
JAD,medium_airport,Perth Jandakot Airport,Perth,AU,-32.0975,115.8810,no,Australia/Perth
JAE,medium_airport,Shumba Airport,Jaén,PE,-5.5925,-78.7740,yes,America/Lima
JAF,large_airport,Jaffna International Airport,Jaffna,LK,9.7923,80.0701,yes,Asia/Colombo
JAG,medium_airport,Shahbaz Air Base,Jacobabad,PK,28.2842,68.4497,no,Asia/Karachi
JAI,large_airport,Jaipur International Airport,Jaipur,IN,26.8242,75.8122,yes,Asia/Kolkata
JAK,medium_airport,Jacmel Airport,Jacmel,HT,18.2411,-72.5185,no,America/Port-au-Prince
JAL,medium_airport,El Lencero Airport,Emiliano Zapata,MX,19.4751,-96.7970,no,America/Mexico_City
JAM,medium_airport,Bezmer Air Base,Bezmer,BG,42.4549,26.3522,no,Europe/Sofia
JAN,medium_airport,Jackson-Medgar Wiley Evers International Airport,Jackson,US,32.3112,-90.0759,yes,America/Chicago
JAP,small_airport,Chacarita Airport,Puntarenas,CR,9.9814,-84.7727,no,America/Costa_Rica
JAQ,small_airport,Jacquinot Bay Airport,Jacquinot Bay,PG,-5.6525,151.5070,no,Pacific/Port_Moresby
JAR,small_airport,Jahrom Airport,Jahrom,IR,28.5867,53.5791,no,Asia/Tehran
JAS,small_airport,Jasper County Airport Bell Field,Jasper,US,30.8857,-94.0349,no,America/Chicago
JAT,small_airport,Jabot Airport,Ailinglapalap Atoll,MH,7.7498,168.9778,no,Pacific/Majuro
JAU,medium_airport,Francisco Carle Airport,Jauja,PE,-11.7831,-75.4734,yes,America/Lima
JAV,medium_airport,Ilulissat Airport,Ilulissat,GL,69.2432,-51.0571,yes,America/Nuuk
JAW,small_airport,Araripina Airport,Araripina,BR,-7.5864,-40.5354,no,America/Recife
JAX,large_airport,Jacksonville International Airport,Jacksonville,US,30.4925,-81.6878,yes,America/New_York
JBB,small_airport,Notohadinegoro Airport,Jember,ID,-8.2425,113.6935,yes,Asia/Jakarta
JBK,small_airport,Qitai Jiangbulake Airport,Qitai,CN,44.1661,89.5501,yes,Asia/Shanghai
JBQ,medium_airport,La Isabela International Airport,La Isabela,DO,18.5725,-69.9856,yes,America/Santo_Domingo
JBR,medium_airport,Jonesboro Municipal Airport,Jonesboro,US,35.8317,-90.6464,yes,America/Chicago
JBS,small_airport,São Borja Airport,São Borja,BR,-28.6549,-56.0346,no,America/Sao_Paulo
JCB,small_airport,Santa Terezinha Airport,Joaçaba,BR,-27.1715,-51.5533,no,America/Sao_Paulo
JCI,small_airport,New Century AirCenter Airport,New Century,US,38.8309,-94.8903,no,America/Chicago
JCK,small_airport,Julia Creek Airport,,AU,-20.6683,141.7230,yes,Australia/Brisbane
JCL,large_airport,České Budějovice South Bohemian Airport,České Budějovice,CZ,48.9482,14.4283,yes,Europe/Prague
JCM,small_airport,Jacobina Airport,Jacobina,BR,-11.1632,-40.5531,no,America/Bahia
JCR,medium_airport,Jacareacanga Airport,Jacareacanga,BR,-6.2332,-57.7769,no,America/Santarem
JCS,small_airport,Crateús Airport,Crateús,BR,-5.2114,-40.7042,no,America/Fortaleza
JCT,medium_airport,Kimble County Airport,Junction,US,30.5113,-99.7635,no,America/Chicago
JCY,small_airport,LBJ Ranch Airport,Stonewall,US,30.2518,-98.6225,no,America/Chicago
JDA,small_airport,Grant County Regional Airport / Ogilvie Field,John Day,US,44.4042,-118.9630,no,America/Los_Angeles
JDE,medium_airport,Jiande Qiandaohu General Airport,Hangzhou,CN,29.3609,119.1808,no,Asia/Shanghai
JDF,medium_airport,Francisco de Assis Airport,Juiz de Fora,BR,-21.7915,-43.3861,yes,America/Sao_Paulo
JDG,medium_airport,Jeongseok Airport,Jeju Island,KR,33.3996,126.7120,no,Asia/Seoul
JDH,medium_airport,Jodhpur Airport,Jodhpur,IN,26.2511,73.0489,yes,Asia/Kolkata
JDN,small_airport,Jordan Airport,Jordan,US,47.3288,-106.9530,no,America/Denver
JDO,small_airport,Orlando Bezerra de Menezes Airport,Juazeiro do Norte,BR,-7.2193,-39.2691,yes,America/Fortaleza
JDR,small_airport,Prefeito Octávio de Almeida Neves Airport,São João Del Rei,BR,-21.0856,-44.2253,no,America/Sao_Paulo
JDZ,medium_airport,Jingdezhen Luojia Airport,Jingdezhen,CN,29.3386,117.1760,yes,Asia/Shanghai
JED,large_airport,King Abdulaziz International Airport,Jeddah,SA,21.6802,39.1574,yes,Asia/Riyadh
JEE,medium_airport,Jérémie Airport,Carrefour Sanon,HT,18.6631,-74.1703,yes,America/Port-au-Prince
JEF,small_airport,Jefferson City Memorial Airport,Jefferson City,US,38.5912,-92.1561,no,America/Chicago
JEG,medium_airport,Aasiaat Airport,Aasiaat,GL,68.7218,-52.7847,yes,America/Nuuk
JEJ,small_airport,Jeh Airport,Ailinglapalap Atoll,MH,7.5654,168.9620,yes,Pacific/Majuro
JEK,small_airport,Jeki Airport,Jeki,ZM,-15.6334,29.6036,no,Africa/Lusaka
JEQ,small_airport,Jequié Airport,Jequié,BR,-13.8777,-40.0716,no,America/Bahia
JER,medium_airport,Jersey Airport,St. Peter,JE,49.2079,-2.1955,yes,Europe/Jersey
JFK,large_airport,John F. Kennedy International Airport,New York,US,40.6394,-73.7793,yes,America/New_York
JFN,medium_airport,Northeast Ohio Regional Airport,Ashtabula,US,41.7780,-80.6955,no,America/New_York
JFR,small_airport,Paamiut Airport,Paamiut,GL,62.0147,-49.6709,yes,America/Nuuk
JGA,medium_airport,Jamnagar Airport,Jamnagar,IN,22.4655,70.0126,yes,Asia/Kolkata
JGB,small_airport,Jagdalpur Airport,Jagdalpur,IN,19.0743,82.0368,yes,Asia/Kolkata
JGD,medium_airport,Daxing'anling Elunchun Airport,Jiagedaqi,CN,50.3714,124.1175,yes,Asia/Shanghai
JGN,large_airport,Jiayuguan International Airport,Jiayuguan,CN,39.8591,98.3393,yes,Asia/Shanghai
JGS,medium_airport,Jinggangshan Airport,Ji'an,CN,26.8569,114.7370,yes,Asia/Shanghai
JHB,large_airport,Senai International Airport,Johor Bahru,MY,1.6413,103.6700,yes,Asia/Kuala_Lumpur
JHF,medium_airport,São Paulo Catarina Executive Airport,São Roque,BR,-23.4269,-47.1657,no,America/Sao_Paulo
JHG,large_airport,Xishuangbanna Gasa International Airport,Jinghong (Gasa),CN,21.9746,100.7622,yes,Asia/Shanghai
JHL,small_airport,Fort MacKay/Albian Aerodrome,Albian Village,CA,57.2239,-111.4190,no,America/Edmonton
JHM,medium_airport,Kapalua Airport,Lahaina,US,20.9629,-156.6730,yes,Pacific/Honolulu
JHN,small_airport,Jenderal Besar Abdul Haris Nasution Airport,Mandailing,ID,0.9440,99.5341,no,Asia/Jakarta
JHS,medium_airport,Sisimiut Airport,Sisimiut,GL,66.9513,-53.7293,yes,America/Nuuk
JHW,medium_airport,Chautauqua County-Jamestown Airport,Jamestown,US,42.1542,-79.2540,no,America/New_York
JIA,small_airport,Juína Airport,Juína,BR,-11.4194,-58.7017,no,America/Cuiaba
JIB,large_airport,Djibouti-Ambouli Airport,Djibouti City,DJ,11.5473,43.1595,yes,Africa/Djibouti
JIC,medium_airport,Jinchang Jinchuan Airport,Jinchang,CN,38.5422,102.3483,yes,Asia/Shanghai
JIJ,large_airport,Gerad Wilwal International Airport,Jijiga,ET,9.3319,42.9118,yes,Africa/Addis_Ababa
JIK,small_airport,Ikaria Airport,Ikaria Island,GR,37.6827,26.3471,yes,Europe/Athens
JIL,small_airport,Jilin Ertaizi Airport,Jilin,CN,44.0027,126.3952,no,Asia/Shanghai
JIM,medium_airport,Jimma Airport,Jimma,ET,7.6661,36.8166,yes,Africa/Addis_Ababa
JIN,small_airport,Jinja Airport,Jinja,UG,0.4531,33.1936,no,Africa/Kampala
JIO,small_airport,Jos Orno Imsula Airport,Tiakur,ID,-8.1407,127.9097,yes,Asia/Jayapura
JIP,small_airport,Jipijapa Airport,Jipijapa,EC,-1.0000,-80.6667,no,America/Guayaquil
JIQ,medium_airport,Qianjiang Wulingshan Airport,Qianjiang,CN,29.5133,108.8311,yes,Asia/Shanghai
JIR,small_airport,Jiri Airport,Jiri,NP,27.6263,86.2306,no,Asia/Kathmandu
JIU,small_airport,Jiujiang Lushan Airport,Jiujiang,CN,29.4769,115.8011,yes,Asia/Shanghai
JJD,medium_airport,Comandante Ariston Pessoa Airport,Cruz,BR,-2.9064,-40.3573,yes,America/Fortaleza
JJG,small_airport,Humberto Ghizzo Bortoluzzi Regional Airport,Jaguaruna,BR,-28.6753,-49.0596,yes,America/Sao_Paulo
JJI,medium_airport,Juanjui Airport,Juanjuí,PE,-7.1691,-76.7286,no,America/Lima
JJM,small_airport,Mulika Lodge Airport,Meru-Kinna,KE,0.1651,38.1951,yes,Africa/Nairobi
JJN,large_airport,Quanzhou Jinjiang International Airport,Quanzhou,CN,24.7959,118.5886,yes,Asia/Shanghai
JJU,medium_airport,Qaqortoq Airport,Qaqortoq,GL,60.7638,-46.0650,yes,America/Nuuk
JKG,medium_airport,Jönköping Airport,Jönköping,SE,57.7576,14.0687,yes,Europe/Stockholm
JKH,medium_airport,Chios Island National Airport,Chios Island,GR,38.3432,26.1406,yes,Europe/Athens
JKL,small_airport,Kalymnos Airport,Kalymnos Island,GR,36.9633,26.9406,yes,Europe/Athens
JKR,medium_airport,Janakpur Airport,Janakpur,NP,26.7088,85.9224,yes,Asia/Kathmandu
JKV,small_airport,Cherokee County Airport,Jacksonville,US,31.8693,-95.2174,no,America/Chicago
JLA,small_airport,Quartz Creek Airport,Cooper Landing,US,60.4842,-149.7229,no,America/Anchorage
JLG,small_airport,Jalgaon Airport,Jalgaon,IN,20.9627,75.6275,yes,Asia/Kolkata
JLN,medium_airport,Joplin Regional Airport,Joplin,US,37.1518,-94.4983,yes,America/Chicago
JLR,medium_airport,Jabalpur Airport,Jabalpur,IN,23.1778,80.0520,yes,Asia/Kolkata
JLS,small_airport,Jales Airport,Jales,BR,-20.2923,-50.5455,no,America/Sao_Paulo
JMA,small_airport,Aeroporto Elias Breder Airport,Manhuaçu,BR,-20.2597,-42.1839,no,America/Sao_Paulo
JMB,small_airport,Jamba Airport,Jamba,AO,-14.6982,16.0701,no,Africa/Luanda
JMJ,medium_airport,Lancang Jingmai Airport,Pu'er (Lancang),CN,22.4177,99.7840,yes,Asia/Shanghai
JMK,medium_airport,Mykonos Island National Airport,Mykonos,GR,37.4351,25.3481,yes,Europe/Athens
JMO,small_airport,Jomsom Airport,Jomsom,NP,28.7804,83.7230,yes,Asia/Kathmandu
JMR,small_airport,Maricá Airport,Maricá,BR,-22.9195,-42.8309,no,America/Sao_Paulo
JMS,medium_airport,Jamestown Regional Airport,Jamestown,US,46.9297,-98.6782,yes,America/Chicago
JMU,medium_airport,Jiamusi Songjiang International Airport,Jiamusi,CN,46.8428,130.4643,yes,Asia/Shanghai
JNA,small_airport,Januária Airport,Januária,BR,-15.4738,-44.3855,no,America/Sao_Paulo
JNB,large_airport,O.R. Tambo International Airport,Johannesburg,ZA,-26.1401,28.2468,yes,Africa/Johannesburg
JNG,medium_airport,Jining Da'an Airport,Jining,CN,35.6474,116.7433,yes,Asia/Shanghai
JNH,medium_airport,Jiaxing Nanhu Airport,"Xiuzhou, Hangzhou",CN,30.6981,120.6631,yes,Asia/Shanghai
JNJ,small_airport,Ja'Aluni Airport,Duqm,OM,19.4749,57.3083,no,Asia/Muscat
JNU,medium_airport,Juneau International Airport,Juneau,US,58.3549,-134.5744,yes,America/Juneau
JNX,small_airport,Naxos Island National Airport,Naxos,GR,37.0811,25.3681,yes,Europe/Athens
JNZ,medium_airport,Jinzhou Bay Airport,Jinzhou (Linghai),CN,40.9360,121.2771,yes,Asia/Shanghai
JOE,medium_airport,Joensuu Airport,Joensuu,FI,62.6588,29.6194,yes,Europe/Helsinki
JOG,medium_airport,Adisutjipto International Airport,Yogyakarta,ID,-7.7882,110.4320,yes,Asia/Jakarta
JOH,medium_airport,Port St Johns Airport,Port St Johns,ZA,-31.6061,29.5218,no,Africa/Johannesburg
JOI,medium_airport,Lauro Carneiro de Loyola Airport,Joinville,BR,-26.2245,-48.7974,yes,America/Sao_Paulo
JOJ,small_airport,Doris Lake,Hope Bay,CA,68.1253,-106.5853,no,America/Cambridge_Bay
JOK,medium_airport,Yoshkar-Ola Airport,Yoshkar-Ola,RU,56.7006,47.9047,no,Europe/Moscow
JOL,medium_airport,Jolo Airport,Jolo,PH,6.0537,121.0110,yes,Asia/Manila
JOM,small_airport,Njombe Airport,Njombe,TZ,-9.3500,34.8000,no,Africa/Dar_es_Salaam
JOP,small_airport,Josephstaal Airport,Josephstaal,PG,-4.7471,145.0071,no,Pacific/Port_Moresby
JOS,medium_airport,Yakubu Gowon Airport,Jos,NG,9.6398,8.8691,yes,Africa/Lagos
JOT,small_airport,Joliet Regional Airport,Joliet,US,41.5178,-88.1755,no,America/Chicago
JPA,large_airport,Presidente Castro Pinto International Airport,João Pessoa,BR,-7.1487,-34.9506,yes,America/Fortaleza
JPE,small_airport,Nagib Demachki Airport,Paragominas,BR,-3.0198,-47.3165,yes,America/Belem
JPO,small_airport,Aeroporto Brigadeiro Firmino Ayres,Patos,BR,-7.0390,-37.2516,no,America/Fortaleza
JPR,small_airport,Ji-Paraná Airport,Ji-Paraná,BR,-10.8707,-61.8467,yes,America/Porto_Velho
JPY,small_airport,Paraty Airport,Paraty,BR,-23.2240,-44.7234,no,America/Sao_Paulo
JQA,small_airport,Qaarsut Airport,Uummannaq,GL,70.7342,-52.6962,yes,America/Nuuk
JQE,small_airport,Jaqué Airport,Jaqué,PA,7.5178,-78.1572,no,America/Panama
JRF,medium_airport,Kalaeloa Airport,Kapolei,US,21.3074,-158.0700,no,Pacific/Honolulu
JRG,small_airport,Jharsuguda Airport,,IN,21.9135,84.0504,yes,Asia/Kolkata
JRH,medium_airport,Jorhat Airport,Jorhat,IN,26.7305,94.1754,yes,Asia/Kolkata
JRJ,small_airport,Ganzhou Ruijin Airport,Ganzhou,CN,25.9602,116.0770,no,Asia/Shanghai
JRN,small_airport,Juruena Airport,Juruena,BR,-10.3141,-58.4949,no,America/Cuiaba
JRO,large_airport,Kilimanjaro International Airport,Arusha,TZ,-3.4270,37.0735,yes,Africa/Dar_es_Salaam
JRT,small_airport,Juruti Airport,Juruti,BR,-2.1867,-56.0903,no,America/Santarem
JSA,medium_airport,Jaisalmer Airport,,IN,26.8887,70.8650,yes,Asia/Kolkata
JSB,small_airport,Walfrido Salmito de Almeida Airport,São Benedito,BR,-4.0428,-40.8938,no,America/Fortaleza
JSH,medium_airport,Sitia Airport,Crete Island,GR,35.2161,26.1013,yes,Europe/Athens
JSI,medium_airport,Skiathos Island National Airport,Skiathos,GR,39.1771,23.5037,yes,Europe/Athens
JSJ,medium_airport,Jiansanjiang Shidi Airport,Jiansanjiang,CN,47.1082,132.6579,yes,Asia/Shanghai
JSK,small_airport,Jask Airport,Bandar-e-Jask,IR,25.6548,57.8017,yes,Asia/Tehran
JSM,small_airport,Jose De San Martin Airport,Chubut,AR,-44.0486,-70.4589,no,America/Argentina/Catamarca
JSO,medium_airport,Dr. Luciano de Arruda Coelho Regional Airport,Sobral,BR,-3.6148,-40.2322,no,America/Fortaleza
JSR,medium_airport,Jessore Airport,Jashore (Jessore),BD,23.1838,89.1608,yes,Asia/Dhaka
JST,medium_airport,John Murtha Johnstown Cambria County Airport,Johnstown,US,40.3161,-78.8339,yes,America/New_York
JSU,small_airport,Maniitsoq Airport,Maniitsoq,GL,65.4125,-52.9394,yes,America/Nuuk
JSY,small_airport,Syros Airport,Syros Island,GR,37.4228,24.9509,yes,Europe/Athens
JTA,small_airport,Pedro Teixeira Castelo Airport,Tauá,BR,-5.9334,-40.2975,no,America/Fortaleza
JTC,medium_airport,Bauru/Arealva–Moussa Nakhal Tobias State Airport,Bauru,BR,-22.1608,-49.0703,yes,America/Sao_Paulo
JTI,small_airport,Jataí Airport,Jataí,BR,-17.8299,-51.7730,no,America/Sao_Paulo
JTN,small_airport,Itanhaém Airport,Itanhaém,BR,-24.1597,-46.7906,no,America/Sao_Paulo
JTR,large_airport,Santorini International Airport,Santorini Island,GR,36.4000,25.4786,yes,Europe/Athens
JTY,small_airport,Astypalaia Airport,Astypalaia Island,GR,36.5799,26.3758,yes,Europe/Athens
JUA,small_airport,Inácio Luís do Nascimento Airport,Juara,BR,-11.2966,-57.5495,no,America/Cuiaba
JUB,large_airport,Juba International Airport,Juba,SS,4.8720,31.6011,yes,Africa/Juba
JUH,small_airport,Chizhou Jiuhuashan Airport,Chizhou,CN,30.7403,117.6856,yes,Asia/Shanghai
JUI,small_airport,Juist Airport,Juist,DE,53.6814,7.0564,yes,Europe/Berlin
JUJ,large_airport,Gobernador Horacio Guzman International Airport,San Salvador de Jujuy,AR,-24.3928,-65.0978,yes,America/Argentina/Jujuy
JUL,large_airport,Inca Manco Capac International Airport,Juliaca,PE,-15.4677,-70.1565,yes,America/Lima
JUM,small_airport,Jumla Airport,Jumla,NP,29.2742,82.1933,yes,Asia/Kathmandu
JUN,small_airport,Jundah Airport,Jundah,AU,-24.8380,143.0620,no,Australia/Brisbane
JUO,small_airport,Juradó Airport,Juradó,CO,7.0718,-77.7271,no,America/Bogota
JUR,small_airport,Jurien Bay Airport,Jurien Bay,AU,-30.3027,115.0556,no,Australia/Perth
JUT,small_airport,Jutigalpa airport,Jutigalpa,HN,14.6526,-86.2203,no,America/Tegucigalpa
JUV,small_airport,Upernavik Airport,Upernavik,GL,72.7902,-56.1306,yes,America/Nuuk
JUZ,medium_airport,Quzhou Airport,Quzhou (Kezheng),CN,28.9661,118.8988,yes,Asia/Shanghai
JVA,small_airport,Ankavandra Airport,Ankavandra,MG,-18.8050,45.2735,no,Indian/Antananarivo
JVI,small_airport,Central Jersey Regional Airport,Manville,US,40.5244,-74.5984,no,America/New_York
JVL,small_airport,Southern Wisconsin Regional Airport,Janesville,US,42.6203,-89.0416,no,America/Chicago
JWA,medium_airport,Jwaneng Airport,Jwaneng,BW,-24.6023,24.6910,no,Africa/Gaborone
JWN,medium_airport,Zanjan Airport,Zanjan,IR,36.7737,48.3594,no,Asia/Tehran
JWO,medium_airport,Jungwon Air Base/Chungju Airport,Gimseang-ro,KR,37.0302,127.8864,no,Asia/Seoul
JXA,medium_airport,Jixi Xingkaihu Airport,Jixi,CN,45.2930,131.1930,yes,Asia/Shanghai
JXN,medium_airport,Jackson County Airport/Reynolds Field,Jackson,US,42.2605,-84.4630,no,America/Detroit
JYR,medium_airport,Jiroft Airport,Jiroft,IR,28.7235,57.6750,no,Asia/Tehran
JYV,medium_airport,Jyväskylä Airport,Jyväskylän Maalaiskunta,FI,62.3995,25.6783,yes,Europe/Helsinki
JZH,medium_airport,Jiuzhai Huanglong Airport,Ngawa (Songpan),CN,32.8533,103.6822,yes,Asia/Shanghai
KAA,small_airport,Kasama Airport,Kasama,ZM,-10.2102,31.1230,yes,Africa/Lusaka
KAB,medium_airport,Kariba Airport,Kariba,ZW,-16.5198,28.8850,yes,Africa/Harare
KAC,medium_airport,Qamishli International Airport,Qamishli,SY,37.0206,41.1914,yes,Asia/Damascus
KAD,large_airport,Kaduna International Airport,Kaduna,NG,10.6960,7.3201,yes,Africa/Lagos
KAF,small_airport,Karato Airport,Karato,PG,-6.2655,155.3052,no,Pacific/Bougainville
KAG,medium_airport,Gangneung Airport (K-18),Gangneung,KR,37.7536,128.9439,no,Asia/Seoul
KAI,medium_airport,Kaieteur Airport,Kaieteur Falls,GY,5.1773,-59.4890,yes,America/Guyana
KAJ,medium_airport,Kajaani Airport,Kajaani,FI,64.2855,27.6924,yes,Europe/Helsinki
KAK,small_airport,Kar Airport,Kar,PG,-6.2452,143.5516,no,Pacific/Port_Moresby
KAL,small_airport,Kaltag Airport,Kaltag,US,64.3186,-158.7420,yes,America/Anchorage
KAM,small_airport,Kamaran Airport,Kamaran,YE,15.3688,42.6125,no,Asia/Aden
KAN,large_airport,Mallam Aminu Kano International Airport,Kano,NG,12.0456,8.5236,yes,Africa/Lagos
KAO,medium_airport,Kuusamo Airport,Kuusamo,FI,65.9876,29.2394,yes,Europe/Helsinki
KAP,small_airport,Kapanga Airport,Kapanga,CD,-8.3712,22.6475,no,Africa/Lubumbashi
KAQ,small_airport,Kamulai Airport,Kamulai Mission,PG,-8.1507,146.8340,no,Pacific/Port_Moresby
KAR,small_airport,Kamarang Airport,Kamarang,GY,5.8653,-60.6142,no,America/Guyana
KAS,small_airport,Karasburg Airport,Karasburg,NA,-28.0297,18.7385,no,Africa/Windhoek
KAT,medium_airport,Kaitaia Airport,Awanui,NZ,-35.0698,173.2871,yes,Pacific/Auckland
KAU,medium_airport,Kauhava Airfield,Kauhava,FI,63.1271,23.0514,no,Europe/Helsinki
KAV,small_airport,Kavanayen Airport,Kavanayén,VE,5.5931,-61.7633,no,America/Caracas
KAW,medium_airport,Kawthoung Airport,Kawthoung,MM,10.0493,98.5380,yes,Asia/Yangon
KAX,small_airport,Kalbarri Airport,Kalbarri,AU,-27.6928,114.2592,yes,Australia/Perth
KAY,small_airport,Wakaya Island Airport,Wakaya Island,FJ,-17.6170,179.0170,no,Pacific/Fiji
KAZ,small_airport,Kuabang Airport,Kao,ID,1.1886,127.8960,no,Asia/Jayapura
KBA,small_airport,Kabala Airport,Kabala,SL,9.6383,-11.5156,no,Africa/Freetown
KBB,small_airport,Kirkimbie Station Airport,Kirkimbie,AU,-17.7792,129.2100,no,Australia/Darwin
KBC,small_airport,Birch Creek Airport,Birch Creek,US,66.2740,-145.8240,yes,America/Anchorage
KBD,small_airport,Kimberley Downs Airport,Kimberley Downs,AU,-17.3986,124.3556,no,Australia/Perth
KBF,small_airport,Karubaga Airport,Karubaga,ID,-3.6846,138.4790,no,Asia/Jayapura
KBH,small_airport,Kahama Airstrip,Kahama,TZ,-3.8470,32.6865,no,Africa/Dar_es_Salaam
KBI,small_airport,Kribi Airport,Kribi,CM,2.8739,9.9778,no,Africa/Douala
KBJ,small_airport,Kings Canyon Airport,Petermann,AU,-24.2602,131.4889,no,Australia/Darwin
KBK,medium_airport,Kushinagar International Airport,Kushinagar,IN,26.7765,83.8892,no,Asia/Kolkata
KBL,large_airport,Kabul International Airport,Kabul,AF,34.5659,69.2123,yes,Asia/Kabul
KBM,small_airport,Kabwum,,PG,-6.1555,147.1915,no,Pacific/Port_Moresby
KBN,small_airport,Tunta Airport,Kabinda,CD,-6.1208,24.5462,no,Africa/Lubumbashi
KBO,small_airport,Kabalo Airport,Kabalo,CD,-6.0830,26.9170,no,Africa/Lubumbashi
KBP,medium_airport,Boryspil International Airport,Boryspil,UA,50.3450,30.8947,no,Europe/Kyiv
KBQ,small_airport,Kasungu Airport,Kasungu,MW,-13.0146,33.4686,no,Africa/Blantyre
KBR,medium_airport,Sultan Ismail Petra Airport,Kota Baharu,MY,6.1669,102.2930,yes,Asia/Kuala_Lumpur
KBS,medium_airport,Bo Airport,Bo,SL,7.9444,-11.7610,no,Africa/Freetown
KBT,small_airport,Kaben Airport,Kaben,MH,8.9006,170.8440,no,Pacific/Majuro
KBU,small_airport,Gusti Syamsir Alam Airport,Stagen,ID,-3.2948,116.1638,yes,Asia/Makassar
KBV,large_airport,Krabi International Airport,Krabi,TH,8.0956,98.9890,yes,Asia/Bangkok
KBX,small_airport,Kambuaya Airport,Kambuaya-Papua Island,ID,-1.3168,132.2870,no,Asia/Jayapura
KBY,small_airport,Streaky Bay Airport,,AU,-32.8366,134.2930,no,Australia/Adelaide
KBZ,small_airport,Kaikoura Airport,,NZ,-42.4250,173.6050,no,Pacific/Auckland
KCA,small_airport,Kuqa Qiuci Airport,Kuqa,CN,41.6779,82.8729,yes,Asia/Shanghai
KCB,small_airport,Tepoe Airstrip,Kasikasima,SR,3.1500,-55.7170,no,America/Paramaribo
KCD,small_airport,Kamur Airport,Kamur,ID,-6.1851,138.6372,no,Asia/Jayapura
KCE,small_airport,Collinsville Airport,,AU,-20.5967,147.8600,no,Australia/Brisbane
KCF,small_airport,Thar Airport,Kandanwari,PK,27.2032,69.1488,no,Asia/Karachi
KCG,small_airport,Chignik Airport,Chignik,US,56.3115,-158.3730,yes,America/Anchorage
KCH,large_airport,Kuching International Airport,Kuching,MY,1.4874,110.3529,yes,Asia/Kuching
KCI,small_airport,Koolan Central Airport,Koolan Island,AU,-16.1250,123.7350,no,Australia/Perth
KCJ,small_airport,Komaio Airport,Komaio,PG,-7.2714,143.5952,no,Pacific/Port_Moresby
KCK,small_airport,Kirensk Airport,Kirensk,RU,57.7730,108.0640,no,Asia/Irkutsk
KCL,small_airport,Chignik Lagoon Airport,Chignik Flats,US,56.3108,-158.5348,no,America/Anchorage
KCM,medium_airport,Kahramanmaraş Airport,Kahramanmaraş,TR,37.5388,36.9535,yes,Europe/Istanbul
KCO,medium_airport,Cengiz Topel Airport,Kartepe,TR,40.7350,30.0833,no,Europe/Istanbul
KCP,small_airport,Kam'yanets'-Podil's'kyi Airfield,Kamyan'ka,UA,48.6956,26.6095,no,Europe/Kyiv
KCQ,small_airport,Chignik Lake Airport,Chignik Lake,US,56.2550,-158.7750,yes,America/Anchorage
KCR,small_airport,Colorado Creek Airport,Colorado Creek,US,63.5712,-156.0067,no,America/Anchorage
KCS,small_airport,Kings Creek Airport,Petermann,AU,-24.4213,131.8195,no,Australia/Darwin
KCT,medium_airport,Koggala Airport,Galle,LK,5.9937,80.3203,yes,Asia/Colombo
KCU,small_airport,Masindi Airport,Masindi,UG,1.7581,31.7367,no,Africa/Kampala
KCY,medium_airport,Krasnoyarsk Cheremshanka Airport,Krasnoyarsk,RU,56.1776,92.5459,yes,Asia/Krasnoyarsk
KCZ,large_airport,Kochi Ryoma Airport,Nankoku,JP,33.5452,133.6702,yes,Asia/Tokyo
KDA,small_airport,Kolda Airport,Kolda,SN,12.8986,-14.9683,no,Africa/Dakar
KDB,small_airport,Kambalda Airport,Kambalda West,AU,-31.1907,121.5978,no,Australia/Perth
KDC,small_airport,Kandi Airport,Kandi,BJ,11.1448,2.9404,no,Africa/Porto-Novo
KDD,small_airport,Khuzdar Airport,Khuzdar,PK,27.7906,66.6473,yes,Asia/Karachi
KDE,small_airport,Koroba Airport,Koroba,PG,-5.6952,142.7441,no,Pacific/Port_Moresby
KDH,large_airport,Ahmad Shah Baba International Airport,Kandahar,AF,31.5058,65.8480,yes,Asia/Kabul
KDI,small_airport,Haluoleo Airport,Kendari,ID,-4.0816,122.4180,yes,Asia/Makassar
KDJ,small_airport,Ville Airport,N'Djolé,GA,-0.1830,10.7500,no,Africa/Libreville
KDK,small_airport,Kodiak Municipal Airport,Kodiak,US,57.8062,-152.3737,no,America/Anchorage
KDL,medium_airport,Kärdla Airport,Kärdla,EE,58.9908,22.8307,yes,Europe/Tallinn
KDM,medium_airport,Kaadedhdhoo Airport,Huvadhu Atoll,MV,0.4881,72.9969,yes,Indian/Maldives
KDN,small_airport,Ndende Airport,Ndende,GA,-2.4000,11.3670,no,Africa/Libreville
KDO,medium_airport,Kadhdhoo Airport,Kadhdhoo,MV,1.8592,73.5219,yes,Indian/Maldives
KDP,small_airport,Kandep Airport,Kandep,PG,-5.8406,143.5072,no,Pacific/Port_Moresby
KDQ,small_airport,Kamberatoro Airport,Kamberatoro Mission,PG,-3.6006,141.0517,no,Pacific/Port_Moresby
KDR,small_airport,Kandrian Airport,Kandrian,PG,-6.1922,149.5478,no,Pacific/Port_Moresby
KDS,small_airport,Kamaran Downs Airport,Kamaran Downs,AU,-24.3388,139.2785,no,Australia/Brisbane
KDT,medium_airport,Kamphaeng Saen Airport,Nakhon Pathom,TH,14.1020,99.9172,no,Asia/Bangkok
KDU,large_airport,Skardu International Airport,Skardu,PK,35.3387,75.5386,yes,Asia/Karachi
KDV,small_airport,Vunisea Airport,Vunisea,FJ,-19.0581,178.1570,yes,Pacific/Fiji
KDX,small_airport,Kadugli Airport,Kadugli,SD,11.1380,29.7011,no,Africa/Khartoum
KDY,small_airport,Typliy Klyuch Airport,Khandyga,RU,62.7890,136.8550,no,Asia/Khandyga
KEA,small_airport,Kerki Airport,Kerki,TM,37.8221,65.1353,no,Asia/Ashgabat
KEB,small_airport,Nanwalek Airport,Nanwalek,US,59.3521,-151.9250,yes,America/Anchorage
KEC,small_airport,Kasenga Airport,Kasenga,CD,-10.3552,28.6172,no,Africa/Lubumbashi
KED,small_airport,Kaédi Airport,Kaédi,MR,16.1595,-13.5076,no,Africa/Nouakchott
KEE,small_airport,Kelle Airport,Kelle,CG,-0.0713,14.5066,no,Africa/Brazzaville
KEF,large_airport,Keflavik International Airport,Reykjavík,IS,63.9850,-22.6056,yes,Atlantic/Reykjavik
KEG,small_airport,Keglsugl Airport,Denglagu Mission,PG,-5.8328,145.0972,no,Pacific/Port_Moresby
KEI,small_airport,Kepi Airport,Kepi,ID,-6.5430,139.3324,no,Asia/Jayapura
KEJ,large_airport,Alexei Leonov Kemerovo International Airport,Kemerovo,RU,55.2701,86.1072,yes,Asia/Novokuznetsk
KEK,small_airport,Ekwok Airport,Ekwok,US,59.3568,-157.4710,no,America/Anchorage
KEL,medium_airport,Kiel-Holtenau Airport,Kiel,DE,54.3796,10.1453,no,Europe/Berlin
KEM,medium_airport,Kemi-Tornio Airport,Kemi / Tornio,FI,65.7787,24.5821,yes,Europe/Helsinki
KEN,medium_airport,Kenema Airport,Kenema,SL,7.8964,-11.1741,no,Africa/Freetown
KEO,small_airport,Odienne Airport,Odienne,CI,9.5395,-7.5613,no,Africa/Abidjan
KEP,medium_airport,Nepalgunj Airport,Nepalgunj,NP,28.1036,81.6670,yes,Asia/Kathmandu
KEQ,small_airport,Kebar Airport,Kebar,ID,-0.8104,133.0549,no,Asia/Jayapura
KER,large_airport,Ayatollah Hashemi Rafsanjani International Airport,Kerman,IR,30.2713,56.9497,yes,Asia/Tehran
KES,medium_airport,Kelsey Airport,Kelsey,CA,56.0375,-96.5097,no,America/Winnipeg
KET,medium_airport,Kengtung Airport,Kengtung,MM,21.3016,99.6360,yes,Asia/Yangon
KEU,small_airport,Keekorok Airport,Keekorok,KE,-1.5863,35.2575,no,Africa/Nairobi
KEV,medium_airport,Halli Airport,Jämsä,FI,61.8560,24.7867,no,Europe/Helsinki
KEW,small_airport,Keewaywin Airport,Keewaywin,CA,52.9911,-92.8364,yes,America/Winnipeg
KEX,small_airport,Kanabea Airport,Kanabea,PG,-7.5389,145.9050,no,Pacific/Port_Moresby
KEY,small_airport,Kericho Airport,Kericho,KE,-0.3899,35.2421,no,Africa/Nairobi
KFA,small_airport,Kiffa Airport,Kiffa,MR,16.5900,-11.4062,no,Africa/Nouakchott
KFE,small_airport,Fortescue - Dave Forrest Aerodrome,Cloudbreak Village,AU,-22.2908,119.4371,no,Australia/Perth
KFG,small_airport,Kalkgurung Airport,,AU,-17.4319,130.8080,yes,Australia/Darwin
KFM,small_airport,Kirby Lake Airport,Kirby Lake,CA,55.3556,-110.6370,no,America/Edmonton
KFP,small_airport,False Pass Airport,False Pass,US,54.8475,-163.4072,yes,America/Nome
KFS,medium_airport,Kastamonu Airport,Kastamonu,TR,41.3142,33.7958,no,Europe/Istanbul
KFZ,medium_airport,Kukës International Airport,Kukës,AL,42.0358,20.4160,no,Europe/Tirane
KGA,medium_airport,Kananga Airport,Kananga,CD,-5.9001,22.4692,yes,Africa/Lubumbashi
KGB,small_airport,Konge Airport,Konge,PG,-6.2239,147.2152,no,Pacific/Port_Moresby
KGC,medium_airport,Kingscote Airport,,AU,-35.7139,137.5210,yes,Australia/Adelaide
KGD,large_airport,Khrabrovo Airport,Kaliningrad,RU,54.8916,20.5986,yes,Europe/Kaliningrad
KGE,small_airport,Kaghau Airport,Kagau Island,SB,-7.3305,157.5850,yes,Pacific/Guadalcanal
KGF,large_airport,Sary-Arka Airport,Karaganda,KZ,49.6708,73.3344,yes,Asia/Almaty
KGG,medium_airport,Kédougou Airport,Kédougou,SN,12.5723,-12.2203,no,Africa/Dakar
KGH,small_airport,Yongai Airport,Yongai,PG,-8.5289,147.4603,no,Pacific/Port_Moresby
KGI,medium_airport,Kalgoorlie Boulder Airport,Broadwood,AU,-30.7915,121.4646,yes,Australia/Perth
KGJ,medium_airport,Karonga Airport,Karonga,MW,-9.9536,33.8933,no,Africa/Blantyre
KGK,small_airport,Koliganek Airport,Koliganek,US,59.7266,-157.2590,yes,America/Anchorage
KGL,large_airport,Kigali International Airport,Kigali,RW,-1.9686,30.1395,yes,Africa/Kigali
KGM,small_airport,Kungim Airport,Kungim,PG,-5.6710,141.0300,no,Pacific/Port_Moresby
KGN,small_airport,Kasongo-Lunda Airport,Kasongo-Lunda,CD,-6.4680,16.8050,no,Africa/Kinshasa
KGO,small_airport,Kirovograd Airport,Kirovograd,UA,48.5428,32.2850,no,Europe/Kyiv
KGP,medium_airport,Kogalym International Airport,Kogalym,RU,62.1904,74.5338,yes,Asia/Yekaterinburg
KGR,small_airport,Kulgera Airport,Ghan,AU,-25.8428,133.2920,no,Australia/Darwin
KGS,large_airport,"Kos International Airport ""Ippokratis""",Kos Island,GR,36.7945,27.0911,yes,Europe/Athens
KGT,medium_airport,Kangding Airport,Garzê (Kangding),CN,30.1425,101.7387,yes,Asia/Shanghai
KGU,small_airport,Keningau Airport,Keningau,MY,5.3555,116.1649,no,Asia/Kuching
KGW,small_airport,Kagi Airport,Kagi,PG,-9.1359,147.6694,no,Pacific/Port_Moresby
KGX,small_airport,Grayling Airport,Grayling,US,62.8952,-160.0663,yes,America/Anchorage
KGY,medium_airport,Kingaroy Airport,,AU,-26.5811,151.8399,no,Australia/Brisbane
KGZ,small_airport,Glacier Creek Airport,Glacier Creek,US,61.4551,-142.3810,no,America/Anchorage
KHA,small_airport,Khaneh Airport,Khaneh,IR,36.7291,45.1581,no,Asia/Tehran
KHC,small_airport,Kerch Airport,Kerch,UA,45.3725,36.4014,no,Europe/Simferopol
KHD,medium_airport,Khoram Abad Airport,,IR,33.4354,48.2829,yes,Asia/Tehran
KHE,medium_airport,Kherson International Airport,Kherson,UA,46.6758,32.5064,yes,Europe/Kyiv
KHG,large_airport,Kashgar Laining International Airport,Kashgar,CN,39.5423,76.0202,yes,Asia/Shanghai
KHH,large_airport,Kaohsiung International Airport,Kaohsiung (Xiaogang),TW,22.5771,120.3500,yes,Asia/Taipei
KHI,large_airport,Jinnah International Airport,Karachi,PK,24.9065,67.1608,yes,Asia/Karachi
KHJ,medium_airport,Kauhajoki Airfield,Kauhajoki,FI,62.4632,22.3908,no,Europe/Helsinki
KHK,medium_airport,Khark Airport,Khark,IR,29.2605,50.3222,yes,Asia/Tehran
KHM,small_airport,Kanti Airport,Kanti,MM,25.9883,95.6744,yes,Asia/Yangon
KHN,large_airport,Nanchang Changbei International Airport,Nanchang,CN,28.8648,115.9027,yes,Asia/Shanghai
KHO,small_airport,Khoka Moya Airport,Khoka Moya,ZA,-24.5930,31.4151,no,Africa/Johannesburg
KHR,small_airport,Kharkhorin Airport,,MN,47.2467,102.8261,no,Asia/Ulaanbaatar
KHS,medium_airport,Khasab Airport,Khasab,OM,26.1710,56.2406,yes,Asia/Muscat
KHT,medium_airport,Khost International Airport,Khost,AF,33.2846,69.8073,yes,Asia/Kabul
KHU,small_airport,Kakhnovka Airfield,Kremenchuk,UA,49.1368,33.4779,no,Europe/Kyiv
KHV,medium_airport,Khabarovsk Novy Airport,Khabarovsk,RU,48.5283,135.1886,yes,Asia/Vladivostok
KHW,small_airport,Khwai River Lodge Airport,Khwai River Lodge,BW,-19.1495,23.7879,no,Africa/Gaborone
KHX,medium_airport,Savannah Airstrip,Kihihi,UG,-0.7165,29.6997,yes,Africa/Kampala
KHY,small_airport,Khoy Airport,Khoy,IR,38.4275,44.9736,no,Asia/Tehran
KHZ,small_airport,Kauehi Airport,Kauehi,PF,-15.7806,-145.1284,yes,Pacific/Tahiti
KIC,small_airport,Mesa Del Rey Airport,King City,US,36.2280,-121.1220,no,America/Los_Angeles
KID,medium_airport,Kristianstad Airport,Kristianstad,SE,55.9217,14.0855,no,Europe/Stockholm
KIE,small_airport,Aropa Airport,Kieta,PG,-6.3057,155.7282,yes,Pacific/Bougainville
KIF,small_airport,Kingfisher Lake Airport,Kingfisher Lake,CA,53.0125,-89.8553,yes,America/Winnipeg
KIG,small_airport,Koingnaas Airport,Koingnaas,ZA,-30.1871,17.2827,no,Africa/Johannesburg
KIH,large_airport,Kish International Airport,Kish Island,IR,26.5254,53.9805,yes,Asia/Tehran
KII,small_airport,Kibuli Airstrip,Kibuli,PG,-9.0065,142.6981,no,Pacific/Port_Moresby
KIJ,large_airport,Niigata Airport,Niigata,JP,37.9542,139.1122,yes,Asia/Tokyo
KIK,large_airport,Kirkuk International Airport,Kirkuk,IQ,35.4695,44.3489,yes,Asia/Baghdad
KIL,small_airport,Kilwa Airport,Kilwa,CD,-9.2886,28.3269,no,Africa/Lubumbashi
KIM,large_airport,Kimberley Airport,Kimberley,ZA,-28.8054,24.7649,yes,Africa/Johannesburg
KIN,large_airport,Norman Manley International Airport,Kingston,JM,17.9357,-76.7875,yes,America/Jamaica
KIO,small_airport,Kili Airport,Kili Island,MH,5.6439,169.1246,yes,Pacific/Majuro
KIP,small_airport,Kickapoo Downtown Airport,Wichita Falls,US,33.8578,-98.4904,no,America/Chicago
KIQ,small_airport,Kira Airport,Kira,PG,-8.0651,147.3320,no,Pacific/Port_Moresby
KIR,medium_airport,Kerry Airport,Farranfore,IE,52.1809,-9.5238,yes,Europe/Dublin
KIS,large_airport,Kisumu International Airport,Kisumu,KE,-0.0861,34.7289,yes,Africa/Nairobi
KIT,small_airport,Kithira Airport,Kithira Island,GR,36.2740,23.0167,yes,Europe/Athens
KIU,small_airport,Kiunga Airport,Kiunga,KE,-1.7413,41.4827,no,Africa/Nairobi
KIW,medium_airport,Southdowns Airport,Kitwe,ZM,-12.9005,28.1499,no,Africa/Lusaka
KIX,large_airport,Kansai International Airport,Osaka,JP,34.4273,135.2440,yes,Asia/Tokyo
KIY,small_airport,Kilwa Airport,Kilwa Masoko,TZ,-8.9112,39.5086,no,Africa/Dar_es_Salaam
KJA,large_airport,Krasnoyarsk International Airport,Krasnoyarsk,RU,56.1757,92.4858,yes,Asia/Krasnoyarsk
KJB,medium_airport,Kurnool Airport,Orvakal,IN,15.7163,78.1692,yes,Asia/Kolkata
KJH,medium_airport,Kaili Huangping Airport,Kaili  (Huangping),CN,26.9720,107.9880,yes,Asia/Shanghai
KJI,medium_airport,Burqin Kanas Airport,Burqin,CN,48.2223,86.9959,yes,Asia/Shanghai
KJJ,small_airport,Kajjansi Airfield,Kampala,UG,0.1968,32.5530,no,Africa/Kampala
KJK,medium_airport,Kortrijk-Wevelgem International Airport,Wevelgem,BE,50.8189,3.2096,no,Europe/Brussels
KJP,small_airport,Kerama Airport,Zamami,JP,26.1683,127.2934,no,Asia/Tokyo
KJT,medium_airport,Kertajati International Airport,Kertajati,ID,-6.6474,108.1656,yes,Asia/Jakarta
KJX,small_airport,Kuala Batu Airport,Blangpidie,ID,3.7357,96.7901,no,Asia/Jakarta
KKA,small_airport,Koyuk Alfred Adams Airport,Koyuk,US,64.9395,-161.1540,yes,America/Anchorage
KKC,medium_airport,Khon Kaen Airport,Khon Kaen,TH,16.4666,102.7840,yes,Asia/Bangkok
KKD,small_airport,Kokoda Airport,Kokoda,PG,-8.8847,147.7310,no,Pacific/Port_Moresby
KKE,medium_airport,Kerikeri Airport,Kerikeri,NZ,-35.2591,173.9133,yes,Pacific/Auckland
KKG,small_airport,Konawaruk Airport,Konawaruk,GY,5.2684,-58.9950,no,America/Guyana
KKH,small_airport,Kongiganak Airport,Kongiganak,US,59.9608,-162.8810,yes,America/Nome
KKI,small_airport,Akiachak Airport,Akiachak,US,60.9138,-161.4933,yes,America/Anchorage
KKJ,large_airport,Kitakyushu Airport,Kitakyushu,JP,33.8459,131.0350,yes,Asia/Tokyo
KKK,small_airport,Kalakaket Creek AS Airport,Kalakaket Creek,US,64.4166,-156.8204,no,America/Anchorage
KKM,medium_airport,Khok Kathiam Airport,Lop Buri,TH,14.8746,100.6634,no,Asia/Bangkok
KKN,medium_airport,"Kirkenes Airport, Høybuktmoen",Kirkenes,NO,69.7258,29.8913,yes,Europe/Oslo
KKO,small_airport,Kaikohe Airport,Kaikohe,NZ,-35.4511,173.8170,no,Pacific/Auckland
KKP,small_airport,Koolburra Airport,Koolburra,AU,-15.3189,143.9550,no,Australia/Brisbane
KKQ,small_airport,Krasnoselkup Airport,Krasnoselkup,RU,65.7170,82.4550,no,Asia/Yekaterinburg
KKR,medium_airport,Kaukura Airport,Raitahiti,PF,-15.6633,-146.8850,yes,Pacific/Tahiti
KKS,medium_airport,Kashan Airport,Kashan,IR,33.8953,51.5770,yes,Asia/Tehran
KKT,small_airport,Kentland Municipal Airport,Kentland,US,40.7587,-87.4295,no,America/Chicago
KKU,small_airport,Ekuk Airport,Ekuk,US,58.8112,-158.5590,no,America/Anchorage
KKW,medium_airport,Kikwit Airport,Kikwit,CD,-5.0358,18.7856,yes,Africa/Kinshasa
KKX,medium_airport,Kikai Airport,Kikai,JP,28.3213,129.9280,yes,Asia/Tokyo
KKY,small_airport,Kilkenny Airport,Kilkenny,IE,52.6508,-7.2961,no,Europe/Dublin
KKZ,small_airport,Koh Kong Airport,Krong Khemara Phoumin,KH,11.6134,102.9971,no,Asia/Phnom_Penh
KLB,small_airport,Kalabo Airport,Kalabo,ZM,-14.9988,22.6484,no,Africa/Lusaka
KLC,medium_airport,Kaolack Airport,Kaolack,SN,14.1469,-16.0513,no,Africa/Dakar
KLD,medium_airport,Migalovo Air Base,Tver,RU,56.8247,35.7577,no,Europe/Moscow
KLE,small_airport,Kaélé Airport,Kaélé,CM,10.0925,14.4456,no,Africa/Douala
KLF,medium_airport,Grabtsevo Airport,Kaluga,RU,54.5500,36.3667,no,Europe/Moscow
KLG,small_airport,Kalskag Airport,Kalskag,US,61.5363,-160.3410,yes,America/Anchorage
KLH,medium_airport,Kolhapur Airport,Kolhapur,IN,16.6647,74.2894,yes,Asia/Kolkata
KLI,small_airport,Kotakoli Airbase,Kotakoli,CD,4.1570,21.6667,no,Africa/Kinshasa
KLK,small_airport,Kalokol Airport,Kalokol,KE,3.4916,35.8368,no,Africa/Nairobi
KLL,small_airport,Levelock Airport,Levelock,US,59.1261,-156.8609,no,America/Anchorage
KLM,small_airport,Kalaleh Airport,Kalaleh,IR,37.3833,55.4520,no,Asia/Tehran
KLN,small_airport,Larsen Bay Airport,Larsen Bay,US,57.5352,-153.9765,yes,America/Anchorage
KLO,large_airport,Kalibo International Airport,Kalibo,PH,11.6794,122.3760,yes,Asia/Manila
KLP,small_airport,Seruyan Kuala Pembuang Airport,Seruyan,ID,-3.3761,112.5365,yes,Asia/Pontianak
KLR,medium_airport,Kalmar Airport,Kalmar,SE,56.6855,16.2876,yes,Europe/Stockholm
KLS,medium_airport,Southwest Washington Regional Airport,Kelso,US,46.1180,-122.8980,no,America/Los_Angeles
KLU,large_airport,Klagenfurt Airport,Klagenfurt am Wörthersee,AT,46.6425,14.3377,yes,Europe/Vienna
KLV,large_airport,Karlovy Vary Airport,Karlovy Vary,CZ,50.2030,12.9150,yes,Europe/Prague
KLW,medium_airport,Klawock Airport,Klawock,US,55.5792,-133.0760,yes,America/Sitka
KLX,medium_airport,Kalamata Airport,Kalamata,GR,37.0683,22.0255,yes,Europe/Athens
KLY,small_airport,Kinkungwa Airport,Kalima,CD,-2.5780,26.7340,no,Africa/Lubumbashi
KLZ,medium_airport,Kleinsee Airport,Kleinsee,ZA,-29.6884,17.0940,no,Africa/Johannesburg
KMA,medium_airport,Kerema Airport,Kerema,PG,-7.9636,145.7710,yes,Pacific/Port_Moresby
KMB,small_airport,Koinambe Airport,Konambe,PG,-5.4875,144.6069,no,Pacific/Port_Moresby
KMC,medium_airport,King Khaled Military City Airport,King Khaled Military City,SA,27.9009,45.5282,yes,Asia/Riyadh
KME,medium_airport,Kamembe Airport,Kamembe,RW,-2.4622,28.9079,yes,Africa/Kigali
KMF,small_airport,Kamina Airport,Hoieti,PG,-7.6493,145.9569,no,Pacific/Port_Moresby
KMG,large_airport,Kunming Changshui International Airport,Kunming,CN,25.1103,102.9367,yes,Asia/Shanghai
KMH,medium_airport,Johan Pienaar Airport,Kuruman,ZA,-27.4566,23.4119,no,Africa/Johannesburg
KMI,large_airport,Miyazaki Airport,Miyazaki,JP,31.8772,131.4490,yes,Asia/Tokyo
KMJ,large_airport,Kumamoto Airport,Kumamoto,JP,32.8373,130.8550,yes,Asia/Tokyo
KMK,small_airport,Makabana Airport,Makabana,CG,-3.4830,12.6170,no,Africa/Brazzaville
KML,small_airport,Kamileroi Airport,,AU,-19.3750,140.0570,no,Australia/Brisbane
KMM,small_airport,Kimaam Airport,Kimaam,ID,-7.9779,138.8518,no,Asia/Jayapura
KMN,small_airport,Kamina City Airport,Kamina,CD,-8.7289,24.9914,yes,Africa/Lubumbashi
KMO,small_airport,Manokotak Airport,Manokotak,US,58.9321,-158.9019,yes,America/Anchorage
KMP,medium_airport,Keetmanshoop Airport,Keetmanshoop,NA,-26.5398,18.1114,no,Africa/Windhoek
KMQ,large_airport,Komatsu Airport / JASDF Komatsu Air Base,Kanazawa,JP,36.3934,136.4069,yes,Asia/Tokyo
KMR,small_airport,Karimui Airport,Karimui,PG,-6.4921,144.8230,no,Pacific/Port_Moresby
KMS,large_airport,Prempeh I International Airport,Kumasi,GH,6.7146,-1.5908,yes,Africa/Accra
KMU,medium_airport,Kismayo Airport,Kismayo,SO,-0.3774,42.4592,no,Africa/Mogadishu
KMV,small_airport,Kalay Airport,Kalemyo,MM,23.1888,94.0511,no,Asia/Yangon
KMW,medium_airport,Kostroma Sokerkino Airport,Kostroma,RU,57.7969,41.0194,yes,Europe/Moscow
KMX,medium_airport,King Khalid Air Base,Khamis Mushait,SA,18.2973,42.8035,no,Asia/Riyadh
KMZ,small_airport,Kaoma Airport,Kaoma,ZM,-14.8000,24.7830,no,Africa/Lusaka
KNA,medium_airport,Viña del Mar Airport,Viña del Mar,CL,-32.9496,-71.4786,no,America/Santiago
KNB,small_airport,Kanab Municipal Airport,Kanab,US,37.0111,-112.5310,no,America/Denver
KND,medium_airport,Kindu Airport,Kindu,CD,-2.9192,25.9154,yes,Africa/Lubumbashi
KNE,small_airport,Kanainj Airport,Kanainj,PG,-5.2903,144.7072,no,Pacific/Port_Moresby
KNF,medium_airport,RAF Marham,"King's Lynn, Norfolk",GB,52.6484,0.5507,no,Europe/London
KNG,medium_airport,Utarom Airport,Kaimana,ID,-3.6446,133.6951,yes,Asia/Jayapura
KNH,medium_airport,Kinmen Airport,Shang-I,TW,24.4279,118.3590,yes,Asia/Taipei
KNI,small_airport,Katanning Airport,,AU,-33.6994,117.6570,no,Australia/Perth
KNJ,small_airport,Kindamba Airport,Kindamba,CG,-3.7498,14.4903,no,Africa/Brazzaville
KNK,small_airport,Kokhanok Airport,Kokhanok,US,59.4332,-154.8022,yes,America/Anchorage
KNM,small_airport,Kaniama Airport,Kaniama,CD,-7.5993,24.1586,no,Africa/Lubumbashi
KNN,small_airport,Kankan Airport,Kankan,GN,10.4484,-9.2288,no,Africa/Conakry
KNO,large_airport,Kualanamu International Airport,Beringin,ID,3.6378,98.8706,yes,Asia/Jakarta
KNP,small_airport,Kapanda Airport,Capanda,AO,-9.7694,15.4553,no,Africa/Luanda
KNQ,medium_airport,Koné Airport,Koné,NC,-21.0536,164.8388,yes,Pacific/Noumea
KNR,medium_airport,Jam Airport,Jam,IR,27.8205,52.3522,no,Asia/Tehran
KNS,medium_airport,King Island Airport,,AU,-39.8775,143.8780,yes,Australia/Hobart
KNT,small_airport,Kennett Memorial Airport,Kennett,US,36.2259,-90.0366,no,America/Chicago
KNU,medium_airport,Kanpur Airport,Kanpur,IN,26.4043,80.4101,yes,Asia/Kolkata
KNW,small_airport,New Stuyahok Airport,New Stuyahok,US,59.4518,-157.3738,yes,America/Anchorage
KNX,medium_airport,East Kimberley Regional (Kununurra) Airport,Kununurra,AU,-15.7781,128.7080,yes,Australia/Perth
KNY,small_airport,Kodinsk Airport,,RU,58.4794,99.0939,no,Asia/Krasnoyarsk
KNZ,small_airport,Kenieba Airport,Kenieba,ML,12.8390,-11.2534,no,Africa/Bamako
KOA,large_airport,Ellison Onizuka Kona International Airport at Keāhole,Kailua-Kona,US,19.7388,-156.0456,yes,Pacific/Honolulu
KOC,small_airport,Koumac Airport,Koumac,NC,-20.5463,164.2556,yes,Pacific/Noumea
KOD,small_airport,Kotabangun Airport,Kotabangun-Borneo Island,ID,-0.2667,116.5833,no,Asia/Makassar
KOE,medium_airport,El Tari Airport,Kupang,ID,-10.1716,123.6710,yes,Asia/Makassar
KOF,small_airport,Komatipoort Airport,Komatipoort,ZA,-25.4403,31.9300,no,Africa/Johannesburg
KOH,small_airport,Koolatah Airport,Maramie,AU,-15.8885,142.4395,no,Australia/Brisbane
KOI,medium_airport,Kirkwall Airport,"Kirkwall, Orkney Islands",GB,58.9579,-2.9051,yes,Europe/London
KOJ,large_airport,Kagoshima Airport,Kagoshima,JP,31.8034,130.7190,yes,Asia/Tokyo
KOK,medium_airport,Kokkola-Pietarsaari Airport,Kokkola / Kruunupyy,FI,63.7212,23.1431,yes,Europe/Helsinki
KOM,small_airport,Komo-Manda Airport,Komo,PG,-6.0682,142.8598,no,Pacific/Port_Moresby
KOO,small_airport,Kongolo Airport,Kongolo,CD,-5.3939,26.9899,no,Africa/Lubumbashi
KOP,medium_airport,Nakhon Phanom Airport,Nakhon Phanom,TH,17.3838,104.6430,yes,Asia/Bangkok
KOQ,small_airport,Köthen Airport,Köthen (Anhalt),DE,51.7237,11.9488,no,Europe/Berlin
KOR,small_airport,Kakoro(Koroko) Airstrip,Kakoro,PG,-7.8347,146.5335,no,Pacific/Port_Moresby
KOS,large_airport,Sihanouk International Airport,Preah Sihanouk,KH,10.5706,103.6321,yes,Asia/Phnom_Penh
KOT,small_airport,Kotlik Airport,Kotlik,US,63.0306,-163.5330,yes,America/Nome
KOU,medium_airport,Koulamoutou Mabimbi Airport,Koulamoutou,GA,-1.1846,12.4413,no,Africa/Libreville
KOV,large_airport,Kokshetau International Airport,Kokshetau,KZ,53.3291,69.5946,yes,Asia/Almaty
KOW,small_airport,Ganzhou Huangjin Airport,Ganzhou,CN,25.8533,114.7789,yes,Asia/Shanghai
KOX,small_airport,Kokonao Airport,Kokonao,ID,-4.7107,136.4351,no,Asia/Jayapura
KOZ,small_airport,Ouzinkie Airport,Ouzinkie,US,57.9421,-152.4643,yes,America/Anchorage
KPA,small_airport,Kopiago Airport,Kopiago,PG,-5.3883,142.4977,no,Pacific/Port_Moresby
KPC,medium_airport,Port Clarence Coast Guard Station,Port Clarence,US,65.2537,-166.8590,no,America/Nome
KPE,small_airport,Yapsiei Airport,,PG,-4.6281,141.0942,no,Pacific/Port_Moresby
KPF,small_airport,Kondobol Airport,Kondobol,PG,-8.5336,142.5049,no,Pacific/Port_Moresby
KPI,small_airport,Kapit Airport,Kapit,MY,2.0105,112.9315,no,Asia/Kuching
KPL,small_airport,Kapal Airport,Kapal,PG,-8.6302,142.8238,no,Pacific/Port_Moresby
KPM,small_airport,Kompiam Airport,,PG,-5.3817,143.9247,no,Pacific/Port_Moresby
KPN,small_airport,Kipnuk Airport,Kipnuk,US,59.9318,-164.0282,yes,America/Nome
KPO,medium_airport,Pohang Airport (G-815/K-3),Pohang,KR,35.9880,129.4204,yes,Asia/Seoul
KPP,small_airport,Kalpowar Airport,Kalpower,AU,-14.8900,144.2200,no,Australia/Brisbane
KPS,medium_airport,Kempsey Airport,,AU,-31.0723,152.7653,no,Australia/Sydney
KPT,small_airport,Jackpot Airport/Hayden Field,Jackpot,US,41.9760,-114.6580,no,America/Los_Angeles
KPV,small_airport,Perryville Airport,Perryville,US,55.9065,-159.1609,yes,America/Anchorage
KPW,medium_airport,Keperveem Airport,Keperveem,RU,67.8450,166.1400,yes,Asia/Anadyr
KQA,small_airport,Akutan Airport,Akutan,US,54.1446,-165.6043,yes,America/Nome
KQH,medium_airport,Kishangarh Airport Ajmer,Ajmer (Kishangarh),IN,26.5910,74.8130,yes,Asia/Kolkata
KQL,small_airport,Kol Airport,Kol,PG,-5.7312,144.8460,no,Pacific/Port_Moresby
KQR,small_airport,Karara Airport,Karara,AU,-29.2172,116.6872,yes,Australia/Perth
KQT,large_airport,Bokhtar International Airport,Bokhtar,TJ,37.8663,68.8645,yes,Asia/Dushanbe
KRA,medium_airport,Kerang Airport,,AU,-35.7514,143.9390,no,Australia/Melbourne
KRB,small_airport,Karumba Airport,,AU,-17.4567,140.8300,yes,Australia/Brisbane
KRC,small_airport,Departi Parbo Airport,Sungai Penuh,ID,-2.0940,101.4702,yes,Asia/Jakarta
KRD,small_airport,Kurundi Airport,Kurundi Station,AU,-20.5100,134.6706,no,Australia/Darwin
KRE,small_airport,Kirundo Airport,Kirundo,BI,-2.5448,30.0946,yes,Africa/Bujumbura
KRF,medium_airport,Kramfors-Sollefteå Höga Kusten Airport,Nyland,SE,63.0486,17.7689,yes,Europe/Stockholm
KRG,small_airport,Karasabai Airport,Karasabai,GY,4.0301,-59.5475,no,America/Guyana
KRI,small_airport,Kikori Airport,Kikori,PG,-7.4244,144.2501,yes,Pacific/Port_Moresby
KRJ,small_airport,Karawari Airstrip,Amboin,PG,-4.5967,143.5225,no,Pacific/Port_Moresby
KRK,large_airport,Kraków John Paul II International Airport,Balice,PL,50.0777,19.7848,yes,Europe/Warsaw
KRL,medium_airport,Korla Licheng Airport,Korla,CN,41.6150,86.1408,yes,Asia/Shanghai
KRM,small_airport,Karanambo Airport,Karanambo,GY,3.7526,-59.3090,no,America/Guyana
KRN,large_airport,Kiruna Airport,Kiruna,SE,67.8220,20.3368,yes,Europe/Stockholm
KRO,medium_airport,Kurgan Airport,Kurgan,RU,55.4753,65.4156,yes,Asia/Yekaterinburg
KRP,medium_airport,Midtjyllands Airport / Air Base Karup,Karup,DK,56.2971,9.1043,yes,Europe/Copenhagen
KRQ,small_airport,Kramatorsk Airport,Kramatorsk,UA,48.7068,37.6309,no,Europe/Kyiv
KRR,large_airport,Krasnodar Pashkovsky International Airport,Krasnodar,RU,45.0345,39.1742,yes,Europe/Moscow
KRS,large_airport,Kristiansand Airport,Kristiansand(Kjevik),NO,58.2042,8.0854,yes,Europe/Oslo
KRT,large_airport,Khartoum International Airport,Khartoum,SD,15.5895,32.5532,yes,Africa/Khartoum
KRU,small_airport,Kerau Airport,Gunim,PG,-8.2716,147.0719,no,Pacific/Port_Moresby
KRV,small_airport,Kerio Valley Airport,Kimwarer,KE,0.3179,35.6647,no,Africa/Nairobi
KRW,medium_airport,Turkmenbaşy International Airport,Turkmenbaşy,TM,40.0628,53.0051,yes,Asia/Ashgabat
KRX,small_airport,Kar Kar Airport,Kar Kar Island,PG,-4.5570,145.9404,no,Pacific/Port_Moresby
KRY,small_airport,Karamay Airport,Karamay,CN,45.4665,84.9527,yes,Asia/Shanghai
KRZ,small_airport,Kiri Airport,Kiri,CD,-1.4998,18.9285,no,Africa/Kinshasa
KSA,large_airport,Kosrae International Airport,Okat,FM,5.3570,162.9580,yes,Pacific/Kosrae
KSB,small_airport,Kasonombe Airport,Kasonombe,PG,-6.3819,146.9859,no,Pacific/Port_Moresby
KSC,medium_airport,Košice International Airport,Košice,SK,48.6631,21.2411,yes,Europe/Bratislava
KSD,medium_airport,Karlstad Airport,Karlstad,SE,59.4447,13.3374,yes,Europe/Stockholm
KSE,small_airport,Kasese Airport,Kasese,UG,0.1830,30.1000,no,Africa/Kampala
KSF,large_airport,Kassel Airport,Calden,DE,51.4184,9.3916,yes,Europe/Berlin
KSG,small_airport,Kisengam Airport [CLOSED],Kisenden,PG,-6.3620,146.7100,no,Pacific/Port_Moresby
KSH,medium_airport,Shahid Ashrafi Esfahani Airport,Kermanshah,IR,34.3459,47.1581,yes,Asia/Tehran
KSI,small_airport,Kissidougou Airport,Kissidougou,GN,9.1606,-10.1244,no,Africa/Conakry
KSJ,small_airport,Kasos Airport,Kasos Island,GR,35.4214,26.9100,yes,Europe/Athens
KSK,medium_airport,Karlskoga Airport,Karlskoga,SE,59.3459,14.4959,no,Europe/Stockholm
KSL,medium_airport,Kassala Airport,Kassala,SD,15.3875,36.3288,yes,Africa/Khartoum
KSM,small_airport,St Mary's Airport,St Mary's,US,62.0605,-163.3020,yes,America/Nome
KSN,large_airport,Kostanay International Airport,Kostanay,KZ,53.2069,63.5503,yes,Asia/Qostanay
KSO,small_airport,Kastoria National Airport Aristotle,Argos Orestiko,GR,40.4463,21.2822,yes,Europe/Athens
KSP,small_airport,Kosipe Airport,Kosipe Mission,PG,-8.4507,147.2092,no,Pacific/Port_Moresby
KSQ,small_airport,Karshi Airport,Karshi,UZ,38.8022,65.7731,yes,Asia/Samarkand
KSR,small_airport,Selayar - Haji Aroeppala Airport,Benteng,ID,-6.1792,120.4375,yes,Asia/Makassar
KSS,small_airport,Sikasso (Dignangan) Airport,Sikasso,ML,11.5984,-5.7989,no,Africa/Bamako
KSU,medium_airport,"Kristiansund Airport, Kvernberget",Kvernberget,NO,63.1118,7.8245,yes,Europe/Oslo
KSV,small_airport,Springvale Airport,,AU,-23.5500,140.7000,no,Australia/Brisbane
KSW,small_airport,Kiryat Shmona Airport,Kiryat Shmona,IL,33.2163,35.5962,no,Asia/Jerusalem
KSX,small_airport,Yasuru Airport,Yasuru,PG,-6.6015,146.1813,no,Pacific/Port_Moresby
KSY,medium_airport,Kars Airport,Kars,TR,40.5622,43.1150,yes,Europe/Istanbul
KSZ,medium_airport,Kotlas Airport,Kotlas,RU,61.2358,46.6975,yes,Europe/Moscow
KTA,medium_airport,Karratha Airport,Karratha,AU,-20.7122,116.7730,yes,Australia/Perth
KTC,small_airport,Katiola Airport,Katiola,CI,8.1329,-5.0649,no,Africa/Abidjan
KTD,medium_airport,Kitadaito Airport,Kitadaitōjima,JP,25.9447,131.3270,yes,Asia/Tokyo
KTE,medium_airport,Kerteh Airport,Kerteh,MY,4.5372,103.4270,no,Asia/Kuala_Lumpur
KTF,small_airport,Takaka Airport,,NZ,-40.8133,172.7750,no,Pacific/Auckland
KTG,medium_airport,Rahadi Osman Airport,Ketapang,ID,-1.8172,109.9635,yes,Asia/Pontianak
KTI,large_airport,Techo International Airport,Phnom Penh (Boeng Khyang),KH,11.3600,104.9213,yes,Asia/Phnom_Penh
KTJ,small_airport,Kichwa Tembo Airport,Kichwa Tembo,KE,-1.2635,35.0275,no,Africa/Nairobi
KTL,medium_airport,Kitale Airport,Kitale,KE,0.9720,34.9586,no,Africa/Nairobi
KTM,large_airport,Tribhuvan International Airport,Kathmandu,NP,27.6966,85.3591,yes,Asia/Kathmandu
KTN,medium_airport,Ketchikan International Airport,Ketchikan,US,55.3556,-131.7140,yes,America/Sitka
KTO,small_airport,Kato Airport,Kato,GY,4.6492,-59.8322,no,America/Guyana
KTP,medium_airport,Tinson Pen Airport,Tinson Pen,JM,17.9886,-76.8238,yes,America/Jamaica
KTQ,medium_airport,Kitee Airport,Kitee,FI,62.1661,30.0736,no,Europe/Helsinki
KTR,medium_airport,Tindal Airport,,AU,-14.5211,132.3780,no,Australia/Darwin
KTS,small_airport,Brevig Mission Airport,Brevig Mission,US,65.3318,-166.4678,yes,America/Nome
KTT,large_airport,Kittilä International Airport,Kittilä,FI,67.7010,24.8468,yes,Europe/Helsinki
KTU,medium_airport,Kota Airport,Kota,IN,25.1602,75.8456,no,Asia/Kolkata
KTV,small_airport,Kamarata Airport,Kamarata,VE,5.7171,-62.3373,no,America/Caracas
KTW,large_airport,Katowice Wojciech Korfanty International Airport,Katowice,PL,50.4760,19.0807,yes,Europe/Warsaw
KTY,small_airport,Katukurunda Air Force Base,Kalutara,LK,6.5521,79.9775,no,Asia/Colombo
KUA,medium_airport,Kuantan Airport,Kuantan,MY,3.7754,103.2090,yes,Asia/Kuala_Lumpur
KUC,small_airport,Kuria Airport,Kuria,KI,0.2186,173.4420,no,Pacific/Tarawa
KUD,small_airport,Kudat Airport,Kudat,MY,6.9241,116.8371,yes,Asia/Kuching
KUE,small_airport,Kukudu Airport,Kolombangara Island,SB,-8.0262,156.9478,no,Pacific/Guadalcanal
KUF,large_airport,Kurumoch International Airport,Samara,RU,53.5049,50.1643,yes,Europe/Samara
KUG,small_airport,Kubin Island Airport,Kubin Island,AU,-10.2265,142.2196,yes,Australia/Brisbane
KUH,medium_airport,Kushiro Airport,Kushiro,JP,43.0410,144.1930,yes,Asia/Tokyo
KUK,small_airport,Kasigluk Airport,Kasigluk,US,60.8727,-162.5247,yes,America/Nome
KUL,large_airport,Kuala Lumpur International Airport,Sepang,MY,2.7456,101.7100,yes,Asia/Kuala_Lumpur
KUM,medium_airport,Yakushima Airport,Yakushima,JP,30.3856,130.6590,yes,Asia/Tokyo
KUN,large_airport,Kaunas International Airport,Kaunas,LT,54.9640,24.0858,yes,Europe/Vilnius
KUO,large_airport,Kuopio Airport,Kuopio / Siilinjärvi,FI,63.0071,27.7978,yes,Europe/Helsinki
KUP,small_airport,Kupiano Airport,Kupiano,PG,-10.0736,148.2180,no,Pacific/Port_Moresby
KUQ,small_airport,Kuri Airport,Kuri,PG,-7.1351,143.2761,no,Pacific/Port_Moresby
KUR,small_airport,Razer Airport,Skazar,AF,36.0299,70.7142,no,Asia/Kabul
KUS,medium_airport,Kulusuk Airport,Kulusuk,GL,65.5736,-37.1236,yes,America/Nuuk
KUT,large_airport,David the Builder Kutaisi International Airport,Kopitnari,GE,42.1774,42.4854,yes,Asia/Tbilisi
KUU,medium_airport,Kullu Manali Airport,Bhuntar,IN,31.8767,77.1544,yes,Asia/Kolkata
KUV,medium_airport,Gunsan Airport / Gunsan Air Base,Gunsan,KR,35.9038,126.6160,yes,Asia/Seoul
KUX,small_airport,Kuyol Airport,,PG,-5.3724,141.6239,no,Pacific/Port_Moresby
KUY,small_airport,Kamusi Airport,Kamusi,PG,-7.4203,143.1218,no,Pacific/Port_Moresby
KVA,large_airport,Kavala Alexander the Great International Airport,Kavala,GR,40.9133,24.6192,yes,Europe/Athens
KVB,medium_airport,Skövde Airport,Skövde,SE,58.4564,13.9727,no,Europe/Stockholm
KVC,small_airport,King Cove Airport,King Cove,US,55.1163,-162.2660,yes,America/Nome
KVE,small_airport,Kitava Airport,Kitava Island,PG,-8.6285,151.3270,no,Pacific/Port_Moresby
KVG,medium_airport,Kavieng Airport,Kavieng,PG,-2.5794,150.8080,yes,Pacific/Port_Moresby
KVK,small_airport,Kirovsk-Apatity Airport,Apatity,RU,67.4629,33.5853,no,Europe/Moscow
KVL,small_airport,Kivalina Airport,Kivalina,US,67.7346,-164.5599,yes,America/Nome
KVM,small_airport,Markovo Airport,Markovo,RU,64.6654,170.4176,yes,Asia/Anadyr
KVO,medium_airport,Morava Airport,Kraljevo,RS,43.8175,20.5867,yes,Europe/Belgrade
KVR,small_airport,Kavalerovo Airport,Kavalerovo,RU,44.2726,135.0290,no,Asia/Vladivostok
KVX,medium_airport,Pobedilovo Airport,Kirov,RU,58.5039,49.3478,yes,Europe/Kirov
KWA,medium_airport,Bucholz Army Air Field,Kwajalein,MH,8.7201,167.7320,yes,Pacific/Kwajalein
KWB,small_airport,Dewadaru Airport,Karimunjawa,ID,-5.8009,110.4784,yes,Asia/Jakarta
KWD,small_airport,Kavadja Airport,Kavadja,CF,7.9649,23.5260,no,Africa/Bangui
KWE,large_airport,Guiyang Longdongbao International Airport,Guiyang (Nanming),CN,26.5418,106.8040,yes,Asia/Shanghai
KWG,medium_airport,Kryvyi Rih International Airport,Kryvyi Rih,UA,48.0433,33.2100,yes,Europe/Kyiv
KWH,small_airport,Khwahan Airport,Khwahan,AF,37.8900,70.2038,no,Asia/Kabul
KWI,large_airport,Kuwait International Airport,Kuwait City,KW,29.2245,47.9698,yes,Asia/Kuwait
KWJ,medium_airport,Gwangju Airport,Gwangju,KR,35.1232,126.8054,yes,Asia/Seoul
KWK,small_airport,Kwigillingok Airport,Kwigillingok,US,59.8765,-163.1690,yes,America/Nome
KWL,large_airport,Guilin Liangjiang International Airport,Guilin (Lingui),CN,25.2198,110.0396,yes,Asia/Shanghai
KWM,medium_airport,Kowanyama Airport,Kowanyama,AU,-15.4854,141.7526,yes,Australia/Brisbane
KWN,small_airport,Quinhagak Airport,Quinhagak,US,59.7551,-161.8450,yes,America/Anchorage
KWO,small_airport,Kawito Airport,Kawito,PG,-7.9770,142.8236,no,Pacific/Port_Moresby
KWS,small_airport,Kwailabesi Airport,Kwailabesi,SB,-8.3605,160.7751,no,Pacific/Guadalcanal
KWT,small_airport,Kwethluk Airport,Kwethluk,US,60.7903,-161.4440,yes,America/Anchorage
KWY,medium_airport,Kiwayu Airport,Kiwayu,KE,-1.9606,41.2972,no,Africa/Nairobi
KWZ,medium_airport,Kolwezi Airport,Kolwezi,CD,-10.7659,25.5057,yes,Africa/Lubumbashi
KXB,medium_airport,Sangia Nibandera Airport,Kolaka,ID,-4.3382,121.5240,yes,Asia/Makassar
KXD,small_airport,Kondinskoye Airport,Kondinskoye,RU,59.6551,67.4300,no,Asia/Yekaterinburg
KXE,medium_airport,P C Pelser Airport,Klerksdorp,ZA,-26.8711,26.7180,no,Africa/Johannesburg
KXF,small_airport,Koro Island Airport,Koro Island,FJ,-17.3458,179.4220,yes,Pacific/Fiji
KXK,medium_airport,Komsomolsk-on-Amur Airport,Komsomolsk-on-Amur,RU,50.4090,136.9340,yes,Asia/Vladivostok
KXO,small_airport,Kisoro Airport,Kisoro,UG,-1.2837,29.7197,yes,Africa/Kampala
KXU,small_airport,Katiu Airport,Katiu,PF,-16.3397,-144.4080,no,Pacific/Tahiti
KYA,large_airport,Konya Airport,Konya,TR,37.9790,32.5619,yes,Europe/Istanbul
KYB,small_airport,Ken's Bore airport,Ken's Bore,AU,-22.1572,116.1562,no,Australia/Perth
KYD,medium_airport,Lanyu Airport,Orchid Island,TW,22.0270,121.5350,yes,Asia/Taipei
KYE,medium_airport,Rene Mouawad Air Base,Tripoli,LB,34.5893,36.0113,no,Asia/Beirut
KYF,small_airport,Yeelirrie Airport,,AU,-27.2771,120.0957,no,Australia/Perth
KYI,small_airport,Yalata Mission Airport,Yalata Mission,AU,-31.4706,131.8250,no,Australia/Adelaide
KYK,small_airport,Karluk Airport,Karluk,US,57.5659,-154.4538,yes,America/Anchorage
KYO,small_airport,Tampa North Aero Park Airport,Tampa,US,28.2213,-82.3745,no,America/New_York
KYP,medium_airport,Kyaukpyu Airport,Kyaukpyu,MM,19.4264,93.5348,yes,Asia/Yangon
KYS,medium_airport,Kayes Dag Dag Airport,Kayes,ML,14.4825,-11.3993,yes,Africa/Bamako
KYT,small_airport,Kyauktu Airport,Kyauktu,MM,21.4000,94.1333,no,Asia/Yangon
KYU,small_airport,Koyukuk Airport,Koyukuk,US,64.8761,-157.7270,yes,America/Anchorage
KYX,small_airport,Yalumet Airport,Yalumet,PG,-6.0900,147.0117,no,Pacific/Port_Moresby
KYZ,medium_airport,Kyzyl Airport,Kyzyl,RU,51.6694,94.4006,yes,Asia/Krasnoyarsk
KZD,small_airport,Krakor Airport,Krakor,KH,12.5385,104.1486,no,Asia/Phnom_Penh
KZF,small_airport,Kaintiba Airport,Kaintiba,PG,-7.5003,146.0338,no,Pacific/Port_Moresby
KZG,small_airport,Kitzingen Airfield,Kitzingen,DE,49.7443,10.2073,no,Europe/Berlin
KZI,medium_airport,Kozani National Airport Filippos,Kozani,GR,40.2861,21.8408,yes,Europe/Athens
KZN,large_airport,Kazan International Airport,Kazan,RU,55.6062,49.2787,yes,Europe/Moscow
KZO,large_airport,Korkyt Ata International Airport,Kyzylorda,KZ,44.7069,65.5925,yes,Asia/Qyzylorda
KZR,small_airport,Zafer Airport,Altıntaş,TR,39.1111,30.1304,yes,Europe/Istanbul
KZS,small_airport,Kastelorizo Airport,Kastelorizo Island,GR,36.1417,29.5764,yes,Europe/Athens
LAA,medium_airport,Southeast Colorado Regional Airport,Lamar,US,38.0664,-102.6914,no,America/Denver
LAB,small_airport,Lab Lab Airport,Lab Lab Mission,PG,-5.7204,148.0566,no,Pacific/Port_Moresby
LAC,small_airport,Layang-Layang Airport,Pulau Layang-Layang (Swallow Reef),MY,7.3716,113.8440,no,Asia/Kuching
LAD,large_airport,Quatro de Fevereiro International Airport,Luanda,AO,-8.8584,13.2312,yes,Africa/Luanda
LAE,large_airport,Nadzab Tomodachi International Airport,Lae,PG,-6.5680,146.7265,yes,Pacific/Port_Moresby
LAF,medium_airport,Purdue University Airport,West Lafayette,US,40.4129,-86.9394,yes,America/Indiana/Indianapolis
LAH,small_airport,Oesman Sadik Airport,Labuha-Halmahera Island,ID,-0.6338,127.5054,no,Asia/Jayapura
LAI,medium_airport,Lannion Airport,Lannion,FR,48.7544,-3.4717,no,Europe/Paris
LAJ,medium_airport,Lages Airport,Lages,BR,-27.7821,-50.2815,yes,America/Sao_Paulo
LAK,small_airport,Aklavik/Freddie Carmichael Airport,Aklavik,CA,68.2233,-135.0060,yes,America/Inuvik
LAL,medium_airport,Lakeland Linder International Airport,Lakeland,US,27.9893,-82.0207,yes,America/New_York
LAM,small_airport,Los Alamos Airport,Los Alamos,US,35.8798,-106.2690,no,America/Denver
LAN,medium_airport,Capital Region International Airport,Lansing,US,42.7776,-84.5857,yes,America/Detroit
LAO,large_airport,Laoag International Airport,Laoag City,PH,18.1751,120.5310,yes,Asia/Manila
LAP,medium_airport,Manuel Márquez de León International Airport,La Paz,MX,24.0723,-110.3627,yes,America/Mazatlan
LAQ,large_airport,Al Abraq International Airport,Al Albraq,LY,32.7890,21.9549,yes,Africa/Tripoli
LAR,medium_airport,Laramie Regional Airport,Laramie,US,41.3121,-105.6750,yes,America/Denver
LAS,large_airport,Harry Reid International Airport,Las Vegas,US,36.0834,-115.1518,yes,America/Los_Angeles
LAU,medium_airport,Manda Airport,Lamu,KE,-2.2524,40.9129,yes,Africa/Nairobi
LAW,medium_airport,Lawton Fort Sill Regional Airport,Lawton,US,34.5677,-98.4166,yes,America/Chicago
LAX,large_airport,Los Angeles International Airport,Los Angeles,US,33.9425,-118.4080,yes,America/Los_Angeles
LAY,medium_airport,Ladysmith Airport,Ladysmith,ZA,-28.5817,29.7497,no,Africa/Johannesburg
LAZ,medium_airport,Bom Jesus da Lapa Airport,Bom Jesus da Lapa,BR,-13.2621,-43.4081,no,America/Bahia
LBA,large_airport,Leeds Bradford Airport,"Leeds, West Yorkshire",GB,53.8659,-1.6606,yes,Europe/London
LBB,medium_airport,Lubbock Preston Smith International Airport,Lubbock,US,33.6636,-101.8230,yes,America/Chicago
LBC,medium_airport,Lübeck Blankensee Airport,Lübeck,DE,53.8054,10.7192,yes,Europe/Berlin
LBD,large_airport,Khujand International Airport,Khujand,TJ,40.2154,69.6947,yes,Asia/Dushanbe
LBE,medium_airport,Arnold Palmer Regional Airport,Latrobe,US,40.2759,-79.4048,yes,America/New_York
LBF,medium_airport,North Platte Regional Airport Lee Bird Field,North Platte,US,41.1262,-100.6840,yes,America/Chicago
LBG,large_airport,Paris-Le Bourget International Airport,Paris,FR,48.9623,2.4365,yes,Europe/Paris
LBI,medium_airport,Albi Le Sequestre airport,Albi,FR,43.9139,2.1131,no,Europe/Paris
LBJ,small_airport,Komodo Airport,"Labuan Bajo, Manggarai Barat",ID,-8.4807,119.8883,yes,Asia/Makassar
LBK,small_airport,Liboi Airport,Liboi,KE,0.3483,40.8817,no,Africa/Nairobi
LBL,medium_airport,Liberal Mid-America Regional Airport,Liberal,US,37.0442,-100.9600,yes,America/Chicago
LBM,small_airport,Luabo Airport,Luabo,MZ,-18.4139,36.1068,no,Africa/Maputo
LBN,small_airport,Lake Baringo (Kampi Ya Samaki) Airport,Akorian,KE,0.6032,36.0130,no,Africa/Nairobi
LBO,small_airport,Lusambo Airport,Lusambo,CD,-4.9617,23.3783,no,Africa/Lubumbashi
LBP,small_airport,Long Banga Airport,Long Banga,MY,3.2021,115.4018,yes,Asia/Kuching
LBQ,medium_airport,Lambarene Airport,Lambarene,GA,-0.7044,10.2457,no,Africa/Libreville
LBR,small_airport,Lábrea Airport,Lábrea,BR,-7.2790,-64.7695,yes,America/Manaus
LBS,medium_airport,Labasa Airport,Labasa,FJ,-16.4667,179.3400,yes,Pacific/Fiji
LBT,medium_airport,Lumberton Regional Airport,Lumberton,US,34.6108,-79.0594,no,America/New_York
LBU,medium_airport,Labuan Airport,Labuan,MY,5.3017,115.2483,yes,Asia/Kuching
LBV,large_airport,Libreville Leon M'ba International Airport,Libreville,GA,0.4590,9.4121,yes,Africa/Libreville
LBW,small_airport,Yuvai Semaring Airport,Long Bawan,ID,3.9005,115.6901,yes,Asia/Makassar
LBX,medium_airport,Lubang Airport,Lubang,PH,13.8554,120.1050,no,Asia/Manila
LBY,medium_airport,La Baule-Escoublac Airport,La Baule-Escoublac,FR,47.2894,-2.3464,no,Europe/Paris
LBZ,small_airport,Lucapa Airport,Lucapa,AO,-8.4423,20.7327,no,Africa/Luanda
LCA,large_airport,Larnaca International Airport,Larnaca,CY,34.8751,33.6249,yes,Asia/Nicosia
LCB,small_airport,André Antônio Maggi Airport,Pontes e Lacerda,BR,-15.1934,-59.3848,no,America/Cuiaba
LCC,medium_airport,Lecce Galatina Air Base / Galatina Fortunato Cesari Airport,Galatina (LE),IT,40.2392,18.1333,no,Europe/Rome
LCD,small_airport,Louis Trichardt Airport,Louis Trichardt,ZA,-23.0619,29.8647,no,Africa/Johannesburg
LCE,medium_airport,Golosón International Airport,La Ceiba,HN,15.7425,-86.8530,yes,America/Tegucigalpa
LCF,small_airport,Las Vegas Airport,Rio Dulce,GT,15.6684,-88.9618,no,America/Guatemala
LCG,medium_airport,A Coruña Airport,Culleredo,ES,43.3021,-8.3773,yes,Europe/Madrid
LCH,medium_airport,Lake Charles Regional Airport,Lake Charles,US,30.1261,-93.2233,yes,America/Chicago
LCI,small_airport,Laconia Municipal Airport,Laconia / Gilford,US,43.5727,-71.4189,no,America/New_York
LCJ,large_airport,Łódź Władysław Reymont Airport,Łódź,PL,51.7219,19.3981,yes,Europe/Warsaw
LCK,medium_airport,Rickenbacker International Airport,Columbus,US,39.8138,-82.9278,yes,America/New_York
LCM,small_airport,La Cumbre Airport,La Cumbre,AR,-31.0058,-64.5319,no,America/Argentina/Cordoba
LCN,small_airport,Balcanoona Airport,,AU,-30.5350,139.3370,no,Australia/Adelaide
LCO,small_airport,Lague Airport,Lague,CG,-2.4500,14.5330,no,Africa/Brazzaville
LCP,small_airport,Loncopue Airport,Loncopue,AR,-38.0819,-70.6439,no,America/Argentina/Salta
LCQ,small_airport,Lake City Gateway Airport,Lake City,US,30.1820,-82.5769,no,America/New_York
LCR,small_airport,Virgilio Barco Vargas (La Chorrera) Airport,La Chorrera,CO,-1.4564,-72.8011,yes,America/Bogota
LCS,small_airport,Longchuan Guangsong Airport,Dehong (Longchuan),CN,24.2665,97.9048,no,Asia/Shanghai
LCT,small_airport,Shijiazhuang Luancheng Airport,Shijiazhuang,CN,37.9130,114.5917,no,Asia/Shanghai
LCX,medium_airport,Liancheng Guanzhishan Airport,Longyan (Liancheng),CN,25.6759,116.7459,yes,Asia/Shanghai
LCY,medium_airport,London City Airport,London,GB,51.5053,0.0553,yes,Europe/London
LDA,small_airport,Malda Airport,Malda,IN,25.0102,88.1269,no,Asia/Kolkata
LDB,medium_airport,Governor José Richa Airport,Londrina,BR,-23.3344,-51.1284,yes,America/Sao_Paulo
LDC,small_airport,Lindeman Island Airport,Lindeman Island,AU,-20.4536,149.0400,no,Australia/Lindeman
LDE,medium_airport,Tarbes-Lourdes-Pyrénées Airport,Tarbes/Lourdes/Pyrénées,FR,43.1787,-0.0064,yes,Europe/Paris
LDG,small_airport,Leshukonskoye Airport,Leshukonskoye,RU,64.8960,45.7230,yes,Europe/Moscow
LDH,small_airport,Lord Howe Island Airport,Lord Howe Island,AU,-31.5382,159.0755,yes,Australia/Lord_Howe
LDI,small_airport,Lindi Airport,Lindi,TZ,-9.8510,39.7591,no,Africa/Dar_es_Salaam
LDJ,small_airport,Linden Airport,Linden,US,40.6174,-74.2446,no,America/New_York
LDK,small_airport,Lidköping-Hovby Airport,Lidköping,SE,58.4655,13.1744,no,Europe/Stockholm
LDM,small_airport,Mason County Airport,Ludington,US,43.9625,-86.4079,no,America/Detroit
LDN,small_airport,Lamidanda Airport,Lamidanda,NP,27.2531,86.6700,no,Asia/Kathmandu
LDO,small_airport,Ladouanie Airport,Aurora,SR,4.3761,-55.4071,no,America/Paramaribo
LDS,medium_airport,Yichun Lindu Airport,Yichun,CN,47.7521,129.0191,yes,Asia/Shanghai
LDU,medium_airport,Lahad Datu Airport,Lahad Datu,MY,5.0324,118.3238,yes,Asia/Kuching
LDV,medium_airport,Landivisiau Air Base,Landivisiau,FR,48.5303,-4.1516,no,Europe/Paris
LDW,small_airport,Lansdowne Airport,Lansdowne Station,AU,-17.6128,126.7430,no,Australia/Perth
LDX,medium_airport,Saint-Laurent-du-Maroni Airport,Saint-Laurent-du-Maroni,GF,5.4819,-54.0350,yes,America/Cayenne
LDY,medium_airport,City of Derry Airport,"Derry, Derry and Strabane",GB,55.0428,-7.1611,yes,Europe/London
LDZ,small_airport,Londolozi Airport,Londolozi,ZA,-24.7478,31.4743,no,Africa/Johannesburg
LEA,medium_airport,Learmonth Airport,Exmouth,AU,-22.2352,114.0900,yes,Australia/Perth
LEB,medium_airport,Lebanon Municipal Airport,Lebanon,US,43.6261,-72.3042,yes,America/New_York
LEC,small_airport,Coronel Horácio de Mattos Airport,Lençóis,BR,-12.4823,-41.2770,yes,America/Bahia
LED,large_airport,Pulkovo Airport,St. Petersburg,RU,59.8003,30.2625,yes,Europe/Moscow
LEE,medium_airport,Leesburg International Airport,Leesburg,US,28.8231,-81.8087,no,America/New_York
LEF,small_airport,Lebakeng Airport,Lebakeng,LS,-29.8908,28.6556,no,Africa/Maseru
LEH,medium_airport,Le Havre-Octeville Airport,Le Havre,FR,49.5340,0.0884,no,Europe/Paris
LEI,medium_airport,Almería Airport,Almería,ES,36.8439,-2.3701,yes,Europe/Madrid
LEJ,large_airport,Leipzig/Halle Airport,Schkeuditz,DE,51.4207,12.2327,yes,Europe/Berlin
LEK,small_airport,Tata Airport,Labé,GN,11.3375,-12.2909,no,Africa/Conakry
LEL,small_airport,Lake Evella Airport,,AU,-12.4989,135.8060,yes,Australia/Darwin
LEM,small_airport,Lemmon Municipal Airport,Lemmon,US,45.9187,-102.1060,no,America/Denver
LEN,medium_airport,León Airport,La Virgen del Camino,ES,42.5907,-5.6534,yes,Europe/Madrid
LEO,small_airport,Lekoni Airport,Lekoni,GA,-1.5724,14.2878,no,Africa/Libreville
LEP,small_airport,Leopoldina Airport,Leopoldina,BR,-21.4682,-42.7271,no,America/Sao_Paulo
LEQ,small_airport,Land's End Airport,"Land's End, Cornwall",GB,50.1028,-5.6706,yes,Europe/London
LER,medium_airport,Leinster Airport,,AU,-27.8433,120.7030,yes,Australia/Perth
LES,small_airport,Lesobeng Airport,Lesobeng,LS,-29.7556,28.3571,no,Africa/Maseru
LET,medium_airport,Alfredo Vásquez Cobo International Airport,Leticia,CO,-4.1911,-69.9420,yes,America/Bogota
LEU,medium_airport,Pirineus - la Seu d'Urgel Airport,La Seu d'Urgell Pyrenees and Andorra,ES,42.3386,1.4092,yes,Europe/Madrid
LEV,small_airport,Levuka Airfield,Bureta,FJ,-17.7111,178.7590,yes,Pacific/Fiji
LEW,small_airport,Auburn Lewiston Municipal Airport,Auburn/Lewiston,US,44.0485,-70.2835,no,America/New_York
LEX,medium_airport,Blue Grass Airport,Lexington,US,38.0351,-84.6067,yes,America/New_York
LEY,medium_airport,Lelystad Airport,Lelystad,NL,52.4532,5.5146,no,Europe/Amsterdam
LEZ,small_airport,La Esperanza Airport,La Esperanza,HN,14.2911,-88.1750,no,America/Tegucigalpa
LFB,small_airport,Lumbo Airport,Lumbo,MZ,-15.0331,40.6717,no,Africa/Maputo
LFH,small_airport,Lanping Fenghua General Airport,Lanping Bai,CN,26.6452,99.5442,no,Asia/Shanghai
LFI,medium_airport,Langley Air Force Base,Hampton,US,37.0829,-76.3605,no,America/New_York
LFK,medium_airport,Angelina County Airport,Lufkin,US,31.2340,-94.7500,no,America/Chicago
LFM,medium_airport,Lamerd Airport,Lamerd,IR,27.3727,53.1888,yes,Asia/Tehran
LFN,small_airport,Triangle North Executive Airport,Louisburg,US,36.0233,-78.3303,no,America/New_York
LFO,small_airport,Kelafo East Airport,Kelafo,ET,5.6570,44.3500,no,Africa/Addis_Ababa
LFP,small_airport,Lakefield Airport,Lakefield,AU,-14.9207,144.2030,no,Australia/Brisbane
LFQ,medium_airport,Linfen Yaodu Airport,Linfen (Yaodu),CN,36.1326,111.6412,yes,Asia/Shanghai
LFR,medium_airport,La Fria Airport,,VE,8.2392,-72.2710,no,America/Caracas
LFT,medium_airport,Lafayette Regional Airport,Lafayette,US,30.2053,-91.9876,yes,America/Chicago
LFW,large_airport,Lomé–Tokoin International Airport,Lomé,TG,6.1656,1.2545,yes,Africa/Lome
LGA,large_airport,LaGuardia Airport,New York,US,40.7772,-73.8726,yes,America/New_York
LGB,large_airport,Long Beach International Airport,Long Beach,US,33.8165,-118.1499,yes,America/Los_Angeles
LGC,small_airport,LaGrange Callaway Airport,LaGrange,US,33.0089,-85.0743,no,America/New_York
LGD,small_airport,La Grande/Union County Airport,La Grande,US,45.2902,-118.0070,no,America/Los_Angeles
LGE,small_airport,Mulan Airport,Lake Gregory,AU,-20.1089,127.6190,no,Australia/Perth
LGF,small_airport,Laguna Army Airfield,Yuma Proving Ground(Yuma),US,32.8608,-114.3962,no,America/Phoenix
LGG,medium_airport,Liège Airport,Grâce-Hollogne,BE,50.6386,5.4439,yes,Europe/Brussels
LGH,medium_airport,Leigh Creek Airport,,AU,-30.5983,138.4260,no,Australia/Adelaide
LGI,medium_airport,Deadman's Cay Airport,Deadman's Cay,BS,23.1790,-75.0936,yes,America/Nassau
LGK,large_airport,Langkawi International Airport,Langkawi,MY,6.3297,99.7287,yes,Asia/Kuala_Lumpur
LGL,small_airport,Long Lellang Airport,Long Datih,MY,3.4210,115.1540,yes,Asia/Kuching
LGN,small_airport,Linga Linga Airport,Linga Linga,PG,-5.5319,149.7342,no,Pacific/Port_Moresby
LGO,small_airport,Langeoog Airport,Langeoog,DE,53.7424,7.4963,no,Europe/Berlin
LGQ,small_airport,Nueva Loja Airport,Lago Agrio,EC,0.0931,-76.8675,no,America/Guayaquil
LGR,medium_airport,Cochrane Airport,Cochrane,CL,-47.2436,-72.5881,no,America/Coyhaique
LGS,medium_airport,Comodoro D.R. Salomón Airport,Malargue,AR,-35.4936,-69.5743,no,America/Argentina/Mendoza
LGT,small_airport,La Gaviota Airport,,CO,4.5505,-70.9254,no,America/Bogota
LGU,medium_airport,Logan-Cache Airport,Logan,US,41.7912,-111.8520,no,America/Denver
LGW,large_airport,London Gatwick Airport,London,GB,51.1487,-0.1857,yes,Europe/London
LGX,small_airport,Lugh Ganane Airport,Luuq,SO,3.8124,42.5459,no,Africa/Mogadishu
LGZ,small_airport,Shannan Longzi Airport,Shannan,CN,28.4224,92.3481,yes,Asia/Shanghai
LHA,medium_airport,Lahr Airport,Lahr/Schwarzwald,DE,48.3693,7.8277,no,Europe/Berlin
LHE,large_airport,Allama Iqbal International Airport,Lahore,PK,31.5216,74.4036,yes,Asia/Karachi
LHG,medium_airport,Lightning Ridge Airport,,AU,-29.4529,147.9771,yes,Australia/Sydney
LHI,small_airport,Lereh Airport,Lereh-Papua Island,ID,-3.0800,139.9528,no,Asia/Jayapura
LHK,medium_airport,Guangzhou MR Air Base / Guanghua Airport,Xiangyang (Laohekou),CN,32.3887,111.6942,no,Asia/Shanghai
LHL,medium_airport,Lachin International Airport,Lachin,AZ,39.8838,46.3631,yes,Asia/Baku
LHN,medium_airport,Linhares Municipal Airport,Linhares,BR,-19.3552,-40.0713,no,America/Sao_Paulo
LHR,large_airport,London Heathrow Airport,London,GB,51.4707,-0.4599,yes,Europe/London
LHS,medium_airport,Las Heras Airport,Las Heras,AR,-46.5385,-68.9653,yes,America/Argentina/Rio_Gallegos
LHU,small_airport,Lianshulu Lodge Airstrip,Muneambuanas,NA,-18.1165,23.3935,no,Africa/Windhoek
LHV,small_airport,William T. Piper Memorial Airport,Lock Haven,US,41.1356,-77.4223,no,America/New_York
LHW,large_airport,Lanzhou Zhongchuan International Airport,Lanzhou (Yongdeng),CN,36.5152,103.6200,yes,Asia/Shanghai
LIA,small_airport,Liangping Airport,Liangping,CN,30.6794,107.7860,no,Asia/Shanghai
LIB,small_airport,Limbunya Airport,Limbunya,AU,-17.2356,129.8820,no,Australia/Darwin
LIC,small_airport,Limon Municipal Airport,Limon,US,39.2748,-103.6660,no,America/Denver
LIE,small_airport,Libenge Airport,Libenge,CD,3.6266,18.6385,no,Africa/Kinshasa
LIF,medium_airport,Lifou Airport,Lifou,NC,-20.7746,167.2393,yes,Pacific/Noumea
LIG,medium_airport,Limoges Airport,Limoges/Bellegarde,FR,45.8628,1.1794,yes,Europe/Paris
LIH,large_airport,Lihue Airport,"Lihue, Kauai",US,21.9744,-159.3371,yes,Pacific/Honolulu
LII,small_airport,Mulia Airport,Mulia-Papua Island,ID,-3.7019,137.9570,no,Asia/Jayapura
LIJ,small_airport,Lishui Airport,Lishui (Liandu),CN,28.3727,119.8390,no,Asia/Shanghai
LIK,small_airport,Likiep Airport,Likiep Island,MH,9.8232,169.3080,yes,Pacific/Majuro
LIL,large_airport,Lille Airport,Lesquin,FR,50.5666,3.1024,yes,Europe/Paris
LIM,large_airport,Jorge Chávez International Airport,Lima,PE,-12.0219,-77.1143,yes,America/Lima
LIN,large_airport,Milano Linate Airport,Segrate (MI),IT,45.4451,9.2767,yes,Europe/Rome
LIO,medium_airport,Limón International Airport,Limón,CR,9.9580,-83.0220,yes,America/Costa_Rica
LIP,medium_airport,Lins Airport,Lins,BR,-21.6635,-49.7300,no,America/Sao_Paulo
LIQ,medium_airport,Lisala Airport,Lisala,CD,2.1707,21.4969,no,Africa/Kinshasa
LIR,large_airport,Daniel Oduber Quirós International Airport,Liberia,CR,10.5933,-85.5444,yes,America/Costa_Rica
LIS,large_airport,Lisbon Humberto Delgado Airport,Lisbon,PT,38.7813,-9.1359,yes,Europe/Lisbon
LIT,medium_airport,Bill & Hillary Clinton National Airport/Adams Field,Little Rock,US,34.7292,-92.2236,yes,America/Chicago
LIV,small_airport,Livengood Camp Airport,Livengood,US,65.4670,-148.6534,no,America/Anchorage
LIW,medium_airport,Loikaw Airport,Loikaw,MM,19.6915,97.2148,yes,Asia/Yangon
LIX,small_airport,Likoma Island Airport,Likoma Island,MW,-12.0798,34.7363,no,Africa/Blantyre
LIY,small_airport,MidCoast Regional Airport at Wright Army Airfield,Hinesville,US,31.8912,-81.5610,no,America/New_York
LIZ,small_airport,Loring International Airport,Limestone,US,46.9504,-67.8859,no,America/New_York
LJA,small_airport,Lodja Airport,Lodja,CD,-3.4627,23.6152,no,Africa/Lubumbashi
LJG,large_airport,Lijiang Sanyi International Airport,Lijiang,CN,26.6775,100.2449,yes,Asia/Shanghai
LJN,medium_airport,Texas Gulf Coast Regional Airport,Angleton,US,29.1086,-95.4621,no,America/Chicago
LJU,large_airport,Ljubljana Jože Pučnik Airport,Zgornji Brnik,SI,46.2237,14.4576,yes,Europe/Ljubljana
LKA,small_airport,Larantuka Gewayentana Airport,Tiwatobi,ID,-8.2744,123.0020,yes,Asia/Makassar
LKB,small_airport,Lakeba Island Airport,Lakeba Island,FJ,-18.1992,-178.8170,yes,Pacific/Fiji
LKC,small_airport,Lekana Airport,Lekana,CG,-2.3130,14.6060,no,Africa/Brazzaville
LKD,small_airport,Lakeland Airport,Lakeland Downs,AU,-15.8412,144.8491,no,Australia/Brisbane
LKG,medium_airport,Lokichogio Airport,Lokichogio,KE,4.2041,34.3482,no,Africa/Nairobi
LKH,small_airport,Long Akah Airport,Long Akah,MY,3.3109,114.7856,no,Asia/Kuching
LKI,small_airport,Lasikin Airport,Lubang,ID,2.4113,96.3277,yes,Asia/Jakarta
LKK,small_airport,Kulik Lake Airport,Kulik Lake,US,58.9821,-155.1210,no,America/Anchorage
LKL,medium_airport,"Lakselv Airport, Banak",Lakselv,NO,70.0688,24.9735,yes,Europe/Oslo
LKM,small_airport,Bolaang Mongondow Airport,Lolak,ID,0.8885,124.0336,yes,Asia/Makassar
LKN,medium_airport,Leknes Airport,Leknes,NO,68.1525,13.6094,yes,Europe/Oslo
LKO,large_airport,Chaudhary Charan Singh International Airport,Lucknow,IN,26.7606,80.8893,yes,Asia/Kolkata
LKP,small_airport,Lake Placid Airport,Lake Placid,US,44.2645,-73.9619,no,America/New_York
LKR,small_airport,Las Khorey Airport,Las Khorey,SO,11.1735,48.2143,no,Africa/Mogadishu
LKV,small_airport,Lake County Airport,Lakeview,US,42.1611,-120.3990,no,America/Los_Angeles
LKW,small_airport,Lekhwair Airport,Lekhwair,OM,22.8049,55.3728,no,Asia/Muscat
LKY,medium_airport,Lake Manyara Airport,Lake Manyara National Park,TZ,-3.3763,35.8183,no,Africa/Dar_es_Salaam
LKZ,medium_airport,RAF Lakenheath,"Brandon, Suffolk",GB,52.4095,0.5612,no,Europe/London
LLA,large_airport,Luleå Airport,Luleå,SE,65.5438,22.1220,yes,Europe/Stockholm
LLB,small_airport,Libo Airport,Qiannan (Libo),CN,25.4525,107.9617,yes,Asia/Shanghai
LLC,medium_airport,Cagayan North International Airport,Lal-lo,PH,18.1824,121.7462,no,Asia/Manila
LLE,small_airport,Malelane Airport,Malelane,ZA,-25.4736,31.5659,no,Africa/Johannesburg
LLF,medium_airport,Yongzhou Lingling Airport,Yongzhou,CN,26.3387,111.6100,yes,Asia/Shanghai
LLG,small_airport,Chillagoe Airport,Chillagoe,AU,-17.1384,144.5285,no,Australia/Brisbane
LLH,small_airport,La Lima - Reginaldo Hammer Airport,La Lima,HN,15.4428,-87.8986,no,America/Tegucigalpa
LLI,small_airport,Lalibela Airport,Girany Amba,ET,11.9752,38.9802,no,Africa/Addis_Ababa
LLJ,small_airport,Silampari Airport,Lubuk Linggau,ID,-3.2882,102.9145,no,Asia/Jakarta
LLK,small_airport,Lankaran International Airport,Lankaran,AZ,38.7579,48.8070,yes,Asia/Baku
LLL,small_airport,Lissadell Airport,Lissadell Station,AU,-16.6610,128.5940,no,Australia/Perth
LLM,small_airport,Lomlom Airport,Lomlom,SB,-10.2968,166.3273,no,Pacific/Guadalcanal
LLN,small_airport,Kelila Airport,Kelila,ID,-3.7290,138.7101,no,Asia/Jayapura
LLO,small_airport,Bua - Palopo Lagaligo Airport,Palopo,ID,-3.0823,120.2448,yes,Asia/Makassar
LLS,small_airport,Alferez Armando Rodriguez Airport,Las Lomitas,AR,-24.7214,-60.5488,no,America/Argentina/Cordoba
LLT,small_airport,Lobito Airport,Lobito,AO,-12.3712,13.5366,no,Africa/Luanda
LLV,medium_airport,Lüliang Dawu Airport,Lüliang,CN,37.6833,111.1428,yes,Asia/Shanghai
LLW,large_airport,Kamuzu International Airport,Lumbadzi,MW,-13.7894,33.7810,yes,Africa/Blantyre
LLX,small_airport,Caledonia County Airport,Lyndonville,US,44.5691,-72.0180,no,America/New_York
LLY,small_airport,South Jersey Regional Airport,Lumberton,US,39.9429,-74.8457,no,America/New_York
LMA,small_airport,Minchumina Airport,Minchumina,US,63.8860,-152.3020,yes,America/Anchorage
LMB,small_airport,Salima Airport,Salima,MW,-13.7559,34.5842,no,Africa/Blantyre
LMC,small_airport,La Macarena Airport,La Macarena,CO,2.1757,-73.7867,yes,America/Bogota
LMD,small_airport,Los Menucos Airport,Los Menucos,AR,-40.8177,-68.0747,no,America/Argentina/Salta
LME,medium_airport,Le Mans-Arnage Airport,"Le Mans, Sarthe",FR,47.9486,0.2017,yes,Europe/Paris
LMH,small_airport,Limon Airport,Limón,HN,15.8561,-85.4440,no,America/Tegucigalpa
LMI,small_airport,Lumi Airport,Lumi,PG,-3.4768,142.0413,no,Pacific/Port_Moresby
LML,small_airport,Lae Island Airport,Lae Island,MH,8.9211,166.2650,no,Pacific/Majuro
LMM,medium_airport,Valle del Fuerte International Airport,Los Mochis,MX,25.6855,-109.0812,yes,America/Mazatlan
LMN,medium_airport,Limbang Airport,Limbang,MY,4.8083,115.0100,yes,Asia/Kuching
LMO,medium_airport,RAF Lossiemouth,"Lossiemouth, Moray",GB,57.7052,-3.3392,no,Europe/London
LMP,medium_airport,Lampedusa Airport,Lampedusa,IT,35.4979,12.6181,yes,Europe/Rome
LMQ,medium_airport,Marsa al Brega Airport,Marsa al Brega,LY,30.3781,19.5764,no,Africa/Tripoli
LMR,medium_airport,Lime Acres Finsch Mine Airport,Lime Acres,ZA,-28.3601,23.4391,no,Africa/Johannesburg
LMS,small_airport,Louisville Winston County Airport,Louisville,US,33.1462,-89.0625,no,America/Chicago
LMT,medium_airport,Crater Lake-Klamath Regional Airport,Klamath Falls,US,42.1561,-121.7330,no,America/Los_Angeles
LMU,small_airport,Letung Airport,Bukit Padi,ID,2.9645,105.7548,no,Asia/Jakarta
LMV,small_airport,Madivaru Airport,Naifaru,MV,5.4575,73.3703,no,Indian/Maldives
LMX,small_airport,Lopez de Micay Airport,Micay,CO,2.8412,-77.2372,no,America/Bogota
LMY,small_airport,Lake Murray Airport,Lake Murray,PG,-7.0099,141.4940,yes,Pacific/Port_Moresby
LMZ,small_airport,Palma Airport,Palma,MZ,-10.7506,40.4702,no,Africa/Maputo
LNA,small_airport,Palm Beach County Park Airport,West Palm Beach,US,26.5930,-80.0851,no,America/New_York
LNB,small_airport,Lamen Bay Airport,Lamen Bay,VU,-16.5842,168.1590,yes,Pacific/Efate
LNC,small_airport,Lengbati Airport,,PG,-6.3846,147.3686,no,Pacific/Port_Moresby
LND,medium_airport,Hunt Field,Lander,US,42.8152,-108.7300,no,America/Denver
LNE,small_airport,Lonorore Airport,Lonorore,VU,-15.8656,168.1720,yes,Pacific/Efate
LNF,small_airport,Munbil Airport,,PG,-4.8559,141.2202,no,Pacific/Port_Moresby
LNG,small_airport,Lese Airport,Lese,PG,-8.2799,146.2765,no,Pacific/Port_Moresby
LNH,small_airport,Lake Nash Airport,Alpurrurulam,AU,-20.9807,137.9178,no,Australia/Darwin
LNI,small_airport,Point Lonely Short Range Radar Site Airfield,Point Lonely,US,70.9111,-153.2378,no,America/Anchorage
LNJ,medium_airport,Lincang Boshang Airport,Lincang,CN,23.7381,100.0250,yes,Asia/Shanghai
LNK,medium_airport,Lincoln Airport,Lincoln,US,40.8449,-96.7618,yes,America/Chicago
LNL,medium_airport,Longnan Chengzhou Airport,Longnan (Cheng),CN,33.7899,105.7900,yes,Asia/Shanghai
LNM,small_airport,Langimar Airport,,PG,-7.2231,146.2271,no,Pacific/Port_Moresby
LNN,small_airport,Lake County Executive Airport,Willoughby,US,41.6840,-81.3897,no,America/New_York
LNO,medium_airport,Leonora Airport,Leonora,AU,-28.8781,121.3150,yes,Australia/Perth
LNP,small_airport,Lonesome Pine Airport,Wise,US,36.9875,-82.5300,no,America/New_York
LNR,small_airport,Tri-County Regional Airport,Spring Green,US,43.2099,-90.1813,no,America/Chicago
LNS,medium_airport,Lancaster Airport,Lancaster,US,40.1217,-76.2961,yes,America/New_York
LNU,small_airport,Robert Atty Bessing,Malinau,ID,3.5753,116.6198,yes,Asia/Makassar
LNV,small_airport,Londolovit Airport,Londolovit,PG,-3.0436,152.6290,yes,Pacific/Port_Moresby
LNX,medium_airport,Smolensk North Airport,Smolensk,RU,54.8240,32.0250,no,Europe/Moscow
LNY,medium_airport,Lanai Airport,Lanai City,US,20.7857,-156.9513,yes,Pacific/Honolulu
LNZ,large_airport,Linz-Hörsching Airport,Linz,AT,48.2354,14.1881,yes,Europe/Vienna
LOA,small_airport,Lorraine Airport,,AU,-18.9933,139.9070,no,Australia/Brisbane
LOB,small_airport,San Rafael Airport,Los Andes,CL,-32.8139,-70.6466,no,America/Santiago
LOC,small_airport,Lock Airport,Lock,AU,-33.5442,135.6930,no,Australia/Adelaide
LOD,small_airport,Longana Airport,Longana,VU,-15.3067,167.9670,yes,Pacific/Efate
LOE,medium_airport,Loei Airport,,TH,17.4391,101.7220,yes,Asia/Bangkok
LOH,small_airport,Ciudad de Catamayo Airport,La Toma (Catamayo),EC,-3.9956,-79.3719,yes,America/Guayaquil
LOI,small_airport,Helmuth Baungarten Airport,Lontras,BR,-27.1600,-49.5425,no,America/Sao_Paulo
LOK,medium_airport,Lodwar Airport,Lodwar,KE,3.1220,35.6087,no,Africa/Nairobi
LOL,medium_airport,Derby Field,Lovelock,US,40.0664,-118.5650,no,America/Los_Angeles
LOM,small_airport,Francisco Primo de Verdad y Ramos Airport,Lagos de Moreno,MX,21.2590,-101.9438,no,America/Mexico_City
LOO,medium_airport,Laghouat - Molay Ahmed Medeghri Airport,Laghouat,DZ,33.7644,2.9283,no,Africa/Algiers
LOP,large_airport,Lombok International Airport,"Mataram (Pujut, Lombok Tengah)",ID,-8.7600,116.2782,yes,Asia/Makassar
LOS,large_airport,Murtala Muhammed International Airport,Lagos,NG,6.5774,3.3212,yes,Africa/Lagos
LOT,small_airport,Lewis University Airport,Chicago/Romeoville,US,41.6073,-88.0962,no,America/Chicago
LOU,medium_airport,Bowman Field,Louisville,US,38.2280,-85.6637,no,America/Kentucky/Louisville
LOV,medium_airport,Monclova International Airport,Monclova,MX,26.9557,-101.4700,no,America/Monterrey
LOW,small_airport,Louisa County Airport / Freeman Field,Louisa,US,38.0098,-77.9701,no,America/New_York
LOY,small_airport,Loiyangalani Airport,Loiyangalani,KE,2.7636,36.7183,no,Africa/Nairobi
LOZ,medium_airport,London-Corbin Airport/Magee Field,London,US,37.0822,-84.0849,no,America/New_York
LPA,large_airport,Gran Canaria Airport,Gran Canaria Island,ES,27.9319,-15.3866,yes,Atlantic/Canary
LPB,large_airport,El Alto International Airport,La Paz / El Alto,BO,-16.5103,-68.1894,yes,America/La_Paz
LPC,small_airport,Lompoc Airport,Lompoc,US,34.6656,-120.4680,no,America/Los_Angeles
LPD,small_airport,La Pedrera Airport,La Pedrera,CO,-1.3249,-69.5813,yes,America/Bogota
LPE,small_airport,La Primavera Airport,La Primavera,CO,5.4776,-70.4212,no,America/Bogota
LPF,medium_airport,Liupanshui Yuezhao Airport,Liupanshui (Zhongshan),CN,26.6094,104.9790,yes,Asia/Shanghai
LPG,medium_airport,La Plata Airport,La Plata,AR,-34.9722,-57.8947,no,America/Argentina/Buenos_Aires
LPI,large_airport,Linköping City Airport,Linköping,SE,58.4049,15.6845,yes,Europe/Stockholm
LPJ,small_airport,Armando Schwarck Airport,Guayabal,VE,6.5775,-66.8166,no,America/Caracas
LPK,medium_airport,Lipetsk Airport,Lipetsk,RU,52.7028,39.5378,yes,Europe/Moscow
LPL,large_airport,Liverpool John Lennon Airport,Liverpool,GB,53.3349,-2.8496,yes,Europe/London
LPM,small_airport,Lamap Airport,Lamap,VU,-16.4611,167.8293,yes,Pacific/Efate
LPN,small_airport,Leron Plains Airport,Leron Plains,PG,-6.3917,146.3434,no,Pacific/Port_Moresby
LPO,small_airport,La Porte Municipal Airport,La Porte,US,41.5725,-86.7345,no,America/Chicago
LPP,large_airport,Lappeenranta Airport,Lappeenranta,FI,61.0446,28.1447,yes,Europe/Helsinki
LPQ,large_airport,Luang Phabang International Airport,Luang Phabang,LA,19.9043,102.1672,yes,Asia/Vientiane
LPS,small_airport,Lopez Island Airport,Lopez,US,48.4839,-122.9380,yes,America/Los_Angeles
LPT,medium_airport,Lampang Airport,,TH,18.2709,99.5042,yes,Asia/Bangkok
LPU,small_airport,Long Apung Airport,Long Apung-Borneo Island,ID,1.7069,114.9699,yes,Asia/Makassar
LPX,large_airport,Liepāja International Airport,Liepāja,LV,56.5175,21.0969,no,Europe/Riga
LPY,small_airport,Le Puy-Loudes Airfield,"Chaspuzac, Haute-Loire",FR,45.0807,3.7629,yes,Europe/Paris
LQK,small_airport,Pickens County Airport,Pickens,US,34.8100,-82.7029,no,America/New_York
LQM,small_airport,Caucaya Airport,Puerto Leguízamo,CO,-0.1823,-74.7708,yes,America/Bogota
LQN,small_airport,Qala-i-Naw Airport,Qala-i-Naw,AF,34.9855,63.1174,no,Asia/Kabul
LRA,small_airport,Larissa Air Base,Larissa,GR,39.6503,22.4655,no,Europe/Athens
LRB,small_airport,Leribe Airport,Leribe,LS,-28.8556,28.0528,no,Africa/Maseru
LRD,medium_airport,Laredo International Airport,Laredo,US,27.5438,-99.4616,yes,America/Chicago
LRE,medium_airport,Longreach Airport,Longreach,AU,-23.4342,144.2800,yes,Australia/Brisbane
LRF,medium_airport,Little Rock Air Force Base,Jacksonville,US,34.9169,-92.1497,no,America/Chicago
LRG,small_airport,Loralai Airport,Loralai,PK,30.3555,68.6135,no,Asia/Karachi
LRH,medium_airport,La Rochelle Île de Ré Airport,La Rochelle,FR,46.1792,-1.1953,yes,Europe/Paris
LRJ,small_airport,Le Mars Municipal Airport,Le Mars,US,42.7780,-96.1937,no,America/Chicago
LRL,large_airport,Niamtougou International Airport,Niamtougou,TG,9.7667,1.0909,no,Africa/Lome
LRM,large_airport,Casa De Campo International Airport,La Romana,DO,18.4522,-68.9111,yes,America/Santo_Domingo
LRQ,small_airport,Laurie River Airport,Laurie River,CA,56.2486,-101.3040,no,America/Winnipeg
LRR,medium_airport,Lar Airport,Lar,IR,27.6747,54.3833,yes,Asia/Tehran
LRS,small_airport,Leros Airport,Leros Island,GR,37.1849,26.8003,yes,Europe/Athens
LRT,medium_airport,Lorient South Brittany (Bretagne Sud) Airport,Lorient/Lann/Bihoué,FR,47.7606,-3.4400,yes,Europe/Paris
LRU,medium_airport,Las Cruces International Airport,Las Cruces,US,32.2894,-106.9220,yes,America/Denver
LRV,small_airport,Los Roques Airport,Gran Roque Island,VE,11.9469,-66.6683,yes,America/Caracas
LSA,small_airport,Losuia Airport,Losuia,PG,-8.5058,151.0810,yes,Pacific/Port_Moresby
LSB,small_airport,Lordsburg Municipal Airport,Lordsburg,US,32.3335,-108.6920,no,America/Denver
LSC,medium_airport,La Florida Airport,La Serena-Coquimbo,CL,-29.9162,-71.1995,yes,America/Santiago
LSE,medium_airport,La Crosse Regional Airport,La Crosse,US,43.8790,-91.2567,yes,America/Chicago
LSF,medium_airport,Lawson Army Air Field,Fort Benning,US,32.3325,-84.9880,no,America/New_York
LSG,medium_airport,Leshan Airport,Leshan (Wutongqiao),CN,29.4386,103.7492,yes,Asia/Shanghai
LSH,medium_airport,Lashio Airport,Lashio,MM,22.9779,97.7522,yes,Asia/Yangon
LSI,medium_airport,Sumburgh Airport,"Lerwick, Shetland",GB,59.8789,-1.2956,yes,Europe/London
LSJ,small_airport,Long Island Airport,Long Island,PG,-5.3604,147.0177,no,Pacific/Port_Moresby
LSK,small_airport,Lusk Municipal Airport,Lusk,US,42.7538,-104.4050,no,America/Denver
LSL,medium_airport,Los Chiles Airport,Los Chiles,CR,11.0353,-84.7061,no,America/Costa_Rica
LSM,small_airport,Long Semado Airport,Long Semado,MY,4.2170,115.6000,no,Asia/Kuching
LSN,small_airport,Los Banos Municipal Airport,Los Banos,US,37.0629,-120.8690,no,America/Los_Angeles
LSO,small_airport,Les Sables-d'Olonne Talmont Airport,Les Sables-d'Olonne,FR,46.4769,-1.7228,no,Europe/Paris
LSP,medium_airport,Josefa Camejo International Airport,Paraguaná,VE,11.7808,-70.1515,yes,America/Caracas
LSQ,small_airport,María Dolores Airport,Los Angeles,CL,-37.4017,-72.4254,no,America/Santiago
LSR,medium_airport,Alas Leuser Airport,Kutacane,ID,3.3915,97.8637,yes,Asia/Jakarta
LSS,small_airport,Terre-de-Haut Airport,Les Saintes,GP,15.8644,-61.5806,no,America/Guadeloupe
LST,medium_airport,Launceston Airport,Launceston (Western Junction),AU,-41.5449,147.2108,yes,Australia/Hobart
LSU,small_airport,Long Sukang Airport,Long Sukang,MY,4.5522,115.4940,no,Asia/Kuching
LSV,medium_airport,Nellis Air Force Base,Las Vegas,US,36.2362,-115.0340,no,America/Los_Angeles
LSW,small_airport,Malikus Saleh Airport,Lhok Seumawe-Sumatra Island,ID,5.2267,96.9503,yes,Asia/Jakarta
LSX,medium_airport,Lhok Sukon Airport,Lhok Sukon-Sumatra Island,ID,5.0695,97.2592,no,Asia/Jakarta
LSY,medium_airport,Lismore Airport,Lismore,AU,-28.8307,153.2584,yes,Australia/Sydney
LSZ,small_airport,Lošinj Airport,Mali Lošinj,HR,44.5670,14.3939,no,Europe/Zagreb
LTA,medium_airport,Tzaneen Airport,Tzaneen,ZA,-23.8244,30.3293,no,Africa/Johannesburg
LTC,small_airport,Lai Airport,Lai,TD,9.3979,16.3125,no,Africa/Ndjamena
LTD,medium_airport,Ghadames Airport,Ghadames,LY,30.1455,9.7021,yes,Africa/Tripoli
LTF,small_airport,Leitre Airport,Leitre,PG,-2.8337,141.6257,no,Pacific/Port_Moresby
LTG,small_airport,Langtang Airport,Langtang,NP,28.2000,85.5830,no,Asia/Kathmandu
LTH,large_airport,Long Thanh International Airport (Under Construction),Ho Chi Minh City (Long Thanh),VN,10.7728,107.0406,no,Asia/Ho_Chi_Minh
LTI,medium_airport,Altai Airport,Altai,MN,46.3764,96.2211,yes,Asia/Ulaanbaatar
LTK,medium_airport,Latakia International Airport,Latakia,SY,35.4011,35.9487,yes,Asia/Damascus
LTL,small_airport,Lastourville Airport,Lastourville,GA,-0.8267,12.7486,no,Africa/Libreville
LTM,medium_airport,Lethem Airport,Lethem,GY,3.3728,-59.7894,yes,America/Guyana
LTN,large_airport,London Luton Airport,"Luton, Luton",GB,51.8747,-0.3683,yes,Europe/London
LTO,large_airport,Loreto International Airport,Loreto,MX,25.9895,-111.3484,yes,America/Mazatlan
LTP,small_airport,Lyndhurst Airport,Lyndhurst,AU,-19.1958,144.3710,no,Australia/Brisbane
LTQ,medium_airport,Le Touquet-Côte d'Opale Airport,Le Touquet-Paris-Plage,FR,50.5183,1.6217,no,Europe/Paris
LTS,medium_airport,Altus Air Force Base,Altus,US,34.6671,-99.2667,no,America/Chicago
LTT,small_airport,La Môle Airport,Saint-Tropez,FR,43.2054,6.4820,yes,Europe/Paris
LTU,medium_airport,Murod Kond Airport,Latur,IN,18.4115,76.4647,yes,Asia/Kolkata
LTV,small_airport,Lotus Vale Airport,Lotus Vale,AU,-17.0483,141.3760,no,Australia/Brisbane
LTW,small_airport,St. Mary's County Regional Airport,California,US,38.3154,-76.5501,no,America/New_York
LTX,medium_airport,Cotopaxi International Airport,Latacunga,EC,-0.9068,-78.6158,yes,America/Guayaquil
LUA,medium_airport,Tenzing-Hillary Airport,Lukla,NP,27.6868,86.7295,yes,Asia/Kathmandu
LUB,small_airport,Lumid Pau Airport,Lumid Pau,GY,2.3939,-59.4410,no,America/Guyana
LUC,small_airport,Laucala Island Airport,Laucala Island,FJ,-16.7481,-179.6670,no,Pacific/Fiji
LUD,medium_airport,Luderitz Airport,Luderitz,NA,-26.6874,15.2429,yes,Africa/Windhoek
LUE,small_airport,Lučenec Airfield,Lučenec,SK,48.3394,19.7358,no,Europe/Bratislava
LUF,medium_airport,Luke Air Force Base,Glendale,US,33.5350,-112.3830,no,America/Phoenix
LUG,medium_airport,Lugano Airport,Agno,CH,46.0043,8.9106,yes,Europe/Zurich
LUH,medium_airport,Ludhiana Airport,,IN,30.8547,75.9526,no,Asia/Kolkata
LUI,small_airport,Carta Airport,La Unión,HN,15.0332,-86.6923,no,America/Tegucigalpa
LUK,medium_airport,Cincinnati Municipal Airport Lunken Field,Cincinnati,US,39.1024,-84.4189,yes,America/New_York
LUL,small_airport,Hesler Noble Field,Laurel,US,31.6726,-89.1722,no,America/Chicago
LUM,medium_airport,Dehong Mangshi International Airport,Dehong (Mangshi),CN,24.4011,98.5317,yes,Asia/Shanghai
LUN,large_airport,Kenneth Kaunda International Airport,Lusaka,ZM,-15.3308,28.4527,yes,Africa/Lusaka
LUO,medium_airport,Luena Airport,Luena,AO,-11.7681,19.8977,no,Africa/Luanda
LUP,small_airport,Kalaupapa Airport,Kalaupapa,US,21.2110,-156.9740,yes,Pacific/Honolulu
LUQ,medium_airport,Brigadier Mayor D Cesar Raul Ojeda Airport,San Luis,AR,-33.2732,-66.3564,yes,America/Argentina/San_Luis
LUR,medium_airport,Cape Lisburne LRRS Airport,Cape Lisburne,US,68.8751,-166.1100,yes,America/Nome
LUT,small_airport,New Laura Airport,Laura Station,AU,-15.1828,144.3455,no,Australia/Brisbane
LUU,small_airport,Laura Airport,,AU,-15.5605,144.4514,no,Australia/Brisbane
LUV,medium_airport,Karel Sadsuitubun Airport,Langgur,ID,-5.7603,132.7594,yes,Asia/Jayapura
LUW,medium_airport,Syukuran Aminuddin Amir Airport,Luwok,ID,-1.0359,122.7739,no,Asia/Makassar
LUX,large_airport,Luxembourg-Findel International Airport,Luxembourg,LU,49.6268,6.2121,yes,Europe/Luxembourg
LUZ,large_airport,Lublin Airport,Lublin,PL,51.2402,22.7135,yes,Europe/Warsaw
LVA,medium_airport,Laval-Entrammes Airport,"Laval, Mayenne",FR,48.0322,-0.7440,no,Europe/Paris
LVD,small_airport,Lime Village Airport,Lime Village,US,61.3591,-155.4400,no,America/Anchorage
LVI,large_airport,Harry Mwanga Nkumbula International Airport,Livingstone,ZM,-17.8215,25.8196,yes,Africa/Lusaka
LVK,small_airport,Livermore Municipal Airport,Livermore,US,37.6934,-121.8200,no,America/Los_Angeles
LVL,small_airport,Brunswick Municipal Airport,Lawrenceville,US,36.7742,-77.7938,no,America/New_York
LVM,medium_airport,Mission Field,Livingston,US,45.6994,-110.4480,no,America/Denver
LVO,small_airport,Laverton Airport,Laverton,AU,-28.6143,122.4287,yes,Australia/Perth
LVP,medium_airport,Lavan Airport,Lavan Airport,IR,26.8107,53.3543,no,Asia/Tehran
LVR,small_airport,Municipal Bom Futuro Airport,Lucas do Rio Verde,BR,-13.0379,-55.9502,no,America/Cuiaba
LVS,medium_airport,Las Vegas Municipal Airport,Las Vegas,US,35.6542,-105.1420,no,America/Denver
LWA,small_airport,Lebak Rural Airport,Lebak,PH,6.6739,124.0581,no,Asia/Manila
LWB,medium_airport,Greenbrier Valley Airport,Lewisburg,US,37.8579,-80.4004,yes,America/New_York
LWC,small_airport,Lawrence Municipal Airport,Lawrence,US,39.0112,-95.2166,no,America/Chicago
LWE,small_airport,Wonopito Airport,Lewoleba,ID,-8.3618,123.4386,no,Asia/Makassar
LWH,small_airport,Lawn Hill Airport,,AU,-18.5745,138.5861,no,Australia/Brisbane
LWI,small_airport,Lowai Airport,Lowai,PG,-6.3344,146.6458,no,Pacific/Port_Moresby
LWK,small_airport,Lerwick / Tingwall Airport,"Lerwick, Shetland Islands",GB,60.1922,-1.2436,yes,Europe/London
LWL,small_airport,Wells Municipal Airport/Harriet Field,Wells,US,41.1171,-114.9220,no,America/Los_Angeles
LWM,medium_airport,Lawrence Municipal Airport,Lawrence,US,42.7172,-71.1234,no,America/New_York
LWN,large_airport,Shirak International Airport,Gyumri,AM,40.7504,43.8593,yes,Asia/Yerevan
LWO,large_airport,Lviv International Airport,Lviv,UA,49.8125,23.9561,yes,Europe/Kyiv
LWR,medium_airport,Leeuwarden Air Base,Leeuwarden,NL,53.2286,5.7606,no,Europe/Amsterdam
LWS,medium_airport,Lewiston Nez Perce County Airport,Lewiston,US,46.3745,-117.0150,yes,America/Los_Angeles
LWT,medium_airport,Lewistown Municipal Airport,Lewistown,US,47.0484,-109.4661,no,America/Denver
LWV,small_airport,Lawrenceville Vincennes International Airport,Lawrenceville,US,38.7643,-87.6055,no,America/Chicago
LWY,small_airport,Lawas Airport,Lawas,MY,4.8492,115.4080,yes,Asia/Kuching
LXA,large_airport,Lhasa Gonggar International Airport,Shannan (Gonggar),CN,29.2980,90.9120,yes,Asia/Shanghai
LXG,small_airport,Luang Namtha Airport,Luang Namtha,LA,20.9670,101.4000,yes,Asia/Vientiane
LXN,small_airport,Jim Kelly Field,Lexington,US,40.7910,-99.7773,no,America/Chicago
LXR,large_airport,Luxor International Airport,Luxor,EG,25.6710,32.7064,yes,Africa/Cairo
LXS,small_airport,Limnos Airport,Limnos Island,GR,39.9171,25.2363,yes,Europe/Athens
LXU,small_airport,Lukulu Airport,Lukulu,ZM,-14.3759,23.2486,no,Africa/Lusaka
LXV,small_airport,Lake County Airport,Leadville,US,39.2203,-106.3170,no,America/Denver
LYA,large_airport,Luoyang Beijiao Airport,Luoyang (Laocheng),CN,34.7411,112.3880,yes,Asia/Shanghai
LYB,medium_airport,Edward Bodden Little Cayman Airfield,Blossom Village,KY,19.6602,-80.0888,no,America/Cayman
LYC,medium_airport,Lycksele Airport,Lycksele,SE,64.5483,18.7162,yes,Europe/Stockholm
LYG,large_airport,Lianyungang Huaguoshan International Airport,Lianyungang,CN,34.4141,119.1790,yes,Asia/Shanghai
LYH,medium_airport,Lynchburg Regional Airport - Preston Glenn Field,Lynchburg,US,37.3267,-79.2004,yes,America/New_York
LYI,medium_airport,Linyi Qiyang Airport,Linyi (Hedong),CN,35.0529,118.4118,yes,Asia/Shanghai
LYK,small_airport,Lunyuk Airport,Lunyuk,ID,-8.9899,117.2160,no,Asia/Makassar
LYN,medium_airport,Lyon Bron Airport,"Chassieu, Lyon",FR,45.7279,4.9440,no,Europe/Paris
LYO,small_airport,Lyons-Rice County Municipal Airport,Lyons,US,38.3395,-98.2287,no,America/Chicago
LYP,large_airport,Faisalabad International Airport,Faisalabad,PK,31.3649,72.9953,yes,Asia/Karachi
LYR,medium_airport,"Svalbard Airport, Longyear",Longyearbyen,NO,78.2461,15.4656,yes,Arctic/Longyearbyen
LYS,large_airport,Lyon Saint-Exupéry Airport,"Colombier-Saugnieu, Rhône",FR,45.7260,5.0901,yes,Europe/Paris
LYT,small_airport,Lady Elliot Island Airstrip,Lady Elliot Island,AU,-24.1129,152.7156,no,Australia/Brisbane
LYU,medium_airport,Ely Municipal Airport,Ely,US,47.8245,-91.8307,no,America/Chicago
LYX,medium_airport,Lydd London Ashford Airport,"Romney Marsh, Kent",GB,50.9562,0.9391,no,Europe/London
LZA,small_airport,Luiza Airport,Luiza,CD,-7.1900,22.3925,no,Africa/Lubumbashi
LZC,medium_airport,Lázaro Cárdenas Airport,Lázaro Cárdenas,MX,18.0017,-102.2203,no,America/Mexico_City
LZG,medium_airport,Langzhong Gucheng Airport,Nanchong (Langzhong),CN,31.5019,106.0344,yes,Asia/Shanghai
LZH,medium_airport,Liuzhou Bailian Airport / Bailian Air Base,Liuzhou (Liujiang),CN,24.2075,109.3910,yes,Asia/Shanghai
LZI,small_airport,Luozi Airport,Luozi,CD,-4.9439,14.1233,no,Africa/Kinshasa
LZM,small_airport,Luzamba Airport,Luzamba,AO,-9.1160,18.0493,no,Africa/Luanda
LZN,medium_airport,Matsu Nangan Airport,Matsu (Nangan),TW,26.1597,119.9584,yes,Asia/Taipei
LZO,medium_airport,Luzhou Yunlong Airport,Luzhou (Yunlong),CN,29.0304,105.4684,yes,Asia/Shanghai
LZR,small_airport,Lizard Island Airport,,AU,-14.6733,145.4546,no,Australia/Brisbane
LZU,small_airport,Gwinnett County Briscoe Field,Lawrenceville,US,33.9781,-83.9624,no,America/New_York
LZY,medium_airport,Nyingchi Mainling Airport,Nyingchi (Mainling),CN,29.3033,94.3353,yes,Asia/Shanghai
MAA,large_airport,Chennai International Airport,Chennai,IN,12.9900,80.1693,yes,Asia/Kolkata
MAB,medium_airport,João Correa da Rocha Airport,Marabá,BR,-5.3686,-49.1380,yes,America/Belem
MAC,small_airport,Macon Downtown Airport,Macon,US,32.8221,-83.5620,no,America/New_York
MAD,large_airport,Adolfo Suárez Madrid–Barajas Airport,Madrid,ES,40.4934,-3.5722,yes,Europe/Madrid
MAE,small_airport,Madera Municipal Airport,Madera,US,36.9886,-120.1120,no,America/Los_Angeles
MAF,medium_airport,Midland International Air and Space Port,Midland,US,31.9425,-102.2020,yes,America/Chicago
MAG,medium_airport,Madang Airport,Madang,PG,-5.2071,145.7890,yes,Pacific/Port_Moresby
MAH,large_airport,Menorca Airport,Mahón (Maó),ES,39.8626,4.2187,yes,Europe/Madrid
MAJ,large_airport,Marshall Islands International Airport,Majuro Atoll,MH,7.0651,171.2717,yes,Pacific/Majuro
MAK,medium_airport,Malakal International Airport,Malakal,SS,9.5587,31.6519,yes,Africa/Juba
MAL,small_airport,"Mangole Airport, Falabisahaya",Mangole Island,ID,-1.7823,125.4822,no,Asia/Jayapura
MAM,medium_airport,General Servando Canales International Airport,Matamoros,MX,25.7699,-97.5253,yes,America/Matamoros
MAN,large_airport,Manchester Airport,"Manchester, Greater Manchester",GB,53.3494,-2.2795,yes,Europe/London
MAO,large_airport,Eduardo Gomes International Airport,Manaus,BR,-3.0386,-60.0497,yes,America/Manaus
MAP,small_airport,Mamai Airport,Mamai,PG,-10.2908,149.5192,no,Pacific/Port_Moresby
MAQ,medium_airport,Mae Sot Airport,,TH,16.6999,98.5451,yes,Asia/Bangkok
MAR,large_airport,La Chinita International Airport,Maracaibo,VE,10.5575,-71.7293,yes,America/Caracas
MAS,medium_airport,Momote Airport,Manus Island,PG,-2.0619,147.4240,yes,Pacific/Port_Moresby
MAT,small_airport,Tshimpi Airport,Matadi,CD,-5.7996,13.4404,no,Africa/Kinshasa
MAU,medium_airport,Maupiti Airport,,PF,-16.4265,-152.2440,yes,Pacific/Tahiti
MAV,small_airport,Maloelap Island Airport,Maloelap Island,MH,8.7044,171.2300,no,Pacific/Majuro
MAW,small_airport,Malden Regional Airport,Malden,US,36.6006,-89.9922,no,America/Chicago
MAX,medium_airport,Ouro Sogui Airport,Ouro Sogui,SN,15.5936,-13.3228,no,Africa/Dakar
MAY,medium_airport,Clarence A. Bain Airport,Mangrove Cay,BS,24.2877,-77.6846,no,America/Nassau
MAZ,medium_airport,Eugenio Maria De Hostos Airport,Mayaguez,PR,18.2557,-67.1485,yes,America/Puerto_Rico
MBA,large_airport,Moi International Airport,Mombasa,KE,-4.0348,39.5942,yes,Africa/Nairobi
MBB,small_airport,Marble Bar Airport,,AU,-21.1633,119.8330,no,Australia/Perth
MBC,small_airport,M'Bigou Airport,M'Bigou,GA,-1.8931,11.9125,no,Africa/Libreville
MBD,medium_airport,Mmabatho International Airport,Mafeking,ZA,-25.7984,25.5480,yes,Africa/Johannesburg
MBE,medium_airport,Monbetsu Airport,Monbetsu,JP,44.3039,143.4040,yes,Asia/Tokyo
MBF,small_airport,Porepunkah Airport,,AU,-36.7177,146.8900,no,Australia/Melbourne
MBG,medium_airport,Mobridge Municipal Airport,Mobridge,US,45.5465,-100.4080,no,America/Chicago
MBH,small_airport,Maryborough Airport,Maryborough,AU,-25.5135,152.7136,no,Australia/Brisbane
MBI,medium_airport,Songwe Airport,Mbeya,TZ,-8.9199,33.2740,yes,Africa/Dar_es_Salaam
MBJ,large_airport,Sangster International Airport,Montego Bay,JM,18.5034,-77.9132,yes,America/Jamaica
MBK,small_airport,Orlando Villas Boas Regional Airport,Matupá,BR,-10.1704,-54.9540,no,America/Cuiaba
MBL,small_airport,Manistee County Blacker Airport,Manistee,US,44.2727,-86.2465,yes,America/Detroit
MBM,small_airport,Mkambati Airport,Mkambati,ZA,-31.2849,29.9884,no,Africa/Johannesburg
MBN,small_airport,Mount Barnett Airport,Wunaamin Miliwundi Ranges,AU,-16.7415,125.9056,no,Australia/Perth
MBO,medium_airport,Mamburao Airport,Mamburao,PH,13.2080,120.6055,no,Asia/Manila
MBP,small_airport,Moyobamba Airport,Moyobamba,PE,-6.0189,-76.9883,no,America/Lima
MBQ,small_airport,Mbarara Airport,Mbarara,UG,-0.5553,30.5994,no,Africa/Kampala
MBS,medium_airport,MBS International Airport,Freeland,US,43.5332,-84.0831,yes,America/Detroit
MBT,medium_airport,Moises R. Espinosa Airport,Masbate,PH,12.3697,123.6301,yes,Asia/Manila
MBU,small_airport,Babanakira Airport,Mbambanakira,SB,-9.7475,159.8390,no,Pacific/Guadalcanal
MBV,small_airport,Masa Airport,Masa,PG,-6.3450,147.5910,no,Pacific/Port_Moresby
MBW,medium_airport,Melbourne Moorabbin Airport,Melbourne,AU,-37.9778,145.0998,yes,Australia/Melbourne
MBX,medium_airport,Maribor Edvard Rusjan Airport,Maribor,SI,46.4799,15.6861,yes,Europe/Ljubljana
MBY,small_airport,Omar N Bradley Airport,Moberly,US,39.4644,-92.4284,no,America/Chicago
MBZ,small_airport,Maués Airport,Maués,BR,-3.3722,-57.7248,no,America/Manaus
MCA,small_airport,Macenta Airport,Macenta,GN,8.4815,-9.5260,no,Africa/Conakry
MCB,medium_airport,McComb-Pike County Airport / John E Lewis Field,McComb,US,31.1785,-90.4719,no,America/Chicago
MCC,medium_airport,McClellan Airfield,Sacramento,US,38.6676,-121.4010,no,America/Los_Angeles
MCD,small_airport,Mackinac Island Airport,Mackinac Island,US,45.8649,-84.6373,no,America/Detroit
MCE,medium_airport,Merced Regional Macready Field,Merced,US,37.2847,-120.5140,yes,America/Los_Angeles
MCF,medium_airport,MacDill Air Force Base,Tampa,US,27.8493,-82.5212,no,America/New_York
MCG,medium_airport,McGrath Airport,McGrath,US,62.9529,-155.6060,yes,America/Anchorage
MCI,large_airport,Kansas City International Airport,Kansas City,US,39.3017,-94.7139,yes,America/Chicago
MCJ,medium_airport,Jorge Isaac Airport,La Mina-Maicao,CO,11.2325,-72.4901,no,America/Bogota
MCK,medium_airport,McCook Ben Nelson Regional Airport,McCook,US,40.2078,-100.5928,yes,America/Chicago
MCL,small_airport,Denali National Park Airport,Denali Park,US,63.7325,-148.9113,no,America/Anchorage
MCN,medium_airport,Middle Georgia Regional Airport,Macon,US,32.6928,-83.6492,yes,America/New_York
MCO,large_airport,Orlando International Airport,Orlando,US,28.4294,-81.3090,yes,America/New_York
MCP,medium_airport,Macapá - Alberto Alcolumbre International Airport,Macapá,BR,0.0507,-51.0722,yes,America/Belem
MCS,medium_airport,Monte Caseros Airport,Monte Caseros,AR,-30.2719,-57.6402,no,America/Argentina/Cordoba
MCT,large_airport,Muscat International Airport,Muscat/Seeb,OM,23.6002,58.2853,yes,Asia/Muscat
MCU,medium_airport,Montluçon-Guéret Airport,"Lépaud, Creuse",FR,46.2226,2.3640,no,Europe/Paris
MCV,small_airport,McArthur River Mine Airport,McArthur River Mine,AU,-16.4425,136.0840,yes,Australia/Darwin
MCW,medium_airport,Mason City Municipal Airport,Mason City,US,43.1598,-93.3297,yes,America/Chicago
MCX,large_airport,Makhachkala Uytash International Airport,Makhachkala,RU,42.8168,47.6523,yes,Europe/Moscow
MCY,large_airport,Sunshine Coast Airport,Maroochydore,AU,-26.5933,153.0832,yes,Australia/Brisbane
MCZ,large_airport,Zumbi dos Palmares International Airport,Maceió,BR,-9.5126,-35.7918,yes,America/Maceio
MDB,small_airport,Melinda Airport,Hope Creek,BZ,16.9984,-88.3182,no,America/Belize
MDC,large_airport,Sam Ratulangi International Airport,Manado,ID,1.5486,124.9262,yes,Asia/Makassar
MDD,small_airport,Midland Airpark,Midland,US,32.0365,-102.1010,no,America/Chicago
MDE,large_airport,Jose Maria Córdova International Airport,Medellín,CO,6.1645,-75.4231,yes,America/Bogota
MDF,small_airport,Taylor County Airport,Medford,US,45.1010,-90.3033,no,America/Chicago
MDG,medium_airport,Mudanjiang Hailang International Airport,Mudanjiang,CN,44.5252,129.5686,yes,Asia/Shanghai
MDH,medium_airport,Southern Illinois Airport,Murphysboro,US,37.7781,-89.2520,no,America/Chicago
MDI,medium_airport,Makurdi Airport,Makurdi,NG,7.7039,8.6139,yes,Africa/Lagos
MDJ,small_airport,Madras Municipal Airport,Madras,US,44.6702,-121.1550,no,America/Los_Angeles
MDK,medium_airport,Mbandaka Airport,Mbandaka,CD,0.0226,18.2887,yes,Africa/Kinshasa
MDL,large_airport,Mandalay International Airport,Mandalay,MM,21.7022,95.9779,yes,Asia/Yangon
MDM,small_airport,Munduku Airport,Munduku,PG,-4.6204,143.4516,no,Pacific/Port_Moresby
MDN,small_airport,Madison Municipal Airport,Madison,US,38.7589,-85.4655,no,America/Indiana/Indianapolis
MDO,small_airport,Middleton Island Airport,Middleton Island,US,59.4499,-146.3070,no,America/Anchorage
MDP,small_airport,Mindiptana Airport,Mindiptana-Papua Island,ID,-5.8769,140.7095,no,Asia/Jayapura
MDQ,medium_airport,Ástor Piazzola International Airport,Mar del Plata,AR,-37.9342,-57.5733,yes,America/Argentina/Buenos_Aires
MDR,small_airport,Musiara Airstrip,Mara Rianta,KE,-1.2986,35.0639,no,Africa/Nairobi
MDS,small_airport,Middle Caicos Airport,Middle Caicos,TC,21.8260,-71.8025,no,America/Grand_Turk
MDT,medium_airport,Harrisburg International Airport,Harrisburg,US,40.1928,-76.7623,yes,America/New_York
MDU,medium_airport,Mendi Airport,Mendi,PG,-6.1477,143.6570,yes,Pacific/Port_Moresby
MDV,small_airport,Médouneu Airport,"Médouneu, Gabon",GQ,1.0085,10.7552,no,Africa/Libreville
MDW,large_airport,Chicago Midway International Airport,Chicago,US,41.7860,-87.7524,yes,America/Chicago
MDX,small_airport,Mercedes Airport,Mercedes,AR,-29.2214,-58.0878,no,America/Argentina/Cordoba
MDY,medium_airport,Henderson Field,Sand Island,UM,28.2017,-177.3810,no,Pacific/Midway
MDZ,large_airport,Governor Francisco Gabrielli International Airport,Mendoza,AR,-32.8317,-68.7929,yes,America/Argentina/Mendoza
MEA,medium_airport,Macaé Benedito Lacerda Airport,Macaé,BR,-22.3430,-41.7660,no,America/Sao_Paulo
MEB,medium_airport,Melbourne Essendon Airport,Essendon Fields,AU,-37.7281,144.9020,yes,Australia/Melbourne
MEC,medium_airport,Eloy Alfaro International Airport,Manta,EC,-0.9461,-80.6788,yes,America/Guayaquil
MED,large_airport,Prince Mohammad Bin Abdulaziz Airport,Medina,SA,24.5534,39.7051,yes,Asia/Riyadh
MEE,medium_airport,Maré Airport,Maré,NC,-21.4824,168.0385,yes,Pacific/Noumea
MEF,small_airport,Melfi Airport,Melfi,TD,11.0602,17.9445,no,Africa/Ndjamena
MEG,medium_airport,Malanje Airport,Malanje,AO,-9.5251,16.3124,yes,Africa/Luanda
MEH,medium_airport,Mehamn Airport,Mehamn,NO,71.0297,27.8267,yes,Europe/Oslo
MEI,medium_airport,Key Field / Meridian Regional Airport,Meridian,US,32.3326,-88.7519,yes,America/Chicago
MEJ,small_airport,Port Meadville Airport,Meadville,US,41.6265,-80.2147,no,America/New_York
MEK,medium_airport,Bassatine Airport,Meknes,MA,33.8791,-5.5151,no,Africa/Casablanca
MEL,large_airport,Melbourne Airport,Melbourne,AU,-37.6707,144.8379,yes,Australia/Melbourne
MEM,large_airport,Memphis International Airport,Memphis,US,35.0438,-89.9763,yes,America/Chicago
MEN,medium_airport,Mende-Brenoux Airfield,Mende/Brénoux,FR,44.5021,3.5328,no,Europe/Paris
MEO,small_airport,Dare County Regional Airport,Manteo,US,35.9188,-75.6957,no,America/New_York
MEP,small_airport,Mersing Airport,Mersing,MY,2.3891,103.8742,no,Asia/Kuala_Lumpur
MEQ,medium_airport,Cut Nyak Dhien Airport,Kuala Pesisir,ID,4.0410,96.2533,yes,Asia/Jakarta
MER,medium_airport,Castle Airport,Merced,US,37.3805,-120.5680,no,America/Los_Angeles
MES,medium_airport,Soewondo Air Force Base,Medan,ID,3.5584,98.6723,no,Asia/Jakarta
MET,small_airport,Moreton Airport,Moreton,AU,-12.4442,142.6380,no,Australia/Brisbane
MEU,medium_airport,Monte Dourado - Serra do Areão Airport,Almeirim,BR,-0.8898,-52.6022,no,America/Santarem
MEV,small_airport,Minden-Tahoe Airport,Minden,US,39.0003,-119.7510,no,America/Los_Angeles
MEW,small_airport,Mweka Airport,Mweka,CD,-4.8550,21.5418,no,Africa/Lubumbashi
MEX,large_airport,Mexico City Benito Juárez International Airport,Mexico City,MX,19.4358,-99.0703,yes,America/Mexico_City
MEY,small_airport,Meghauli Airport,Meghauli,NP,27.5774,84.2288,no,Asia/Kathmandu
MEZ,small_airport,Musina(Messina) Airport,Musina,ZA,-22.3557,29.9862,no,Africa/Johannesburg
MFA,small_airport,Mafia Airport,Kilindoni,TZ,-7.9175,39.6685,yes,Africa/Dar_es_Salaam
MFB,small_airport,Monfort Airport,Monfort,CO,0.6333,-69.7500,no,America/Bogota
MFC,small_airport,Mafeteng Airport,Mafeteng,LS,-29.8011,27.2436,no,Africa/Maseru
MFD,medium_airport,Mansfield Lahm Regional Airport,Mansfield,US,40.8214,-82.5166,no,America/New_York
MFE,medium_airport,McAllen Miller International Airport,McAllen,US,26.1761,-98.2380,yes,America/Chicago
MFF,small_airport,Moanda Airport,Moanda,GA,-1.5266,13.2513,no,Africa/Libreville
MFG,small_airport,Muzaffarabad Airport,Muzaffarabad,PK,34.3388,73.5089,yes,Asia/Karachi
MFH,medium_airport,Mesquite Airport,Mesquite,US,36.8331,-114.0559,no,America/Los_Angeles
MFI,small_airport,Marshfield Municipal Airport,Marshfield,US,44.6369,-90.1893,no,America/Chicago
MFJ,small_airport,Moala Airport,Moala,FJ,-18.5667,179.9510,yes,Pacific/Fiji
MFK,medium_airport,Matsu Beigan Airport,Matsu (Beigan),TW,26.2241,120.0027,yes,Asia/Taipei
MFL,small_airport,Mount Full Stop Airport,Wando Vale,AU,-19.6700,144.8852,no,Australia/Brisbane
MFM,large_airport,Macau International Airport,Nossa Senhora do Carmo,MO,22.1496,113.5920,yes,Asia/Macau
MFN,small_airport,Milford Sound Airport,,NZ,-44.6733,167.9230,no,Pacific/Auckland
MFO,small_airport,Manguna Airport,Manguna,PG,-5.5778,151.7923,no,Pacific/Port_Moresby
MFP,small_airport,Manners Creek Airport,,AU,-22.1000,137.9830,no,Australia/Darwin
MFQ,medium_airport,Maradi Airport,Maradi,NE,13.5025,7.1268,no,Africa/Niamey
MFR,medium_airport,Rogue Valley International-Medford Airport,Medford,US,42.3742,-122.8730,yes,America/Los_Angeles
MFS,small_airport,Miraflores Airport,Miraflores,CO,1.3500,-71.9444,no,America/Bogota
MFU,large_airport,Mfuwe International Airport,Mfuwe,ZM,-13.2589,31.9366,yes,Africa/Lusaka
MFV,small_airport,Accomack County Airport,Melfa,US,37.6469,-75.7611,no,America/New_York
MFX,small_airport,Méribel Altiport,Les Allues,FR,45.4075,6.5776,no,Europe/Paris
MFZ,small_airport,Meselia Airport,Demgulu,PG,-6.1364,149.1183,no,Pacific/Port_Moresby
MGA,large_airport,Augusto C. Sandino (Managua) International Airport,Managua,NI,12.1415,-86.1682,yes,America/Managua
MGB,medium_airport,Mount Gambier Airport,Mount Gambier,AU,-37.7444,140.7806,yes,Australia/Adelaide
MGC,medium_airport,Michigan City Municipal Airport,Michigan City,US,41.7033,-86.8212,yes,America/Chicago
MGD,small_airport,Magdalena Airport,Magdalena,BO,-13.2607,-64.0608,no,America/La_Paz
MGE,medium_airport,Dobbins Air Reserve Base,Marietta,US,33.9154,-84.5163,no,America/New_York
MGF,medium_airport,Regional de Maringá - Sílvio Name Júnior Airport,Maringá,BR,-23.4761,-52.0162,yes,America/Sao_Paulo
MGH,medium_airport,Margate Airport,Margate,ZA,-30.8574,30.3430,yes,Africa/Johannesburg
MGI,small_airport,National Wildlife Refuge Airport,Matagorda Island,US,28.3230,-96.4640,no,America/Chicago
MGJ,small_airport,Orange County Airport,Montgomery,US,41.5100,-74.2646,no,America/New_York
MGK,small_airport,Mong Tong Airport,Mong Tong,MM,20.2967,98.8989,no,Asia/Yangon
MGL,medium_airport,Mönchengladbach Airport,Mönchengladbach,DE,51.2303,6.5044,no,Europe/Berlin
MGM,medium_airport,Montgomery Regional (Dannelly Field) Airport,Montgomery,US,32.3006,-86.3940,yes,America/Chicago
MGN,medium_airport,Baracoa Airport,Magangué,CO,9.2847,-74.8461,no,America/Bogota
MGP,small_airport,Manga Airport,Manga Mission,PG,-4.1470,153.0186,no,Pacific/Port_Moresby
MGQ,large_airport,Aden Adde International Airport,Mogadishu,SO,2.0144,45.3047,yes,Africa/Mogadishu
MGR,small_airport,Moultrie Municipal Airport,Moultrie,US,31.0849,-83.8033,no,America/New_York
MGS,small_airport,Mangaia Island Airport,Mangaia Island,CK,-21.8960,-157.9067,no,Pacific/Rarotonga
MGT,small_airport,Milingimbi Airport,Milingimbi Island,AU,-12.0944,134.8940,yes,Australia/Darwin
MGU,small_airport,Manaung Airport,Manaung,MM,18.8458,93.6889,no,Asia/Yangon
MGV,small_airport,Margaret River (Station) Airport,,AU,-18.6217,126.8830,no,Australia/Perth
MGW,medium_airport,Morgantown Municipal Airport Walter L. (Bill) Hart Field,Morgantown,US,39.6433,-79.9176,yes,America/New_York
MGX,small_airport,Moabi Airport,Moabi,GA,-2.4552,10.9358,no,Africa/Libreville
MGY,small_airport,Dayton-Wright Brothers Airport,Dayton,US,39.5890,-84.2249,no,America/New_York
MGZ,medium_airport,Myeik Airport,Mkeik,MM,12.4398,98.6215,yes,Asia/Yangon
MHA,small_airport,Mahdia Airport,Mahdia,GY,5.2728,-59.1493,no,America/Guyana
MHC,small_airport,Mocopulli Airport,Dalcahue,CL,-42.3404,-73.7157,yes,America/Santiago
MHD,large_airport,Mashhad International Airport,Mashhad,IR,36.2348,59.6429,yes,Asia/Tehran
MHE,small_airport,Mitchell Municipal Airport,Mitchell,US,43.7748,-98.0386,no,America/Chicago
MHF,small_airport,Morichal Airport,Morichal,CO,1.7500,-69.9167,no,America/Bogota
MHG,medium_airport,Mannheim-City Airport,Mannheim,DE,49.4731,8.5142,yes,Europe/Berlin
MHH,medium_airport,Leonard M. Thompson International Airport,Marsh Harbour,BS,26.5107,-77.0843,yes,America/Nassau
MHI,small_airport,Moucha Airport,Moucha Island,DJ,11.7297,43.2096,no,Africa/Djibouti
MHK,medium_airport,Manhattan Regional Airport,Manhattan,US,39.1410,-96.6708,yes,America/Chicago
MHL,small_airport,Marshall Memorial Municipal Airport,Marshall,US,39.0958,-93.2029,no,America/Chicago
MHM,small_airport,Manaoba Airport,Manaoba,SB,-8.3250,160.8005,yes,Pacific/Guadalcanal
MHN,small_airport,Hooker County Airport,Mullen,US,42.0422,-101.0591,no,America/Denver
MHO,small_airport,Mount House Airport,Wunaamin Miliwundi Ranges,AU,-17.0519,125.7125,no,Australia/Perth
MHQ,medium_airport,Mariehamn Airport,Mariehamn,FI,60.1222,19.8982,yes,Europe/Mariehamn
MHR,medium_airport,Sacramento Mather Airport,Sacramento,US,38.5547,-121.2980,no,America/Los_Angeles
MHS,small_airport,Dunsmuir Muni-Mott Airport,Dunsmuir,US,41.2632,-122.2720,no,America/Los_Angeles
MHT,medium_airport,Manchester-Boston Regional Airport,Manchester,US,42.9326,-71.4357,yes,America/New_York
MHU,medium_airport,Mount Hotham Airport,Mount Hotham,AU,-37.0475,147.3340,yes,Australia/Melbourne
MHV,medium_airport,Mojave Air &  Space Port,Mojave,US,35.0564,-118.1453,no,America/Los_Angeles
MHW,small_airport,Monteagudo Airport,El Bañado,BO,-19.8270,-63.9610,no,America/La_Paz
MHX,small_airport,Manihiki Island Airport,Manihiki Island,CK,-10.3809,-160.9994,yes,Pacific/Rarotonga
MHY,small_airport,Morehead Airport,Morehead,PG,-8.7141,141.6444,no,Pacific/Port_Moresby
MHZ,medium_airport,RAF Mildenhall,"Bury Saint Edmunds, Suffolk",GB,52.3619,0.4864,no,Europe/London
MIA,large_airport,Miami International Airport,Miami,US,25.7960,-80.2898,yes,America/New_York
MIB,medium_airport,Minot Air Force Base,Minot,US,48.4156,-101.3580,no,America/Chicago
MIC,small_airport,Crystal Airport,Minneapolis,US,45.0620,-93.3539,no,America/Chicago
MID,large_airport,Manuel Crescencio Rejón International Airport,Mérida,MX,20.9305,-89.6455,yes,America/Merida
MIE,medium_airport,Delaware County Johnson Field,Muncie,US,40.2423,-85.3959,no,America/Indiana/Indianapolis
MIF,small_airport,Roy Hurd Memorial Airport,Monahans,US,31.5825,-102.9090,no,America/Chicago
MIG,medium_airport,Mianyang Nanjiao Airport,Mianyang (Fucheng),CN,31.4281,104.7410,yes,Asia/Shanghai
MIH,small_airport,Mitchell Plateau Airport,Mitchell Plateau,AU,-14.7908,125.8257,no,Australia/Perth
MII,medium_airport,Frank Miloye Milenkowichi–Marília State Airport,Marília,BR,-22.1969,-49.9265,yes,America/Sao_Paulo
MIJ,small_airport,Mili Island Airport,Mili Island,MH,6.0848,171.7314,yes,Pacific/Majuro
MIK,medium_airport,Mikkeli Airport,Mikkeli,FI,61.6866,27.2018,no,Europe/Helsinki
MIM,medium_airport,Merimbula Airport,Merimbula,AU,-36.9086,149.9010,yes,Australia/Sydney
MIN,small_airport,Minnipa Airport,,AU,-32.8433,135.1450,no,Australia/Adelaide
MIO,small_airport,Miami Municipal Airport,Miami,US,36.9092,-94.8875,no,America/Chicago
MIP,small_airport,Mitzpe Ramon Airfield,Mitzpe Ramon,IL,30.6506,34.8069,no,Asia/Jerusalem
MIQ,small_airport,Millard Airport,Omaha,US,41.1959,-96.1121,no,America/Chicago
MIR,medium_airport,Monastir Habib Bourguiba International Airport,Monastir,TN,35.7581,10.7547,yes,Africa/Tunis
MIS,small_airport,Misima Island Airport,Misima Island,PG,-10.6892,152.8380,yes,Pacific/Port_Moresby
MIT,small_airport,Shafter Airport - Minter Field,Shafter,US,35.5074,-119.1920,no,America/Los_Angeles
MIU,large_airport,Maiduguri International Airport,Maiduguri,NG,11.8542,13.0807,yes,Africa/Lagos
MIV,medium_airport,Millville Municipal Airport,Millville,US,39.3678,-75.0722,no,America/New_York
MIW,small_airport,Marshalltown Municipal Airport,Marshalltown,US,42.1127,-92.9178,no,America/Chicago
MIX,small_airport,Miriti Parana Airport,Mirití-Paraná,CO,-0.8860,-70.9834,no,America/Bogota
MIY,small_airport,Mittebah Airport,,AU,-18.8093,137.0815,no,Australia/Darwin
MIZ,small_airport,Mainoru Airstrip,Mainoru,AU,-14.0533,134.0942,no,Australia/Darwin
MJA,small_airport,Manja Airport,Manja,MG,-21.4261,44.3165,no,Indian/Antananarivo
MJB,small_airport,Mejit Atoll Airport,Mejit Atoll,MH,10.2833,170.8690,no,Pacific/Majuro
MJC,medium_airport,Man Airport,,CI,7.2721,-7.5874,no,Africa/Abidjan
MJD,medium_airport,Moenjodaro Airport,Moenjodaro,PK,27.3352,68.1431,no,Asia/Karachi
MJE,small_airport,Majkin Airport,Majkin,MH,8.1634,168.1739,yes,Pacific/Majuro
MJF,medium_airport,"Mosjøen Airport, Kjærstad",Mosjøen,NO,65.7840,13.2149,yes,Europe/Oslo
MJG,small_airport,Mayajigua Airport,Mayajigua,CU,22.2308,-79.0622,no,America/Havana
MJI,large_airport,Mitiga International Airport,Tripoli,LY,32.8918,13.2879,yes,Africa/Tripoli
MJJ,small_airport,Moki Airport,Moki,PG,-5.7181,145.2404,no,Pacific/Port_Moresby
MJK,medium_airport,Shark Bay Airport,Denham,AU,-25.8973,113.5758,yes,Australia/Perth
MJL,medium_airport,Mouilla Ville Airport,Mouila,GA,-1.8451,11.0567,no,Africa/Libreville
MJM,medium_airport,Mbuji Mayi Airport,Mbuji Mayi,CD,-6.1212,23.5690,yes,Africa/Lubumbashi
MJN,large_airport,Amborovy Airport,Mahajanga,MG,-15.6668,46.3512,yes,Indian/Antananarivo
MJO,small_airport,Mount Etjo Airport,Mount Etjo Safari Lodge,NA,-21.0233,16.4528,no,Africa/Windhoek
MJP,small_airport,Manjimup Airport,,AU,-34.2653,116.1400,no,Australia/Perth
MJQ,small_airport,Jackson Municipal Airport,Jackson,US,43.6500,-94.9865,no,America/Chicago
MJR,small_airport,Miramar Airport,Miramar,AR,-38.2271,-57.8697,no,America/Argentina/Buenos_Aires
MJS,small_airport,Maganja da Costa Airport,Maganja,MZ,-17.3087,37.5000,no,Africa/Maputo
MJT,medium_airport,Mytilene International Airport,Mytilene,GR,39.0574,26.5986,yes,Europe/Athens
MJU,small_airport,Tampa Padang Airport,Mamuju,ID,-2.5900,119.0251,no,Asia/Makassar
MJW,small_airport,Mahenye Airport,Gonarezhou National Park,ZW,-21.2310,32.3336,no,Africa/Harare
MJX,small_airport,Ocean County Airport,Toms River,US,39.9275,-74.2924,no,America/New_York
MJY,small_airport,Motygino Airport,Motygino,RU,58.1809,94.7453,yes,Asia/Krasnoyarsk
MJZ,medium_airport,Mirny Airport,Mirny,RU,62.5347,114.0390,yes,Asia/Yakutsk
MKB,small_airport,Mekambo Airport,Mekambo,GA,0.9767,13.9685,no,Africa/Libreville
MKC,medium_airport,Charles B. Wheeler Downtown Airport,Kansas City,US,39.1232,-94.5928,no,America/Chicago
MKE,large_airport,General Mitchell International Airport,Milwaukee,US,42.9472,-87.8966,yes,America/Chicago
MKG,medium_airport,Muskegon County Airport,Muskegon,US,43.1695,-86.2382,yes,America/Detroit
MKH,small_airport,Mokhotlong Airport,Mokhotlong,LS,-29.2818,29.0728,no,Africa/Maseru
MKI,small_airport,M'Boki Airport,Mboki,CF,5.3330,25.9319,no,Africa/Bangui
MKJ,small_airport,Makoua Airport,Makoua,CG,-0.0208,15.5777,no,Africa/Brazzaville
MKK,medium_airport,Molokai Airport,Kaunakakai,US,21.1529,-157.0960,yes,Pacific/Honolulu
MKL,medium_airport,McKellar-Sipes Regional Airport,Jackson,US,35.5999,-88.9156,yes,America/Chicago
MKM,medium_airport,Mukah Airport,Mukah,MY,2.8819,112.0433,yes,Asia/Kuching
MKN,small_airport,Malekolon Airport,Babase Island,PG,-4.0234,153.6573,no,Pacific/Port_Moresby
MKO,small_airport,Muskogee-Davis Regional Airport,Muskogee,US,35.6565,-95.3667,no,America/Chicago
MKP,medium_airport,Makemo Airport,Makemo,PF,-16.5839,-143.6580,yes,Pacific/Tahiti
MKQ,medium_airport,Mopah International Airport,Merauke,ID,-8.5239,140.4197,yes,Asia/Jayapura
MKR,medium_airport,Meekatharra Airport,,AU,-26.6117,118.5480,yes,Australia/Perth
MKS,small_airport,Mekane Selam Airport,Mekane Selam,ET,10.7254,38.7415,no,Africa/Addis_Ababa
MKT,small_airport,Mankato Regional Airport,Mankato,US,44.2248,-93.9191,no,America/Chicago
MKU,medium_airport,Makokou Airport,Makokou,GA,0.5792,12.8909,yes,Africa/Libreville
MKW,medium_airport,Rendani Airport,Manokwari,ID,-0.8918,134.0490,yes,Asia/Jayapura
MKY,medium_airport,Mackay Airport,Mackay,AU,-21.1708,149.1826,yes,Australia/Brisbane
MKZ,medium_airport,Malacca International Airport,Malacca,MY,2.2656,102.2528,yes,Asia/Kuala_Lumpur
MLA,large_airport,Malta International Airport,Valletta,MT,35.8459,14.4915,yes,Europe/Malta
MLB,medium_airport,Melbourne Orlando International Airport,Melbourne,US,28.1020,-80.6411,yes,America/New_York
MLC,medium_airport,Mc Alester Regional Airport,Mc Alester,US,34.8824,-95.7835,no,America/Chicago
MLD,small_airport,Malad City Airport,Malad City,US,42.1666,-112.2970,no,America/Boise
MLE,large_airport,Velana International Airport,Malé,MV,4.1918,73.5291,yes,Indian/Maldives
MLF,small_airport,Milford Municipal-Ben and Judy Briscoe Field,Milford,US,38.4266,-113.0120,no,America/Denver
MLG,medium_airport,Abdul Rachman Saleh Airport,Malang,ID,-7.9291,112.7142,yes,Asia/Jakarta
MLI,medium_airport,Quad City International Airport,Moline,US,41.4485,-90.5075,yes,America/Chicago
MLJ,small_airport,Baldwin County Regional Airport,Milledgeville,US,33.1542,-83.2407,no,America/New_York
MLK,small_airport,Malta Airport,Malta,US,48.3669,-107.9190,no,America/Denver
MLL,small_airport,Marshall Don Hunter Sr Airport,Marshall,US,61.8643,-162.0260,yes,America/Nome
MLM,large_airport,General Francisco J. Mujica International Airport,Morelia,MX,19.8499,-101.0250,yes,America/Mexico_City
MLN,medium_airport,Melilla Airport,Melilla,ES,35.2798,-2.9563,yes,Africa/Ceuta
MLO,small_airport,Milos Airport,Milos Island,GR,36.6969,24.4769,yes,Europe/Athens
MLP,small_airport,Malabang Airport,Malabang,PH,7.6169,124.0580,no,Asia/Manila
MLQ,small_airport,Malalaua Airport,Malalaua,PG,-8.0714,146.1555,no,Pacific/Port_Moresby
MLR,small_airport,Millicent Airport,,AU,-37.5836,140.3660,no,Australia/Adelaide
MLS,medium_airport,Miles City Airport - Frank Wiley Field,Miles City,US,46.4273,-105.8854,no,America/Denver
MLT,small_airport,Millinocket Municipal Airport,Millinocket,US,45.6478,-68.6856,no,America/New_York
MLU,medium_airport,Monroe Regional Airport,Monroe,US,32.5109,-92.0377,yes,America/Chicago
MLV,small_airport,Merluna Airport,Merluna,AU,-13.0649,142.4536,no,Australia/Brisbane
MLW,medium_airport,Spriggs Payne Airport,Monrovia,LR,6.2891,-10.7587,yes,Africa/Monrovia
MLX,medium_airport,Malatya Erhaç Airport,Malatya,TR,38.4353,38.0910,yes,Europe/Istanbul
MLY,small_airport,Manley Hot Springs Airport,Manley Hot Springs,US,64.9919,-150.6441,yes,America/Anchorage
MLZ,small_airport,Cerro Largo International Airport,Melo,UY,-32.3379,-54.2167,no,America/Montevideo
MMB,medium_airport,Memanbetsu Airport,Ōzora,JP,43.8806,144.1640,yes,Asia/Tokyo
MMC,small_airport,Ciudad Mante Los Huastecas National Airport,Ciudad Mante,MX,22.7390,-99.0185,no,America/Monterrey
MMD,medium_airport,Minamidaito Airport,Minamidaito,JP,25.8465,131.2630,yes,Asia/Tokyo
MME,medium_airport,Teesside International Airport,"Darlington, Durham",GB,54.5092,-1.4294,yes,Europe/London
MMF,small_airport,Mamfe Airport,Mamfe,CM,5.7042,9.3064,no,Africa/Douala
MMG,medium_airport,Mount Magnet Airport,,AU,-28.1161,117.8420,yes,Australia/Perth
MMH,medium_airport,Mammoth Yosemite Airport,Mammoth Lakes,US,37.6254,-118.8431,yes,America/Los_Angeles
MMI,small_airport,McMinn County Airport,Athens,US,35.3973,-84.5626,no,America/New_York
MMJ,medium_airport,Shinshu-Matsumoto Airport,Matsumoto,JP,36.1668,137.9230,yes,Asia/Tokyo
MMK,large_airport,Emperor Nicholas II Murmansk Airport,Murmansk,RU,68.7817,32.7508,yes,Europe/Moscow
MML,small_airport,Southwest Minnesota Regional Airport - Marshall/Ryan Field,Marshall,US,44.4505,-95.8219,no,America/Chicago
MMM,small_airport,Middlemount Airport,,AU,-22.8014,148.7068,no,Australia/Brisbane
MMN,small_airport,Minute Man Air Field,Stow,US,42.4603,-71.5190,no,America/New_York
MMO,medium_airport,Maio Airport,Vila do Maio,CV,15.1559,-23.2137,yes,Atlantic/Cape_Verde
MMP,small_airport,San Bernardo Airport,Santa Cruz de Mompóx,CO,9.2583,-74.4384,no,America/Bogota
MMQ,small_airport,Mbala Airport,Mbala,ZM,-8.8592,31.3364,no,Africa/Lusaka
MMS,small_airport,Selfs Airport,Marks,US,34.2315,-90.2896,no,America/Chicago
MMT,medium_airport,Mc Entire Joint National Guard Base,Eastover,US,33.9208,-80.8013,no,America/New_York
MMU,medium_airport,Morristown Municipal Airport,Morristown,US,40.7991,-74.4149,no,America/New_York
MMV,small_airport,Mal Airport,Mal Island,PG,-1.3914,144.1713,no,Pacific/Port_Moresby
MMX,large_airport,Malmö Sturup Airport,Malmö,SE,55.5356,13.3763,yes,Europe/Stockholm
MMY,medium_airport,Miyako Airport,Miyakojima,JP,24.7828,125.2950,yes,Asia/Tokyo
MMZ,medium_airport,Maymana Zahiraddin Faryabi Airport,Maymana,AF,35.9308,64.7609,yes,Asia/Kabul
MNA,small_airport,Melangguane Airport,Karakelong Island,ID,4.0103,126.6732,no,Asia/Makassar
MNB,small_airport,Muanda Airport,Muanda,CD,-5.9306,12.3513,no,Africa/Kinshasa
MNC,medium_airport,Nacala International Airport,Nacala,MZ,-14.4882,40.7122,yes,Africa/Maputo
MND,small_airport,Medina Airport,Medina,CO,4.4837,-73.3447,no,America/Bogota
MNE,small_airport,Mungeranie Airport,Mungeranie,AU,-28.0092,138.6570,no,Australia/Adelaide
MNF,small_airport,Mana Island Airport,Mana Island,FJ,-17.6728,177.0985,yes,Pacific/Fiji
MNG,medium_airport,Maningrida Airport,Maningrida,AU,-12.0561,134.2340,yes,Australia/Darwin
MNH,medium_airport,Mussanah Airport,Al Masna'ah,OM,23.6406,57.4875,no,Asia/Muscat
MNI,large_airport,John A. Osborne Airport,Gerald's Park,MS,16.7918,-62.1932,yes,America/Montserrat
MNJ,medium_airport,Mananjary Airport,Mananjary,MG,-21.2018,48.3583,yes,Indian/Antananarivo
MNK,small_airport,Maiana Airport,Maiana,KI,1.0036,173.0310,no,Pacific/Tarawa
MNL,large_airport,Ninoy Aquino International Airport,Manila (Pasay),PH,14.5086,121.0200,yes,Asia/Manila
MNM,small_airport,Menominee–Marinette Twin County Airport,Menominee,US,45.1267,-87.6384,no,America/Menominee
MNN,small_airport,Marion Municipal Airport,Marion,US,40.6162,-83.0635,no,America/New_York
MNO,small_airport,Manono Airport,Manono,CD,-7.2889,27.3944,no,Africa/Lubumbashi
MNP,small_airport,Maron Island Airport,Hermit Islands,PG,-1.5504,145.0175,no,Pacific/Port_Moresby
MNQ,small_airport,Monto Airport,,AU,-24.8923,151.1018,no,Australia/Brisbane
MNR,medium_airport,Mongu Airport,Mongu,ZM,-15.2545,23.1623,no,Africa/Lusaka
MNS,small_airport,Mansa Airport,Mansa,ZM,-11.1370,28.8726,no,Africa/Lusaka
MNT,small_airport,Minto Al Wright Airport,Minto,US,65.1480,-149.3687,yes,America/Anchorage
MNU,small_airport,Mawlamyine Airport,Mawlamyine,MM,16.4447,97.6607,yes,Asia/Yangon
MNV,small_airport,Mount Valley Airport,,AU,-14.0833,133.8170,no,Australia/Darwin
MNW,small_airport,Macdonald Downs Airport,,AU,-22.4440,135.1990,no,Australia/Darwin
MNX,medium_airport,Manicoré Airport,Manicoré,BR,-5.8114,-61.2783,yes,America/Manaus
MNY,small_airport,Mono Airport,Stirling Island,SB,-7.4169,155.5650,yes,Pacific/Guadalcanal
MNZ,medium_airport,Washington Manassas Harry P. Davis Field,Manassas,US,38.7230,-77.5154,no,America/New_York
MOA,medium_airport,Orestes Acosta Airport,Moa,CU,20.6539,-74.9222,no,America/Havana
MOB,medium_airport,Mobile Regional Airport,Mobile,US,30.6912,-88.2428,yes,America/Chicago
MOC,medium_airport,Mário Ribeiro Airport,Montes Claros,BR,-16.7069,-43.8189,yes,America/Sao_Paulo
MOD,medium_airport,Modesto City Co-Harry Sham Field,Modesto,US,37.6258,-120.9540,no,America/Los_Angeles
MOE,medium_airport,Momeik Airport,,MM,23.0925,96.6453,no,Asia/Yangon
MOF,small_airport,Frans Xavier Seda Airport,Waioti,ID,-8.6395,122.2381,yes,Asia/Makassar
MOG,medium_airport,Mong Hsat Airport,Mong Hsat,MM,20.5168,99.2568,yes,Asia/Yangon
MOH,small_airport,Maleo Airport,Morowali,ID,-2.2011,121.6629,yes,Asia/Makassar
MOI,small_airport,Mitiaro Island Airport,Mitiaro Island,CK,-19.8425,-157.7030,yes,Pacific/Rarotonga
MOJ,small_airport,Moengo Airstrip,Moengo,SR,5.6076,-54.4003,yes,America/Paramaribo
MOK,small_airport,Muynak Airport,Muynak,UZ,43.7536,59.0299,no,Asia/Samarkand
MOL,medium_airport,"Molde Airport, Årø",Årø,NO,62.7447,7.2625,yes,Europe/Oslo
MOM,small_airport,Letfotar Airport,Moudjeria,MR,17.7500,-12.5000,no,Africa/Nouakchott
MON,medium_airport,Mount Cook Airport,,NZ,-43.7650,170.1330,no,Pacific/Auckland
MOO,small_airport,Moomba Airport,Moomba,AU,-28.0994,140.1970,no,Australia/Adelaide
MOP,small_airport,Mount Pleasant Municipal Airport,Mount Pleasant,US,43.6217,-84.7375,no,America/Detroit
MOQ,medium_airport,Morondava Airport,Morondava,MG,-20.2847,44.3176,yes,Indian/Antananarivo
MOR,small_airport,Morristown Regional Airport,Morristown,US,36.1794,-83.3755,no,America/New_York
MOS,small_airport,Moses Point Airport,Elim,US,64.6941,-162.0607,no,America/Nome
MOT,medium_airport,Minot International Airport,Minot,US,48.2580,-101.2791,yes,America/Chicago
MOU,small_airport,Mountain Village Airport,Mountain Village,US,62.0954,-163.6820,yes,America/Nome
MOV,medium_airport,Moranbah Airport,Moranbah,AU,-22.0578,148.0770,yes,Australia/Brisbane
MOX,small_airport,Morris Municipal Airport Charlie Schmidt Field,Morris,US,45.5660,-95.9672,no,America/Chicago
MOY,small_airport,Monterrey Airport,Monterrey,CO,4.9069,-72.8948,no,America/Bogota
MOZ,medium_airport,Moorea Temae Airport,Moorea-Maiao,PF,-17.4898,-149.7618,yes,Pacific/Tahiti
MPA,medium_airport,Katima Mulilo Airport,Mpacha,NA,-17.6343,24.1767,yes,Africa/Windhoek
MPC,small_airport,Muko Muko Airport,Muko Muko,ID,-2.5411,101.0877,yes,Asia/Jakarta
MPD,small_airport,Sindhri Tharparkar Airport,Sindhri,PK,25.6828,69.0728,no,Asia/Karachi
MPF,small_airport,Mapoda Airport,Mapoda,PG,-7.9790,143.1694,no,Pacific/Port_Moresby
MPG,small_airport,Makini Airport,Makini,PG,-6.5322,147.6512,no,Pacific/Port_Moresby
MPH,medium_airport,Godofredo P. Ramos Airport,Caticlan,PH,11.9245,121.9540,yes,Asia/Manila
MPI,small_airport,Mamitupu Airport,Mamitupu,PA,9.1851,-77.9841,no,America/Panama
MPJ,small_airport,Petit Jean Park Airport,Morrilton,US,35.1389,-92.9092,no,America/Chicago
MPL,large_airport,Montpellier-Méditerranée Airport,Montpellier/Méditerranée,FR,43.5762,3.9630,yes,Europe/Paris
MPM,large_airport,Maputo Airport,Maputo,MZ,-25.9208,32.5726,yes,Africa/Maputo
MPN,large_airport,Mount Pleasant Airport / RAF Mount Pleasant,Mount Pleasant,FK,-51.8226,-58.4458,yes,Atlantic/Stanley
MPO,small_airport,Pocono Mountains Municipal Airport,Mount Pocono,US,41.1360,-75.3796,no,America/New_York
MPP,small_airport,Mulatupo Airport,Mulatupo,PA,8.9455,-77.7335,no,America/Panama
MPR,small_airport,Mc Pherson Airport,Mc Pherson,US,38.3524,-97.6913,no,America/Chicago
MPS,small_airport,Mount Pleasant Regional Airport,Mount Pleasant,US,33.0955,-94.9615,no,America/Chicago
MPT,small_airport,Maliana Airport,Maliana,TL,-8.9722,125.2150,no,Asia/Dili
MPU,small_airport,Mapua(Mabua) Airport,Tatau Island,PG,-2.8114,151.9911,no,Pacific/Port_Moresby
MPV,medium_airport,Edward F Knapp State Airport,Barre/Montpelier,US,44.2035,-72.5623,no,America/New_York
MPW,medium_airport,Mariupol International Airport,Mariupol,UA,47.0761,37.4496,yes,Europe/Kyiv
MPX,small_airport,Miyanmin Airport,Miyanmin,PG,-4.9031,141.6208,no,Pacific/Port_Moresby
MPY,medium_airport,Maripasoula Airport,Maripasoula,GF,3.6559,-54.0394,yes,America/Cayenne
MPZ,small_airport,Mount Pleasant Municipal Airport,Mount Pleasant,US,40.9466,-91.5111,no,America/Chicago
MQA,small_airport,Mandora Airport,Eighty Mile Beach,AU,-19.7380,120.8382,no,Australia/Perth
MQB,small_airport,Macomb Municipal Airport,Macomb,US,40.5201,-90.6524,no,America/Chicago
MQC,small_airport,Miquelon Airport,Miquelon,PM,47.0955,-56.3803,yes,America/Miquelon
MQD,small_airport,Maquinchao Airport,Maquinchao,AR,-41.2431,-68.7078,no,America/Argentina/Salta
MQE,small_airport,Marqua Airport,Marqua,AU,-22.8058,137.2510,no,Australia/Darwin
MQF,large_airport,Magnitogorsk International Airport,Magnitogorsk,RU,53.3920,58.7552,yes,Asia/Yekaterinburg
MQG,small_airport,Midgard Airport,Midgard,NA,-22.0106,17.3700,no,Africa/Windhoek
MQH,medium_airport,Minaçu Airport,Minaçu,BR,-13.5491,-48.1953,no,America/Sao_Paulo
MQJ,medium_airport,Moma Airport,Khonuu,RU,66.4509,143.2616,yes,Asia/Srednekolymsk
MQK,small_airport,San Matías Airport,San Matías,BO,-16.3392,-58.4019,no,America/La_Paz
MQL,medium_airport,Mildura Airport,Mildura,AU,-34.2292,142.0860,yes,Australia/Melbourne
MQM,medium_airport,Mardin Airport,Mardin,TR,37.2233,40.6317,yes,Europe/Istanbul
MQN,medium_airport,"Mo i Rana Airport, Røssvoll",Mo i Rana,NO,66.3639,14.3014,yes,Europe/Oslo
MQO,small_airport,Malam Airport,Malam,PG,-8.7092,142.6497,no,Pacific/Port_Moresby
MQP,large_airport,Kruger Mpumalanga International Airport,Mbombela,ZA,-25.3833,31.1053,yes,Africa/Johannesburg
MQQ,medium_airport,Moundou Airport,Moundou,TD,8.6285,16.0742,no,Africa/Ndjamena
MQR,small_airport,Mosquera Airport,Mosquera,CO,2.6496,-78.3361,no,America/Bogota
MQS,medium_airport,Mustique Airport,Lovell,VC,12.8879,-61.1802,yes,America/St_Vincent
MQT,medium_airport,Marquette/Sawyer International Airport,Gwinn,US,46.3515,-87.3959,yes,America/Detroit
MQU,medium_airport,Mariquita Airport,Mariquita,CO,5.2126,-74.8836,no,America/Bogota
MQV,small_airport,Mostaganem Airport,Sayada,DZ,35.9052,0.1445,no,Africa/Algiers
MQW,small_airport,Telfair Wheeler Airport,Mc Rae,US,32.0958,-82.8800,no,America/New_York
MQX,medium_airport,Mekele Alula Aba Nega Airport,Mekele,ET,13.4674,39.5335,yes,Africa/Addis_Ababa
MQY,medium_airport,Smyrna Airport,Smyrna,US,36.0090,-86.5201,no,America/Chicago
MQZ,small_airport,Margaret River Airport,,AU,-33.9306,115.1000,no,Australia/Perth
MRA,small_airport,Misrata International Airport,Misrata,LY,32.3250,15.0610,yes,Africa/Tripoli
MRB,medium_airport,Eastern WV Regional Airport/Shepherd Field,Martinsburg,US,39.4019,-77.9846,no,America/New_York
MRC,small_airport,Maury County Airport,Columbia/Mount Pleasant,US,35.5541,-87.1789,no,America/Chicago
MRD,medium_airport,Alberto Carnevalli Airport,Mérida,VE,8.5821,-71.1610,no,America/Caracas
MRE,medium_airport,Mara Serena Lodge Airstrip,Serena,KE,-1.4046,35.0083,yes,Africa/Nairobi
MRF,small_airport,Marfa Municipal Airport,Marfa,US,30.3696,-104.0159,no,America/Chicago
MRG,medium_airport,Mareeba Airport,Mareeba,AU,-17.0703,145.4242,no,Australia/Brisbane
MRH,small_airport,May River Airstrip,May River,PG,-4.3615,141.7850,no,Pacific/Port_Moresby
MRI,medium_airport,Merrill Field,Anchorage,US,61.2128,-149.8440,yes,America/Anchorage
MRK,small_airport,Marco Island Executive Airport,Marco Island,US,25.9950,-81.6725,no,America/New_York
MRM,small_airport,Manari Airport,Manari,PG,-9.1908,147.6219,no,Pacific/Port_Moresby
MRN,small_airport,Foothills Regional Airport,Morganton,US,35.8202,-81.6114,no,America/New_York
MRO,medium_airport,Hood Airport,Masterton,NZ,-40.9746,175.6345,no,Pacific/Auckland
MRP,small_airport,Marla Airport,Marla,AU,-27.3343,133.6277,no,Australia/Adelaide
MRQ,medium_airport,Marinduque Airport,Gasan,PH,13.3610,121.8260,no,Asia/Manila
MRR,medium_airport,Jose Maria Velasco Ibarra Airport,Macará,EC,-4.3782,-79.9410,no,America/Guayaquil
MRS,large_airport,Marseille Provence Airport,"Marignane, Bouches-du-Rhône",FR,43.4381,5.2125,yes,Europe/Paris
MRT,small_airport,Moroak Airport,Moroak,AU,-14.8181,133.7006,no,Australia/Darwin
MRU,large_airport,Sir Seewoosagur Ramgoolam International Airport,Plaine Magnien,MU,-20.4302,57.6836,yes,Indian/Mauritius
MRV,large_airport,Mineralnye Vody Airport,Mineralnyye Vody,RU,44.2251,43.0819,yes,Europe/Moscow
MRW,medium_airport,Lolland Falster Maribo Airport,Rødby,DK,54.6994,11.4382,no,Europe/Copenhagen
MRX,medium_airport,Mahshahr Airport,Mahshahr,IR,30.5562,49.1519,yes,Asia/Tehran
MRY,medium_airport,Monterey Regional Airport,Monterey,US,36.5868,-121.8442,yes,America/Los_Angeles
MRZ,medium_airport,Moree Airport,Moree,AU,-29.4989,149.8450,yes,Australia/Sydney
MSA,small_airport,Muskrat Dam Airport,Muskrat Dam,CA,53.4414,-91.7628,yes,America/Winnipeg
MSC,small_airport,Falcon Field,Mesa,US,33.4608,-111.7280,no,America/Phoenix
MSF,small_airport,Mount Swan Airport,,AU,-22.6247,135.0345,no,Australia/Darwin
MSG,small_airport,Matsaile Airport,Matsaile,LS,-29.8406,28.7767,no,Africa/Maseru
MSH,medium_airport,RAFO Masirah,Masirah,OM,20.6754,58.8905,no,Asia/Muscat
MSI,small_airport,Masalembo Airport,Masalembo Island,ID,-5.5833,114.4330,no,Asia/Jakarta
MSJ,medium_airport,Misawa Airport / Misawa Air Base,Misawa,JP,40.7032,141.3680,yes,Asia/Tokyo
MSK,small_airport,Morelia Airport,Puerto Gaitán,CO,3.7505,-71.4561,no,America/Bogota
MSL,medium_airport,Northwest Alabama Regional Airport,Muscle Shoals,US,34.7451,-87.6130,yes,America/Chicago
MSM,small_airport,Masi Manimba Airport,Masi Manimba,CD,-4.7830,17.8500,no,Africa/Kinshasa
MSN,medium_airport,Dane County Regional Truax Field,Madison,US,43.1399,-89.3375,yes,America/Chicago
MSO,medium_airport,Missoula Montana Airport,Missoula,US,46.9158,-114.0911,yes,America/Denver
MSP,large_airport,Minneapolis–Saint Paul International Airport / Wold–Chamberlain Field,Minneapolis,US,44.8801,-93.2217,yes,America/Chicago
MSQ,large_airport,Minsk National Airport,Minsk,BY,53.8881,28.0400,yes,Europe/Minsk
MSR,medium_airport,Muş Airport,Muş,TR,38.7478,41.6612,yes,Europe/Istanbul
MSS,medium_airport,Massena International Airport Richards Field,Massena,US,44.9362,-74.8443,yes,America/New_York
MST,large_airport,Maastricht Aachen Airport,Maastricht,NL,50.9111,5.7694,yes,Europe/Amsterdam
MSU,large_airport,Moshoeshoe I International Airport,Maseru(Mazenod),LS,-29.4563,27.5545,yes,Africa/Maseru
MSV,small_airport,Sullivan County International Airport,Monticello,US,41.7016,-74.7950,no,America/New_York
MSW,medium_airport,Massawa International Airport,Massawa,ER,15.6700,39.3701,no,Africa/Asmara
MSX,small_airport,Mossendjo Airport,Mossendjo,CG,-2.9500,12.7000,no,Africa/Brazzaville
MSY,large_airport,Louis Armstrong New Orleans International Airport,New Orleans,US,29.9934,-90.2647,yes,America/Chicago
MSZ,medium_airport,Welwitschia Mirabilis International Airport,Moçâmedes,AO,-15.2612,12.1468,yes,Africa/Luanda
MTA,small_airport,Matamata Glider Airport,,NZ,-37.7344,175.7420,no,Pacific/Auckland
MTB,small_airport,Montelibano Airport,Montelíbano,CO,7.9717,-75.4325,no,America/Bogota
MTC,medium_airport,Selfridge Air National Guard Base Airport,Mount Clemens,US,42.6135,-82.8369,no,America/Detroit
MTD,small_airport,Mount Sanford Station Airport,,AU,-16.9783,130.5550,no,Australia/Darwin
MTE,small_airport,Monte Alegre Airport,Monte Alegre,BR,-1.9958,-54.0742,no,America/Santarem
MTF,small_airport,Mizan Teferi Airport,Mizan Teferi,ET,6.9571,35.5547,yes,Africa/Addis_Ababa
MTG,small_airport,Vila Bela da Santíssima Trindade Airport,Vila Bela Da Santíssima Trindade,BR,-14.9955,-59.9457,no,America/Cuiaba
MTH,medium_airport,Florida Keys Marathon International Airport,Marathon,US,24.7260,-81.0514,no,America/New_York
MTI,small_airport,Mosteiros Airport,Vila do Mosteiros,CV,15.0450,-24.3392,no,Atlantic/Cape_Verde
MTJ,medium_airport,Montrose Regional Airport,Montrose,US,38.5098,-107.8940,yes,America/Denver
MTK,small_airport,Makin Island Airport,Makin Island,KI,3.3744,172.9920,no,Pacific/Tarawa
MTL,small_airport,Maitland Airport,,AU,-32.7013,151.4929,no,Australia/Sydney
MTN,medium_airport,Martin State Airport,Baltimore,US,39.3257,-76.4138,no,America/New_York
MTO,small_airport,Coles County Memorial Airport,Mattoon,US,39.4779,-88.2792,no,America/Chicago
MTP,small_airport,Montauk Airport,Montauk,US,41.0765,-71.9208,yes,America/New_York
MTQ,small_airport,Mitchell Airport,,AU,-26.4833,147.9370,no,Australia/Brisbane
MTR,medium_airport,Los Garzones Airport,Montería,CO,8.8237,-75.8258,yes,America/Bogota
MTS,medium_airport,Matsapha International Airport,Manzini,SZ,-26.5289,31.3076,no,Africa/Mbabane
MTT,medium_airport,Minatitlán/Coatzacoalcos International Airport,Cosoleacaque,MX,18.1034,-94.5807,yes,America/Mexico_City
MTU,small_airport,Montepuez Airport,Montepuez,MZ,-13.1219,39.0528,no,Africa/Maputo
MTV,small_airport,Mota Lava Airport,Ablow,VU,-13.6660,167.7120,no,Pacific/Efate
MTW,small_airport,Manitowoc County Airport,Manitowoc,US,44.1271,-87.6820,no,America/Chicago
MTX,small_airport,Metro Field,Fairbanks,US,64.8068,-147.7620,no,America/Anchorage
MTY,large_airport,Monterrey International Airport,Monterrey,MX,25.7785,-100.1070,yes,America/Monterrey
MTZ,medium_airport,Bar Yehuda Airfield,Masada,IL,31.3282,35.3886,no,Asia/Jerusalem
MUA,medium_airport,Munda Airport,Munda,SB,-8.3280,157.2630,yes,Pacific/Guadalcanal
MUB,large_airport,Maun International Airport,Maun,BW,-19.9705,23.4314,yes,Africa/Gaborone
MUC,large_airport,Munich Airport,Munich,DE,48.3538,11.7861,yes,Europe/Berlin
MUD,medium_airport,Mueda Airport,Mueda,MZ,-11.6729,39.5631,no,Africa/Maputo
MUE,medium_airport,Waimea Kohala Airport,Waimea (Kamuela),US,20.0013,-155.6680,yes,Pacific/Honolulu
MUG,small_airport,Mulege Airport,Mulege,MX,26.9053,-111.9707,no,America/Mazatlan
MUH,large_airport,Mersa Matruh International Airport,Marsa Matruh,EG,31.3243,27.2223,yes,Africa/Cairo
MUI,medium_airport,Muir Army Air Field (Fort Indiantown Gap) Airport,Fort Indiantown Gap(Annville),US,40.4352,-76.5687,no,America/New_York
MUJ,small_airport,Mui River Airport,Omo National Park,ET,5.8646,35.7485,no,Africa/Addis_Ababa
MUK,small_airport,Mauke Airport,Mauke Island,CK,-20.1361,-157.3450,yes,Pacific/Rarotonga
MUL,small_airport,Spence Airport,Moultrie,US,31.1416,-83.7037,no,America/New_York
MUM,small_airport,Muli Airport,Muli,MV,2.9114,73.5836,no,Indian/Maldives
MUN,medium_airport,José Tadeo Monagas International Airport,Maturín,VE,9.7490,-63.1533,yes,America/Caracas
MUO,medium_airport,Mountain Home Air Force Base,Mountain Home,US,43.0436,-115.8720,no,America/Boise
MUP,small_airport,Mulga Park Airport,,AU,-25.8600,131.6500,no,Australia/Darwin
MUQ,small_airport,Muccan Station Airport,Muccan Station,AU,-20.6589,120.0670,no,Australia/Perth
MUR,medium_airport,Marudi Airport,Marudi,MY,4.1787,114.3303,yes,Asia/Kuching
MUS,small_airport,JMSDF Minami Torishima Air Base,Ogasawara,JP,24.2897,153.9790,no,Asia/Tokyo
MUT,small_airport,Muscatine Municipal Airport,Muscatine,US,41.3678,-91.1482,no,America/Chicago
MUU,small_airport,Barra Grande Airport,Maraú,BR,-13.9061,-38.9408,no,America/Bahia
MUW,medium_airport,Ghriss Airport,Ghriss,DZ,35.2077,0.1471,no,Africa/Algiers
MUX,large_airport,Multan International Airport,Multan,PK,30.2032,71.4191,yes,Asia/Karachi
MUY,small_airport,Mouyondzi Airport,Mouyondzi,CG,-4.0149,13.9661,no,Africa/Brazzaville
MUZ,small_airport,Musoma Airport,Musoma,TZ,-1.5030,33.8021,yes,Africa/Dar_es_Salaam
MVA,medium_airport,Mývatn Airport,Myvatn,IS,65.6558,-16.9181,no,Atlantic/Reykjavik
MVB,medium_airport,M'Vengue El Hadj Omar Bongo Ondimba International Airport,Franceville,GA,-1.6562,13.4380,yes,Africa/Libreville
MVC,small_airport,Monroe County Aeroplex Airport,Monroeville,US,31.4580,-87.3510,no,America/Chicago
MVD,large_airport,Carrasco General Cesáreo L. Berisso International Airport,Ciudad de la Costa,UY,-34.8356,-56.0265,yes,America/Montevideo
MVE,small_airport,Montevideo Chippewa County Airport,Montevideo,US,44.9691,-95.7103,no,America/Chicago
MVF,medium_airport,Dix-Sept Rosado Airport,Mossoró,BR,-5.2019,-37.3643,yes,America/Fortaleza
MVK,small_airport,Mulka Airport,Mulka,AU,-28.3478,138.6500,no,Australia/Adelaide
MVL,small_airport,Morrisville-Stowe State Airport,Morrisville,US,44.5346,-72.6140,no,America/New_York
MVM,small_airport,Kayenta Airport,Kayenta,US,36.7164,-110.2284,no,America/Denver
MVN,small_airport,Mount Vernon Outland Airport,Mount Vernon,US,38.3228,-88.8593,no,America/Chicago
MVO,small_airport,Mongo Airport,Mongo,TD,12.1705,18.6756,no,Africa/Ndjamena
MVP,medium_airport,Fabio Alberto Leon Bentley Airport,Mitú,CO,1.2537,-70.2339,yes,America/Bogota
MVQ,medium_airport,Mogilev Airport,Mogilev,BY,53.9549,30.0951,yes,Europe/Minsk
MVR,medium_airport,Salak Airport,Maroua,CM,10.4514,14.2574,yes,Africa/Douala
MVS,small_airport,Mucuri Airport,Mucuri,BR,-18.0489,-39.8643,no,America/Bahia
MVT,medium_airport,Mataiva Airport,,PF,-14.8681,-148.7170,yes,Pacific/Tahiti
MVU,small_airport,Musgrave Airport,Musgrave,AU,-14.7757,143.5047,no,Australia/Brisbane
MVV,small_airport,Megève Altiport,Megève,FR,45.8230,6.6494,no,Europe/Paris
MVW,small_airport,Skagit Regional Airport,Burlington,US,48.4709,-122.4210,no,America/Los_Angeles
MVX,small_airport,Minvoul Airport,Minvoul,GA,2.1524,12.1080,no,Africa/Libreville
MVY,small_airport,Martha's Vineyard Airport,Martha's Vineyard,US,41.3931,-70.6143,yes,America/New_York
MVZ,medium_airport,Masvingo International Airport,Masvingo,ZW,-20.0553,30.8591,no,Africa/Harare
MWA,medium_airport,Veterans Airport of Southern Illinois,Marion,US,37.7512,-89.0166,yes,America/Chicago
MWB,small_airport,Morawa Airport,,AU,-29.2017,116.0220,no,Australia/Perth
MWC,small_airport,Lawrence J Timmerman Airport,Milwaukee,US,43.1104,-88.0344,no,America/Chicago
MWD,medium_airport,Mianwali Air Base,Mianwali,PK,32.5631,71.5707,no,Asia/Karachi
MWE,medium_airport,Merowe Airport,Merowe,SD,18.4433,31.8433,no,Africa/Khartoum
MWF,small_airport,Maewo-Naone Airport,Maewo Island,VU,-14.9972,168.0811,no,Pacific/Efate
MWG,small_airport,Marawaka Airport,Marawaka,PG,-6.9736,145.8849,no,Pacific/Port_Moresby
MWH,medium_airport,Grant County International Airport,Moses Lake,US,47.2077,-119.3200,no,America/Los_Angeles
MWI,small_airport,Maramuni Airport,Maramuni,PG,-5.1300,143.4829,no,Pacific/Port_Moresby
MWJ,small_airport,Matthews Ridge Airport,Matthews Ridge,GY,7.4877,-60.1852,no,America/Guyana
MWK,small_airport,Matak Airport,Palmatak,ID,3.3481,106.2580,no,Asia/Jakarta
MWL,medium_airport,Mineral Wells Regional Airport,Mineral Wells,US,32.7816,-98.0602,yes,America/Chicago
MWM,small_airport,Windom Municipal Airport,Windom,US,43.9134,-95.1094,no,America/Chicago
MWN,small_airport,Mwadui Airport,Mwadui,TZ,-3.5213,33.6155,no,Africa/Dar_es_Salaam
MWO,small_airport,Middletown Regional Airport,Middletown,US,39.5310,-84.3953,no,America/New_York
MWQ,small_airport,Magway Airport,Magway,MM,20.1656,94.9414,yes,Asia/Yangon
MWR,small_airport,Motswari Airport,Motswari Private Game Reserve,ZA,-24.1903,31.3864,no,Africa/Johannesburg
MWS,small_airport,Indonesia Morowali Industrial Park (IMIP) Airport,Morowali,ID,-2.7993,122.1414,no,Asia/Makassar
MWT,small_airport,Moolawatana Airport,Moolawatana Station,AU,-29.9069,139.7650,no,Australia/Adelaide
MWU,small_airport,Mussau Airport,Mussau Island,PG,-1.4500,149.7000,no,Pacific/Port_Moresby
MWV,small_airport,Mondulkiri Airport,Sen Monorom,KH,12.4646,107.1880,no,Asia/Phnom_Penh
MWX,large_airport,Muan International Airport,Muan (Piseo-ri),KR,34.9914,126.3828,yes,Asia/Seoul
MWY,small_airport,Miranda Downs Airport,Miranda Downs,AU,-17.3289,141.8860,no,Australia/Brisbane
MWZ,large_airport,Mwanza International Airport,Mwanza,TZ,-2.4466,32.9360,yes,Africa/Dar_es_Salaam
MXA,small_airport,Manila Municipal Airport,Manila,US,35.8944,-90.1546,no,America/Chicago
MXB,small_airport,Andi Jemma Airport,Masamba,ID,-2.5580,120.3243,no,Asia/Makassar
MXC,small_airport,Monticello Airport,Monticello,US,37.9324,-109.3412,no,America/Denver
MXD,small_airport,Marion Downs Airport,Marion Downs,AU,-23.3637,139.6497,no,Australia/Brisbane
MXE,small_airport,Laurinburg Maxton Airport,Maxton,US,34.7919,-79.3658,no,America/New_York
MXF,medium_airport,Maxwell Air Force Base,Montgomery,US,32.3829,-86.3658,no,America/Chicago
MXH,small_airport,Moro Airport,Moro,PG,-6.3633,143.2380,yes,Pacific/Port_Moresby
MXI,medium_airport,Mati National Airport,Mati,PH,6.9491,126.2737,no,Asia/Manila
MXJ,medium_airport,Minna Airport,Minna,NG,9.6522,6.4623,no,Africa/Lagos
MXK,small_airport,Mindik Airport,Mindik,PG,-6.4717,147.4411,no,Pacific/Port_Moresby
MXL,medium_airport,General Rodolfo Sánchez Taboada International Airport,Mexicali,MX,32.6306,-115.2428,yes,America/Tijuana
MXM,medium_airport,Morombe Airport,Morombe,MG,-21.7538,43.3748,no,Indian/Antananarivo
MXN,medium_airport,Morlaix-Ploujean Airport,Morlaix/Ploujean,FR,48.6032,-3.8158,no,Europe/Paris
MXO,small_airport,Monticello Regional Airport,Monticello,US,42.2204,-91.1633,no,America/Chicago
MXP,large_airport,Milan Malpensa International Airport,Ferno (VA),IT,45.6306,8.7281,yes,Europe/Rome
MXQ,small_airport,Lorenzo Airport,Cairu,BR,-13.3894,-38.9100,no,America/Bahia
MXR,small_airport,Myrhorod Air Base,Myrhorod,UA,49.9320,33.6410,no,Europe/Kyiv
MXS,small_airport,Maota Airport,Maota,WS,-13.7423,-172.2580,no,Pacific/Apia
MXT,small_airport,Maintirano Airport,Maintirano,MG,-18.0500,44.0330,no,Indian/Antananarivo
MXU,small_airport,Mullewa Airport,,AU,-28.4750,115.5170,no,Australia/Perth
MXV,medium_airport,Mörön Airport,Mörön,MN,49.6637,100.1000,yes,Asia/Ulaanbaatar
MXW,small_airport,Mandalgobi Airport,Mandalgobi,MN,45.7381,106.2690,yes,Asia/Ulaanbaatar
MXX,medium_airport,Mora Airport,Mora,SE,60.9579,14.5114,yes,Europe/Stockholm
MXY,small_airport,Mc Carthy Airport,Mccarthy,US,61.4371,-142.9040,no,America/Anchorage
MXZ,small_airport,Meizhou Meixian Changgangji International Airport,Meizhou (Meixian),CN,24.2634,116.0979,yes,Asia/Shanghai
MYA,medium_airport,Moruya Airport,Moruya,AU,-35.8978,150.1440,yes,Australia/Sydney
MYB,small_airport,Mayumba Airport,Mayumba,GA,-3.4584,10.6765,no,Africa/Libreville
MYC,medium_airport,Escuela Mariscal Sucre Airport,Maracay,VE,10.2500,-67.6494,no,America/Caracas
MYD,medium_airport,Malindi International Airport,Malindi,KE,-3.2293,40.1017,yes,Africa/Nairobi
MYE,medium_airport,Miyakejima Airport,Miyakejima,JP,34.0736,139.5600,yes,Asia/Tokyo
MYF,small_airport,Montgomery-Gibbs Executive Airport,San Diego,US,32.8157,-117.1400,no,America/Los_Angeles
MYG,medium_airport,Mayaguana Airport,Abraham Bay Settlement,BS,22.3795,-73.0135,yes,America/Nassau
MYH,small_airport,Marble Canyon Airport,Marble Canyon,US,36.8125,-111.6470,no,America/Phoenix
MYI,small_airport,Murray Island Airport,Murray Island,AU,-9.9151,144.0546,yes,Australia/Brisbane
MYJ,large_airport,Matsuyama Airport,Matsuyama,JP,33.8269,132.7001,yes,Asia/Tokyo
MYK,small_airport,May Creek Airport,May Creek,US,61.3357,-142.6870,yes,America/Anchorage
MYL,medium_airport,McCall Municipal Airport,McCall,US,44.8888,-116.1011,yes,America/Boise
MYM,small_airport,Monkey Mountain Airport,Monkey Mountain,GY,4.4523,-59.6031,no,America/Guyana
MYN,small_airport,Marib Airport,Marib,YE,15.4692,45.3273,no,Asia/Aden
MYO,small_airport,Myroodan Station Airport,,AU,-18.1240,124.2703,no,Australia/Perth
MYP,medium_airport,Mary International Airport,Mary,TM,37.6235,61.8957,yes,Asia/Ashgabat
MYQ,medium_airport,Mysore Airport,Mysore,IN,12.2298,76.6537,yes,Asia/Kolkata
MYR,large_airport,Myrtle Beach International Airport,Myrtle Beach,US,33.6797,-78.9283,yes,America/New_York
MYS,small_airport,Moyale Airport,Moyale,ET,3.5623,39.0433,no,Africa/Addis_Ababa
MYT,medium_airport,Myitkyina Airport,Myitkyina,MM,25.3836,97.3519,yes,Asia/Yangon
MYU,medium_airport,Mekoryuk Airport,Mekoryuk,US,60.3723,-166.2698,yes,America/Nome
MYV,medium_airport,Yuba County Airport,Marysville,US,39.0978,-121.5700,no,America/Los_Angeles
MYW,medium_airport,Mtwara Airport,Mtwara,TZ,-10.3362,40.1820,yes,Africa/Dar_es_Salaam
MYX,small_airport,Menyamya Airport,Menyamya,PG,-7.2117,146.0194,no,Pacific/Port_Moresby
MYY,medium_airport,Miri Airport,Miri,MY,4.3220,113.9870,yes,Asia/Kuching
MYZ,small_airport,Monkey Bay Airport,Monkey Bay,MW,-14.0836,34.9197,no,Africa/Blantyre
MZA,small_airport,Mayor PNP Nancy Flores Paucar Airport,Mazamari,PE,-11.3254,-74.5356,no,America/Lima
MZB,medium_airport,Mocímboa da Praia Airport,Mocímboa da Praia,MZ,-11.3618,40.3549,no,Africa/Maputo
MZC,small_airport,Mitzic Airport,Mitzic,GA,0.7830,11.5500,no,Africa/Libreville
MZD,small_airport,Méndez Airport,Santiago de Méndez,EC,-2.7333,-78.3167,no,America/Guayaquil
MZE,small_airport,Manatee Airport,,BZ,17.2785,-89.0238,no,America/Belize
MZG,large_airport,Penghu Magong Airport,Huxi,TW,23.5687,119.6280,yes,Asia/Taipei
MZH,small_airport,Amasya Merzifon Airport,Amasya,TR,40.8294,35.5220,yes,Europe/Istanbul
MZI,medium_airport,Mopti Airport,Sévaré,ML,14.5128,-4.0796,yes,Africa/Bamako
MZJ,small_airport,Pinal Airpark,Marana,US,32.5106,-111.3280,no,America/Phoenix
MZK,small_airport,Marakei Airport,Marakei,KI,2.0586,173.2710,no,Pacific/Tarawa
MZL,medium_airport,La Nubia Airport,Manizales,CO,5.0296,-75.4647,yes,America/Bogota
MZN,small_airport,Minj Airport,Minj,PG,-5.9030,144.6866,no,Pacific/Port_Moresby
MZO,medium_airport,Sierra Maestra International Airport,Manzanillo,CU,20.2886,-77.0875,yes,America/Havana
MZP,small_airport,Motueka Airport,,NZ,-41.1233,172.9890,no,Pacific/Auckland
MZQ,medium_airport,Mkuze Airport,Mkuze,ZA,-27.6261,32.0443,yes,Africa/Johannesburg
MZR,large_airport,Mazar-i-Sharif International Airport,Mazar-i-Sharif,AF,36.7041,67.2105,yes,Asia/Kabul
MZS,medium_airport,Moradabad Airport,Moradabad,IN,28.8175,78.9219,yes,Asia/Kolkata
MZT,large_airport,General Rafael Buelna International Airport,Mazatlàn,MX,23.1628,-106.2645,yes,America/Mazatlan
MZU,medium_airport,Muzaffarpur Airport,Muzaffarpur,IN,26.1191,85.3137,no,Asia/Kolkata
MZV,medium_airport,Mulu Airport,Mulu,MY,4.0483,114.8050,yes,Asia/Kuching
MZW,medium_airport,Mecheria Airport,Mecheria,DZ,33.5359,-0.2424,no,Africa/Algiers
MZY,small_airport,Mossel Bay Airport,Mossel Bay,ZA,-34.1587,22.0557,no,Africa/Johannesburg
MZZ,small_airport,Marion Municipal Airport,Marion,US,40.4899,-85.6797,no,America/Indiana/Indianapolis
NAA,medium_airport,Narrabri Airport,Narrabri,AU,-30.3192,149.8270,yes,Australia/Sydney
NAC,small_airport,Naracoorte Airport,,AU,-36.9853,140.7250,no,Australia/Adelaide
NAD,small_airport,Macanal Airport,Macanal,CO,2.8090,-67.6217,no,America/Bogota
NAE,small_airport,Natitingou Airport,Natitingou,BJ,10.3770,1.3605,no,Africa/Porto-Novo
NAF,small_airport,Banaina Airport,Banaina-Borneo Island,ID,2.7231,117.1260,no,Asia/Makassar
NAG,large_airport,Dr. Babasaheb Ambedkar International Airport,Nagpur,IN,21.0922,79.0472,yes,Asia/Kolkata
NAH,medium_airport,Naha Airport,"Tabukan Utara, Sangihe Islands",ID,3.6848,125.5272,yes,Asia/Makassar
NAI,small_airport,Annai Airport,Annai,GY,3.9594,-59.1242,no,America/Guyana
NAJ,large_airport,Nakhchivan International Airport,Nakhchivan,AZ,39.1888,45.4584,yes,Asia/Baku
NAK,medium_airport,Nakhon Ratchasima Airport,Chaloem Phra Kiat,TH,14.9495,102.3130,no,Asia/Bangkok
NAL,medium_airport,Nalchik Airport,Nalchik,RU,43.5129,43.6366,yes,Europe/Moscow
NAM,medium_airport,Namniwel Airport,Namniwel,ID,-3.1432,126.9765,yes,Asia/Jayapura
NAN,large_airport,Nadi International Airport,Nadi,FJ,-17.7618,177.4378,yes,Pacific/Fiji
NAO,small_airport,Nanchong Gaoping Airport,Nanchong (Gaoping),CN,30.7981,106.1642,yes,Asia/Shanghai
NAP,large_airport,Naples International Airport,Napoli,IT,40.8860,14.2908,yes,Europe/Rome
NAQ,medium_airport,Qaanaaq Airport,Qaanaaq,GL,77.4886,-69.3887,yes,America/Thule
NAR,small_airport,Puerto Nare Airport,Armenia,CO,6.2100,-74.5906,no,America/Bogota
NAS,large_airport,Lynden Pindling International Airport,Nassau,BS,25.0390,-77.4662,yes,America/Nassau
NAT,large_airport,Rio Grande do Norte/São Gonçalo do Amarante–Governador Aluízio Alves International Airport,Natal,BR,-5.7698,-35.3666,yes,America/Fortaleza
NAU,small_airport,Napuka Island Airport,Napuka Island,PF,-14.1774,-141.2661,yes,Pacific/Tahiti
NAV,large_airport,Nevşehir Kapadokya Airport,Nevşehir,TR,38.7719,34.5345,yes,Europe/Istanbul
NAW,medium_airport,Narathiwat Airport,,TH,6.5199,101.7430,yes,Asia/Bangkok
NAY,small_airport,Beijing Nanyuan Airport,Beijing,CN,39.7822,116.3863,no,Asia/Shanghai
NAZ,small_airport,Nana Airport,Star Harbor,SB,-10.6758,162.2049,no,Pacific/Guadalcanal
NBA,small_airport,Nambaiyufa Airport,Nambaiyufa,PG,-6.2412,145.2424,no,Pacific/Port_Moresby
NBB,small_airport,Barranco Minas Airport,Barranco Minas,CO,3.4907,-69.8082,no,America/Bogota
NBC,medium_airport,Begishevo Airport,Nizhnekamsk,RU,55.5647,52.0925,yes,Europe/Moscow
NBE,medium_airport,Enfidha - Hammamet International Airport,Enfidha,TN,36.0758,10.4386,yes,Africa/Tunis
NBG,medium_airport,New Orleans NAS JRB/Alvin Callender Field,New Orleans,US,29.8253,-90.0350,no,America/Chicago
NBH,small_airport,Nambucca Heads Airport,Nambucca Heads,AU,-30.6731,152.9842,no,Australia/Sydney
NBJ,large_airport,Dr. Antonio Agostinho Neto International Airport,Luanda (Ícolo e Bengo),AO,-9.0507,13.4991,yes,Africa/Luanda
NBL,small_airport,Wannukandi Airport,San Blas,PA,9.2735,-78.1398,no,America/Panama
NBN,small_airport,Annobón Airport,San Antonio de Palé,GQ,-1.4086,5.6242,yes,Africa/Malabo
NBO,large_airport,Jomo Kenyatta International Airport,Nairobi,KE,-1.3189,36.9282,yes,Africa/Nairobi
NBS,medium_airport,Changbaishan Airport,Baishan,CN,42.0669,127.6022,yes,Asia/Shanghai
NBW,medium_airport,Leeward Point Field,Guantanamo Bay Naval Station,CU,19.9065,-75.2071,no,America/New_York
NBX,medium_airport,Douw Aturure Airport,Nabire,ID,-3.3980,135.3931,no,Asia/Jayapura
NCA,medium_airport,North Caicos Airport,North Caicos,TC,21.9161,-71.9430,yes,America/Grand_Turk
NCE,large_airport,Nice-Côte d'Azur Airport,"Nice, Alpes-Maritimes",FR,43.6584,7.2159,yes,Europe/Paris
NCG,small_airport,Aeropuerto Municipal de Nuevo Casas Grandes,Nuevo Casas Grandes,MX,30.3974,-107.8750,no,America/Chihuahua
NCH,small_airport,Nachingwea Airport,Nachingwea,TZ,-10.3575,38.7792,no,Africa/Dar_es_Salaam
NCI,small_airport,Necocli Airport,Necocli,CO,8.4544,-76.7793,no,America/Bogota
NCJ,small_airport,Sunchales Aeroclub Airport,Sunchales,AR,-30.9575,-61.5283,no,America/Argentina/Cordoba
NCL,large_airport,Newcastle International Airport,"Newcastle upon Tyne, Tyne and Wear",GB,55.0380,-1.6896,yes,Europe/London
NCN,small_airport,Chenega Bay Airport,Chenega,US,60.0776,-147.9947,yes,America/Anchorage
NCO,medium_airport,Quonset State Airport,North Kingstown,US,41.5971,-71.4121,no,America/New_York
NCR,small_airport,San Carlos Airport,San Carlos,NI,11.1356,-84.7687,no,America/Managua
NCS,medium_airport,Newcastle Airport,Newcastle,ZA,-27.7706,29.9769,no,Africa/Johannesburg
NCT,small_airport,Guanacaste Airport,Nicoya/Guanacate,CR,10.1394,-85.4458,no,America/Costa_Rica
NCU,large_airport,Nukus International Airport,Nukus,UZ,42.4884,59.6233,yes,Asia/Samarkand
NCY,medium_airport,Annecy Meythet airport,Annecy,FR,45.9289,6.0987,yes,Europe/Paris
NDA,small_airport,Bandanaira Airport,Bandanaira,ID,-4.5214,129.9054,no,Asia/Jayapura
NDB,large_airport,Nouadhibou International Airport,Nouadhibou,MR,20.9324,-17.0302,yes,Africa/Nouakchott
NDC,medium_airport,Nanded Airport,Nanded,IN,19.1833,77.3167,yes,Asia/Kolkata
NDD,medium_airport,Sumbe Airport,Sumbe,AO,-11.1679,13.8475,no,Africa/Luanda
NDE,small_airport,Mandera Airport,Mandera,KE,3.9338,41.8441,no,Africa/Nairobi
NDF,small_airport,N'dalatando Airport,N'dalatando,AO,-9.2804,14.9824,no,Africa/Luanda
NDG,large_airport,Qiqihar Sanjiazi Airport,Qiqihar,CN,47.2300,123.9142,yes,Asia/Shanghai
NDI,small_airport,Namudi Airport,Namudi,PG,-9.4738,148.3294,no,Pacific/Port_Moresby
NDJ,large_airport,N'Djamena International Airport,N'Djamena,TD,12.1337,15.0340,yes,Africa/Ndjamena
NDK,small_airport,Namorik Airport,Namorik Atoll,MH,5.6330,168.1256,no,Pacific/Majuro
NDL,small_airport,N'Délé Airport,N'Délé,CF,8.4272,20.6352,no,Africa/Bangui
NDM,small_airport,Mendi Airport,Mendi,ET,9.7670,35.1000,no,Africa/Addis_Ababa
NDN,small_airport,Nadunumu Airport,Nadunumu,PG,-9.1436,147.6842,no,Pacific/Port_Moresby
NDR,large_airport,Nador Al Aaroui International Airport,Al Aaroui,MA,34.9888,-3.0282,yes,Africa/Casablanca
NDS,small_airport,Sandstone Airport,Sandstone,AU,-27.9800,119.2970,no,Australia/Perth
NDU,medium_airport,Rundu Airport,Rundu,NA,-17.9565,19.7194,yes,Africa/Windhoek
NDY,small_airport,Sanday Airport,Sanday,GB,59.2503,-2.5767,yes,Europe/London
NEC,medium_airport,Necochea Airport,Necochea,AR,-38.4907,-58.8163,yes,America/Argentina/Buenos_Aires
NEG,small_airport,Negril Airport,Negril,JM,18.3417,-78.3342,no,America/Jamaica
NEI,small_airport,Terney Airport,Terney,RU,45.0825,136.5912,no,Asia/Vladivostok
NEJ,small_airport,Nejjo Airport,Nejo,ET,9.5500,35.4670,no,Africa/Addis_Ababa
NEK,small_airport,Nekemte Airport,Nekemte,ET,9.0343,36.6132,no,Africa/Addis_Ababa
NEL,medium_airport,Lakehurst Maxfield Field Airport,Lakehurst,US,40.0333,-74.3533,no,America/New_York
NEN,small_airport,Whitehouse Naval Outlying Field,Jacksonville,US,30.3539,-81.8719,no,America/New_York
NER,medium_airport,Chulman Airport,Neryungri,RU,56.9139,124.9140,yes,Asia/Yakutsk
NEU,medium_airport,Sam Neua Airport,,LA,20.4184,104.0670,no,Asia/Vientiane
NEV,medium_airport,Vance W. Amory International Airport,Charlestown,KN,17.2057,-62.5899,yes,America/St_Kitts
NEW,medium_airport,Lakefront Airport,New Orleans,US,30.0424,-90.0283,no,America/Chicago
NFG,medium_airport,Nefteyugansk Airport,Nefteyugansk,RU,61.1083,72.6500,yes,Asia/Yekaterinburg
NFL,medium_airport,Fallon Naval Air Station,Fallon,US,39.4166,-118.7010,no,America/Los_Angeles
NFO,small_airport,Mata'aho Airport,"Angaha, Niuafo'ou Island",TO,-15.5706,-175.6313,no,Pacific/Tongatapu
NFR,small_airport,Nafurah 1 Airport,Nafurah 1,LY,29.2132,21.5924,no,Africa/Tripoli
NGA,medium_airport,Young Airport,,AU,-34.2556,148.2471,no,Australia/Sydney
NGB,large_airport,Ningbo Lishe International Airport,Ningbo,CN,29.8267,121.4620,yes,Asia/Shanghai
NGD,small_airport,Captain Auguste George Airport,Anegada,VG,18.7277,-64.3285,no,America/Tortola
NGE,medium_airport,N'Gaoundéré Airport,N'Gaoundéré,CM,7.3570,13.5592,yes,Africa/Douala
NGF,medium_airport,Kaneohe Bay MCAS (Marion E. Carl Field) Airport,Kaneohe,US,21.4505,-157.7680,no,Pacific/Honolulu
NGI,small_airport,Ngau Airport,Ngau,FJ,-18.1156,179.3400,yes,Pacific/Fiji
NGK,small_airport,Nogliki Airport,Nogliki,RU,51.7840,143.1418,yes,Asia/Sakhalin
NGL,small_airport,Ngala Airport,Ngala,ZA,-24.3890,31.3260,no,Africa/Johannesburg
NGO,large_airport,Chubu Centrair International Airport,Tokoname,JP,34.8584,136.8050,yes,Asia/Tokyo
NGP,medium_airport,Naval Air Station Corpus Christi Truax Field,Corpus Christi,US,27.6926,-97.2911,no,America/Chicago
NGQ,medium_airport,Ngari Gunsa Airport,Shiquanhe,CN,32.0979,80.0540,yes,Asia/Shanghai
NGS,large_airport,Nagasaki Airport,Nagasaki,JP,32.9169,129.9140,yes,Asia/Tokyo
NGU,medium_airport,Norfolk Naval Station (Chambers Field),Norfolk,US,36.9376,-76.2893,no,America/New_York
NGW,small_airport,Cabaniss Field Naval Outlying Landing Field,Corpus Christi,US,27.7044,-97.4406,no,America/Chicago
NGX,small_airport,Manang Airport,Ngawal,NP,28.6414,84.0892,no,Asia/Kathmandu
NHD,medium_airport,Al Minhad Air Base,Dubai,AE,25.0268,55.3662,no,Asia/Dubai
NHF,small_airport,New Halfa Airport,New Halfa,SD,15.3556,35.7278,no,Africa/Khartoum
NHK,medium_airport,Patuxent River Naval Air Station (Trapnell Field),Patuxent River,US,38.2860,-76.4118,no,America/New_York
NHT,medium_airport,RAF Northolt,"Northolt, Greater London",GB,51.5530,-0.4182,no,Europe/London
NHV,medium_airport,Nuku Hiva Airport,Nuku Hiva,PF,-8.7956,-140.2290,yes,Pacific/Marquesas
NHX,small_airport,Naval Outlying Field Barin,Foley,US,30.3891,-87.6353,no,America/Chicago
NHZ,medium_airport,Brunswick Executive Airport,Brunswick,US,43.8922,-69.9386,no,America/New_York
NIA,small_airport,Nimba Airport,Nimba,LR,7.4945,-8.5845,no,Africa/Monrovia
NIB,small_airport,Nikolai Airport,Nikolai,US,63.0179,-154.3604,yes,America/Anchorage
NIF,small_airport,Camp Nifty Airport,,AU,-21.6717,121.5870,no,Australia/Perth
NIG,small_airport,Nikunau Airport,Nikunau,KI,-1.3144,176.4100,no,Pacific/Tarawa
NIK,small_airport,Niokolo-Koba Airport,Niokolo-Koba National Park,SN,13.0520,-12.7272,no,Africa/Dakar
NIM,large_airport,Diori Hamani International Airport,Niamey,NE,13.4815,2.1836,yes,Africa/Niamey
NIN,small_airport,Ninilchik Airport,Ninilchik,US,60.0202,-151.5890,no,America/Anchorage
NIO,small_airport,Nioki Airport,Nioki,CD,-2.7175,17.6857,no,Africa/Kinshasa
NIP,medium_airport,Jacksonville Naval Air Station (Towers Field),Jacksonville,US,30.2358,-81.6806,no,America/New_York
NIR,small_airport,Chase Field Industrial Airport,Beeville,US,28.3624,-97.6619,no,America/Chicago
NIS,small_airport,Simberi Airport,Simberi Island,PG,-2.6622,151.9978,no,Pacific/Port_Moresby
NIT,medium_airport,Niort - Marais Poitevin Airport,Niort/Souché,FR,46.3135,-0.3945,no,Europe/Paris
NIU,small_airport,Naiu Airport,Naiu Atoll,PF,-16.1193,-146.3688,yes,Pacific/Tahiti
NIX,small_airport,Nioro du Sahel Airport,Nioro du Sahel,ML,15.2381,-9.5761,no,Africa/Bamako
NJA,medium_airport,JMSDF Atsugi Air Base / Naval Air Facility Atsugi,Ayase / Yamato,JP,35.4546,139.4500,no,Asia/Tokyo
NJC,large_airport,Nizhnevartovsk Airport,Nizhnevartovsk,RU,60.9493,76.4836,yes,Asia/Yekaterinburg
NJF,large_airport,Al Najaf International Airport,Najaf,IQ,31.9911,44.4050,yes,Asia/Baghdad
NJJ,small_airport,Nenjiang Melgen Airport,Heihe,CN,49.2364,125.3371,no,Asia/Shanghai
NJK,medium_airport,El Centro NAF Airport (Vraciu Field),El Centro,US,32.8292,-115.6720,no,America/Los_Angeles
NKA,small_airport,Nkan Airstrip,Ntoum,GA,0.3843,9.7536,no,Africa/Libreville
NKB,small_airport,Noonkanbah Airport,,AU,-18.4947,124.8520,no,Australia/Perth
NKC,large_airport,Nouakchott–Oumtounsy International Airport,Nouakchott,MR,18.3100,-15.9697,yes,Africa/Nouakchott
NKD,small_airport,Sinak Airport,Sinak,ID,-3.8222,137.8392,no,Asia/Jayapura
NKG,large_airport,Nanjing Lukou International Airport,Nanjing,CN,31.7350,118.8659,yes,Asia/Shanghai
NKL,small_airport,N'Kolo-Fuma Airport,N'Kolo-Fuma,CD,-5.4210,14.8169,no,Africa/Kinshasa
NKM,medium_airport,Nagoya Airport / JASDF Komaki Air Base,Nagoya,JP,35.2558,136.9241,yes,Asia/Tokyo
NKN,small_airport,Nankina Airport,Gwarawon,PG,-5.8370,146.4533,no,Pacific/Port_Moresby
NKO,small_airport,Ankokoambo Airport,Ankokoambo,MG,-16.5949,44.4537,no,Indian/Antananarivo
NKP,small_airport,Nukutepipi Airport,Nukutepipi,PF,-20.7001,-143.0459,no,Pacific/Tahiti
NKT,medium_airport,Şırnak Şerafettin Elçi Airport,Şırnak,TR,37.3647,42.0582,yes,Europe/Istanbul
NKU,small_airport,Nkaus Airport,Nkaus,LS,-30.0217,28.1969,no,Africa/Maseru
NKW,medium_airport,Naval Support Facility Diego Garcia,Diego Garcia,IO,-7.3133,72.4111,no,Indian/Chagos
NKX,medium_airport,Miramar Marine Corps Air Station - Mitscher Field,San Diego,US,32.8684,-117.1430,no,America/Los_Angeles
NKY,small_airport,Yokangassi Airport,Nkayi,CG,-4.2231,13.2863,no,Africa/Brazzaville
NLA,large_airport,Simon Mwansa Kapwepwe International Airport,Ndola,ZM,-12.9651,28.5156,yes,Africa/Lusaka
NLC,medium_airport,Lemoore Naval Air Station (Reeves Field) Airport,Lemoore,US,36.3330,-119.9520,no,America/Los_Angeles
NLD,medium_airport,Quetzalcóatl International Airport,Nuevo Laredo,MX,27.4439,-99.5705,yes,America/Matamoros
NLE,small_airport,Jerry Tyler Memorial Airport,Niles,US,41.8359,-86.2252,no,America/Detroit
NLF,small_airport,Darnley Island Airport,Darnley Island,AU,-9.5792,143.7803,yes,Australia/Brisbane
NLG,small_airport,Nelson Lagoon Airport,Nelson Lagoon,US,56.0075,-161.1600,yes,America/Anchorage
NLH,medium_airport,Ninglang Luguhu Airport,Ninglang,CN,27.5403,100.7593,yes,Asia/Shanghai
NLI,medium_airport,Nikolayevsk-na-Amure Airport,Nikolayevsk-na-Amure Airport,RU,53.1550,140.6500,yes,Asia/Vladivostok
NLK,medium_airport,Norfolk Island International Airport,Burnt Pine,NF,-29.0418,167.9395,yes,Pacific/Norfolk
NLL,small_airport,Nullagine Airport,,AU,-21.9133,120.1980,no,Australia/Perth
NLN,small_airport,Kneeland Airport,Kneeland,US,40.7186,-123.9273,no,America/Los_Angeles
NLO,medium_airport,Ndolo Airport,N'dolo,CD,-4.3267,15.3275,no,Africa/Kinshasa
NLP,small_airport,Nelspruit Airport,Nelspruit,ZA,-25.5000,30.9138,no,Africa/Johannesburg
NLS,small_airport,Nicholson Airport,,AU,-18.0500,128.9000,no,Australia/Perth
NLT,medium_airport,Xinyuan Nalati Airport,Xinyuan,CN,43.4318,83.3786,yes,Asia/Shanghai
NLU,large_airport,Felipe Ángeles International Airport,Mexico City,MX,19.7438,-99.0151,yes,America/Mexico_City
NMA,large_airport,Namangan International Airport,Namangan,UZ,40.9846,71.5578,yes,Asia/Tashkent
NMB,medium_airport,Daman Airport,Daman,IN,20.4344,72.8432,no,Asia/Kolkata
NMC,medium_airport,Normans Cay Airport,Normans Cay,BS,24.5943,-76.8202,no,America/Nassau
NME,small_airport,Nightmute Airport,Nightmute,US,60.4691,-164.7041,yes,America/Nome
NMF,medium_airport,Maafaru International Airport,Noonu Atoll,MV,5.8174,73.4684,yes,Indian/Maldives
NMG,small_airport,San Miguel Airport,Isla del Rey,PA,8.4565,-78.9342,no,America/Panama
NMI,large_airport,Navi Mumbai International Airport,Navi Mumbai,IN,18.9846,73.0653,yes,Asia/Kolkata
NML,small_airport,Fort McMurray / Mildred Lake Airport,Fort McMurray,CA,57.0556,-111.5740,no,America/Edmonton
NMN,small_airport,Nomane Airport,Namane,PG,-6.3218,145.0707,no,Pacific/Port_Moresby
NMP,small_airport,New Moon Airport,Basalt,AU,-19.2000,145.7730,no,Australia/Brisbane
NMR,small_airport,Nappa Merrie Airport,,AU,-27.5492,141.1584,no,Australia/Brisbane
NMS,medium_airport,Namsang Airport,Namsang,MM,20.8905,97.7359,no,Asia/Yangon
NMT,small_airport,Namtu Airport,Namtu,MM,23.0830,97.3830,no,Asia/Yangon
NNA,medium_airport,Kenitra Air Base,Kenitra,MA,34.2989,-6.5959,no,Africa/Casablanca
NNB,small_airport,Santa Ana Airport,Santa Ana Island,SB,-10.8480,162.4541,yes,Pacific/Guadalcanal
NND,small_airport,Nangade Airport,Nangade,MZ,-11.0730,39.6800,no,Africa/Maputo
NNG,large_airport,Nanning Wuxu International Airport,Nanning (Jiangnan),CN,22.5981,108.1819,yes,Asia/Shanghai
NNI,small_airport,Namutoni Airport,Namutoni,NA,-18.8064,16.9272,no,Africa/Windhoek
NNK,small_airport,Naknek Airport,Naknek,US,58.7356,-157.0222,no,America/Anchorage
NNL,small_airport,Nondalton Airport,Nondalton,US,59.9802,-154.8390,no,America/Anchorage
NNM,medium_airport,Naryan Mar Airport,Naryan Mar,RU,67.6400,53.1219,yes,Europe/Moscow
NNR,small_airport,Connemara Regional Airport,Inverin,IE,53.2303,-9.4678,yes,Europe/Dublin
NNT,medium_airport,Nan Airport,,TH,18.8079,100.7830,yes,Asia/Bangkok
NNU,small_airport,Nanuque Airport,Nanuque,BR,-17.8232,-40.3297,no,America/Sao_Paulo
NNX,small_airport,Nunukan Airport,Nunukan-Nunukan Island,ID,4.1340,117.6695,no,Asia/Makassar
NNY,small_airport,Nanyang Jiangying Airport,Nanyang (Wancheng),CN,32.9827,112.6175,yes,Asia/Shanghai
NOA,medium_airport,Naval Air Station Nowra - HMAS Albatross,Nowra Hill,AU,-34.9466,150.5425,no,Australia/Sydney
NOB,medium_airport,Nosara Airport,Nicoya,CR,9.9765,-85.6530,yes,America/Costa_Rica
NOC,large_airport,Ireland West Airport Knock,Charlestown,IE,53.9104,-8.8170,yes,Europe/Dublin
NOD,small_airport,Norden-Norddeich Airport,Norddeich,DE,53.6331,7.1903,yes,Europe/Berlin
NOG,medium_airport,Nogales International Airport,Nogales,MX,31.2258,-110.9769,no,America/Hermosillo
NOI,medium_airport,Krymsk Air Base,Krymsk,RU,44.9629,37.9991,no,Europe/Moscow
NOJ,medium_airport,Noyabrsk Airport,Noyabrsk,RU,63.1833,75.2700,yes,Asia/Yekaterinburg
NOK,small_airport,Xavantina Airport,Nova Xavantina,BR,-14.6978,-52.3472,no,America/Cuiaba
NOM,small_airport,Nomad River Airport,Nomad River,PG,-6.2940,142.2342,no,Pacific/Port_Moresby
NON,small_airport,Nonouti Airport,Nonouti,KI,-0.6397,174.4280,no,Pacific/Tarawa
NOO,small_airport,Naoro Airport,Naoro Vilage,PG,-9.2545,147.6214,no,Pacific/Port_Moresby
NOP,medium_airport,Sinop Airport,Sinop,TR,42.0183,35.0718,yes,Europe/Istanbul
NOR,small_airport,Norðfjörður Airport,Norðfjörður,IS,65.1319,-13.7464,no,Atlantic/Reykjavik
NOS,large_airport,Nosy Be International Airport,Nosy Be,MG,-13.3121,48.3148,yes,Indian/Antananarivo
NOT,small_airport,Marin County Airport - Gnoss Field,Novato,US,38.1436,-122.5560,no,America/Los_Angeles
NOU,large_airport,La Tontouta International Airport,Nouméa (La Tontouta),NC,-22.0146,166.2130,yes,Pacific/Noumea
NOV,medium_airport,Albano Machado Airport,Huambo,AO,-12.8089,15.7605,yes,Africa/Luanda
NOZ,medium_airport,Spichenkovo Airport,Novokuznetsk,RU,53.8114,86.8772,yes,Asia/Novokuznetsk
NPA,medium_airport,Naval Air Station Pensacola Forrest Sherman Field,Pensacola,US,30.3527,-87.3186,no,America/Chicago
NPE,medium_airport,Hawke's Bay Airport,Napier,NZ,-39.4658,176.8700,yes,Pacific/Auckland
NPG,small_airport,Nipa Airport,Nipa,PG,-6.1454,143.4531,no,Pacific/Port_Moresby
NPH,small_airport,J. Randy McKnight Nephi Municipal Airport,Nephi,US,39.7368,-111.8701,no,America/Denver
NPL,medium_airport,New Plymouth Airport,New Plymouth,NZ,-39.0086,174.1790,yes,Pacific/Auckland
NPO,medium_airport,Nanga Pinoh Airport,Nanga Pinoh-Borneo Island,ID,-0.3486,111.7462,yes,Asia/Pontianak
NPP,small_airport,Napperby Airport,Napperby,AU,-22.5312,132.7632,no,Australia/Darwin
NPR,small_airport,Novo Progresso Airport,Novo Progresso,BR,-7.1258,-55.4008,no,America/Santarem
NPT,medium_airport,Newport State Airport,Newport,US,41.5322,-71.2810,yes,America/New_York
NPU,small_airport,San Pedro Airport,San Pedro de Urabá,CO,8.2893,-76.3750,no,America/Bogota
NPY,small_airport,Mpanda Airport,Mpanda,TZ,-6.3554,31.0841,no,Africa/Dar_es_Salaam
NQA,medium_airport,Millington-Memphis Airport,Millington,US,35.3567,-89.8703,no,America/Chicago
NQI,medium_airport,Kingsville Naval Air Station,Kingsville,US,27.5072,-97.8097,no,America/Chicago
NQL,small_airport,Niquelândia Airport,Niquelândia,BR,-14.4349,-48.4916,no,America/Sao_Paulo
NQN,large_airport,Presidente Perón International Airport,Neuquén,AR,-38.9490,-68.1557,yes,America/Argentina/Salta
NQT,medium_airport,Nottingham City Airport,"Nottingham, Nottinghamshire",GB,52.9200,-1.0792,no,Europe/London
NQU,small_airport,Reyes Murillo Airport,Nuquí,CO,5.7103,-77.2619,yes,America/Bogota
NQX,medium_airport,Naval Air Station Key West/Boca Chica Field,Key West,US,24.5758,-81.6889,no,America/New_York
NQY,medium_airport,Cornwall Airport Newquay,Newquay,GB,50.4406,-4.9954,yes,Europe/London
NQZ,large_airport,Nursultan Nazarbayev International Airport,Astana,KZ,51.0270,71.4671,yes,Asia/Almaty
NRA,medium_airport,Narrandera Airport,Narrandera,AU,-34.7022,146.5120,yes,Australia/Sydney
NRB,medium_airport,Naval Station Mayport / Admiral David L McDonald Field,Jacksonville,US,30.3911,-81.4247,no,America/New_York
NRD,small_airport,Norderney Airport,Norderney,DE,53.7069,7.2300,yes,Europe/Berlin
NRE,small_airport,Namrole Airport,Namrole,ID,-3.8552,126.7009,no,Asia/Jayapura
NRG,small_airport,Narrogin Airport,Narrogin,AU,-32.9300,117.0800,no,Australia/Perth
NRI,small_airport,Grand Lake Regional Airport,Afton,US,36.5776,-94.8619,no,America/Chicago
NRK,medium_airport,Norrköping Airport,Norrköping,SE,58.5863,16.2506,yes,Europe/Stockholm
NRL,small_airport,North Ronaldsay Airport,North Ronaldsay,GB,59.3675,-2.4344,yes,Europe/London
NRM,small_airport,Nara Airport,Keibane,ML,15.2291,-7.2620,no,Africa/Bamako
NRN,large_airport,Weeze (Niederrhein) Airport,Weeze,DE,51.6014,6.1412,yes,Europe/Berlin
NRR,medium_airport,José Aponte de la Torre Airport,Ceiba,PR,18.2473,-65.6398,yes,America/Puerto_Rico
NRS,small_airport,Naval Outlying Field Imperial Beach (Ream Field),Imperial Beach,US,32.5667,-117.1170,no,America/Los_Angeles
NRT,large_airport,Narita International Airport,Narita,JP,35.7686,140.3887,yes,Asia/Tokyo
NRY,small_airport,Newry Airport,Newry,AU,-16.0442,129.2638,no,Australia/Darwin
NSE,medium_airport,Whiting Field Naval Air Station - North,Milton,US,30.7242,-87.0219,no,America/Chicago
NSH,medium_airport,Nowshahr Airport,Nowshahr,IR,36.6643,51.4627,yes,Asia/Tehran
NSI,large_airport,Yaoundé Nsimalen International Airport,Yaoundé,CM,3.7226,11.5533,yes,Africa/Douala
NSK,large_airport,Alykel International Airport,Norilsk,RU,69.3080,87.3259,yes,Asia/Krasnoyarsk
NSL,small_airport,Slayton Municipal Airport,Slayton,US,43.9868,-95.7826,no,America/Chicago
NSM,small_airport,Norseman Aerodrome,Norseman,AU,-32.2030,121.7581,no,Australia/Perth
NSN,medium_airport,Nelson Airport,Nelson,NZ,-41.2983,173.2210,yes,Pacific/Auckland
NSO,small_airport,Scone Airport,,AU,-32.0380,150.8320,no,Australia/Sydney
NSR,small_airport,Serra da Capivara Airport,São Raimundo Nonato,BR,-9.0834,-42.6447,no,America/Fortaleza
NST,medium_airport,Nakhon Si Thammarat Airport,Nakhon Si Thammarat,TH,8.5396,99.9447,yes,Asia/Bangkok
NSV,small_airport,Noosa Airport,,AU,-26.4232,153.0649,no,Australia/Brisbane
NTB,medium_airport,Notodden Airport,Notodden,NO,59.5651,9.2132,no,Europe/Oslo
NTC,small_airport,Paradise Island Airport,Santa Carolina,MZ,-21.6150,35.3380,no,Africa/Maputo
NTD,medium_airport,Point Mugu Naval Air Station (Naval Base Ventura Co),Point Mugu,US,34.1203,-119.1210,no,America/Los_Angeles
NTE,medium_airport,Nantes Atlantique Airport,Nantes,FR,47.1532,-1.6107,yes,Europe/Paris
NTG,medium_airport,Nantong Xingdong International Airport,Nantong (Tongzhou),CN,32.0736,120.9801,yes,Asia/Shanghai
NTI,small_airport,Stenkol Airport,Bintuni,ID,-2.1026,133.5160,no,Asia/Jayapura
NTJ,small_airport,Manti-Ephraim Airport,Manti,US,39.3291,-111.6150,no,America/Denver
NTL,large_airport,Newcastle Airport,Williamtown,AU,-32.7961,151.8350,yes,Australia/Sydney
NTN,medium_airport,Normanton Airport,Normanton,AU,-17.6841,141.0697,yes,Australia/Brisbane
NTO,small_airport,Agostinho Neto Airport,Ponta do Sol,CV,17.2028,-25.0906,no,Atlantic/Cape_Verde
NTQ,medium_airport,Noto Satoyama Airport,Wajima,JP,37.2931,136.9620,yes,Asia/Tokyo
NTR,medium_airport,Del Norte International Airport,Monterrey,MX,25.8656,-100.2370,no,America/Monterrey
NTT,small_airport,Kuini Lavenia Airport,Niuatoputapu,TO,-15.9773,-173.7911,yes,Pacific/Tongatapu
NTU,medium_airport,Oceana Naval Air Station,Virginia Beach,US,36.8207,-76.0335,no,America/New_York
NTX,medium_airport,Ranai Airport,Ranai-Natuna Besar Island,ID,3.9087,108.3880,yes,Asia/Jakarta
NTY,medium_airport,Pilanesberg International Airport,Pilanesberg,ZA,-25.3338,27.1734,no,Africa/Johannesburg
NUB,small_airport,Numbulwar Airport,,AU,-14.2717,135.7170,no,Australia/Darwin
NUD,small_airport,En Nahud Airport,En Nahud,SD,12.7355,28.4108,no,Africa/Khartoum
NUE,large_airport,Nuremberg Airport,Nuremberg,DE,49.4987,11.0781,yes,Europe/Berlin
NUG,small_airport,Nuguria Airstrip,Nuguria Island,PG,-3.4075,154.7383,no,Pacific/Bougainville
NUH,small_airport,Nunchia Airport,Nunchia,CO,5.6500,-72.2000,no,America/Bogota
NUI,medium_airport,Nuiqsut Airport,Nuiqsut,US,70.2100,-151.0060,yes,America/Anchorage
NUJ,medium_airport,Nojeh Air Base,Amirabad,IR,35.2116,48.6534,no,Asia/Tehran
NUK,small_airport,Nukutavake Airport,Nukutavake,PF,-19.2846,-138.7684,no,Pacific/Tahiti
NUL,small_airport,Nulato Airport,Nulato,US,64.7293,-158.0740,yes,America/Anchorage
NUM,large_airport,Neom Bay Airport,Sharma,SA,27.9243,35.2936,yes,Asia/Riyadh
NUP,small_airport,Nunapitchuk Airport,Nunapitchuk,US,60.9056,-162.4405,yes,America/Nome
NUQ,medium_airport,Moffett Federal Airfield,Mountain View,US,37.4161,-122.0490,no,America/Los_Angeles
NUR,small_airport,Nullabor Motel Airport,,AU,-31.4417,130.9020,no,Australia/Adelaide
NUS,small_airport,Norsup Airport,Norsup,VU,-16.0797,167.4010,yes,Pacific/Efate
NUU,medium_airport,Nakuru Lanet Airport,Nakuru,KE,-0.2984,36.1592,no,Africa/Nairobi
NUW,medium_airport,Whidbey Island Naval Air Station (Ault Field),Oak Harbor,US,48.3518,-122.6560,no,America/Los_Angeles
NUX,medium_airport,Novy Urengoy Airport,Novy Urengoy,RU,66.0694,76.5203,yes,Asia/Yekaterinburg
NVA,medium_airport,Benito Salas Airport,Neiva,CO,2.9501,-75.2940,yes,America/Bogota
NVD,small_airport,Nevada Municipal Airport,Nevada,US,37.8521,-94.3049,no,America/Chicago
NVI,medium_airport,Navoi International Airport,Navoi,UZ,40.1176,65.1727,yes,Asia/Samarkand
NVM,small_airport,Brigadeiro Eduardo Gomes Airport,Nova Mutum,BR,-13.8210,-56.0386,no,America/Cuiaba
NVN,small_airport,Nervino Airport,Beckwourth,US,39.8185,-120.3530,no,America/Los_Angeles
NVP,small_airport,Novo Aripuanã Airport,Novo Aripuanã,BR,-5.1180,-60.3649,no,America/Manaus
NVS,medium_airport,Nevers-Fourchambault Airport,"Marzy, Nièvre",FR,47.0029,3.1131,no,Europe/Paris
NVT,large_airport,Ministro Victor Konder International Airport,Navegantes,BR,-26.8794,-48.6510,yes,America/Sao_Paulo
NVY,small_airport,Neyveli Airport,Neyveli,IN,11.6130,79.5274,no,Asia/Kolkata
NWA,medium_airport,Mohéli Bandar Es Eslam Airport,Fomboni,KM,-12.2981,43.7665,no,Indian/Comoro
NWH,small_airport,Parlin Field,Newport,US,43.3881,-72.1893,no,America/New_York
NWI,medium_airport,Norwich Airport,"Norwich, Norfolk",GB,52.6758,1.2828,yes,Europe/London
NWT,small_airport,Nowata Airport,Nowata,PG,-9.9842,149.7292,no,Pacific/Port_Moresby
NYA,medium_airport,Nyagan Airport,Nyagan,RU,62.1100,65.6150,yes,Asia/Yekaterinburg
NYE,small_airport,Nyeri Airport,Nyeri,KE,-0.3644,36.9785,no,Africa/Nairobi
NYG,medium_airport,Quantico Marine Corps Airfield / Turner Field,Quantico,US,38.5017,-77.3053,no,America/New_York
NYI,medium_airport,Sunyani Airport,Sunyani,GH,7.3618,-2.3288,yes,Africa/Accra
NYK,medium_airport,Nanyuki Civil Airport,Gathiuru,KE,-0.0624,37.0413,yes,Africa/Nairobi
NYM,medium_airport,Nadym Airport,Nadym,RU,65.4809,72.6989,yes,Asia/Yekaterinburg
NYN,small_airport,Nyngan Airport,,AU,-31.5506,147.2030,no,Australia/Sydney
NYO,large_airport,Stockholm Skavsta Airport,Nyköping,SE,58.7897,16.9115,yes,Europe/Stockholm
NYR,small_airport,Nyurba Airport,Nyurba,RU,63.2967,118.3420,no,Asia/Yakutsk
NYT,large_airport,Nay Pyi Taw International Airport,Naypyitaw,MM,19.6235,96.2010,yes,Asia/Yangon
NYU,small_airport,Bagan Airport,Nyaung U,MM,21.1788,94.9302,yes,Asia/Yangon
NYW,small_airport,Monywar Airport,Monywar,MM,22.2216,95.0935,no,Asia/Yangon
NZA,small_airport,Nzagi Airport,Nzagi,AO,-7.7169,21.3582,no,Africa/Luanda
NZC,medium_airport,Maria Reiche Neuman Airport,Nazca,PE,-14.8540,-74.9615,yes,America/Lima
NZE,small_airport,Nzérékoré Airport,Nzérékoré,GN,7.8104,-8.7021,no,Africa/Conakry
NZG,small_airport,Nizhneangarsk International Airport,Nizhneangarsk,RU,55.8008,109.5950,yes,Asia/Irkutsk
NZH,medium_airport,Manzhouli Xijiao Airport,Manzhouli,CN,49.5667,117.3300,yes,Asia/Shanghai
NZL,medium_airport,Zhalantun Genghis Khan Airport,Zhalantun,CN,47.8659,122.7687,yes,Asia/Shanghai
NZY,medium_airport,North Island Naval Air Station-Halsey Field,San Diego,US,32.6992,-117.2150,no,America/Los_Angeles
OAA,small_airport,Shank Air Base,Baraki Barak,AF,33.9222,69.0779,no,Asia/Kabul
OAG,medium_airport,Orange Airport,Orange,AU,-33.3820,149.1313,no,Australia/Sydney
OAH,small_airport,Shindand Air Base,Shindand,AF,33.3913,62.2610,no,Asia/Kabul
OAI,medium_airport,Bagram Airfield,Bagram,AF,34.9461,69.2650,no,Asia/Kabul
OAJ,medium_airport,Albert J Ellis Airport,Richlands,US,34.8292,-77.6121,yes,America/New_York
OAK,large_airport,Oakland San Francisco Bay Airport,Oakland,US,37.7201,-122.2212,yes,America/Los_Angeles
OAL,small_airport,Cacoal Airport,Cacoal,BR,-11.4960,-61.4508,yes,America/Porto_Velho
OAM,medium_airport,Oamaru Airport,,NZ,-44.9700,171.0820,no,Pacific/Auckland
OAN,small_airport,El Arrayán Airport,Olanchito,HN,15.5056,-86.5747,no,America/Tegucigalpa
OAR,small_airport,Marina Municipal Airport,Marina,US,36.6819,-121.7620,no,America/Los_Angeles
OAS,small_airport,Sharana Airstrip,Sharana,AF,33.1257,68.8385,no,Asia/Kabul
OAX,large_airport,Xoxocotlán International Airport,Oaxaca,MX,16.9988,-96.7261,yes,America/Mexico_City
OAZ,small_airport,Camp Shorabak Airfield,Lashkar Gah,AF,31.8487,64.2232,no,Asia/Kabul
OBA,small_airport,Oban Airport,Oban,AU,-21.2348,139.0332,no,Australia/Brisbane
OBC,small_airport,Obock Airport,Obock,DJ,11.9670,43.2670,no,Africa/Djibouti
OBD,small_airport,Obano Airport,Obano,ID,-3.9106,136.2306,no,Asia/Jayapura
OBE,small_airport,Okeechobee County Airport,Okeechobee,US,27.2628,-80.8498,no,America/New_York
OBF,medium_airport,Oberpfaffenhofen Airport,Weßling,DE,48.0814,11.2831,no,Europe/Berlin
OBI,small_airport,Óbidos Municipal Airport,Óbidos,BR,-1.8680,-55.5146,no,America/Santarem
OBL,small_airport,Oostmalle Airfield,Zoersel,BE,51.2691,4.7624,no,Europe/Brussels
OBM,small_airport,Morobe Airport,Morobe,PG,-7.7400,147.5900,no,Pacific/Port_Moresby
OBN,small_airport,Oban Airport,North Connel,GB,56.4635,-5.3997,yes,Europe/London
OBO,medium_airport,Tokachi-Obihiro Airport,Obihiro,JP,42.7333,143.2170,yes,Asia/Tokyo
OBS,medium_airport,Aubenas-South Ardèche Airport,"Lanas, Ardèche",FR,44.5444,4.3722,no,Europe/Paris
OBU,small_airport,Kobuk Airport,Kobuk,US,66.9123,-156.8970,yes,America/Anchorage
OBX,small_airport,Obo Airport,Obo,PG,-7.5906,141.3243,yes,Pacific/Port_Moresby
OCA,medium_airport,Ocean Reef Club Airport,Key Largo,US,25.3254,-80.2748,no,America/New_York
OCC,medium_airport,Francisco De Orellana Airport,Coca,EC,-0.4629,-76.9868,yes,America/Guayaquil
OCE,medium_airport,Ocean City Municipal Airport,Ocean City,US,38.3104,-75.1240,yes,America/New_York
OCF,small_airport,Ocala International Airport - Jim Taylor Field,Ocala,US,29.1726,-82.2242,no,America/New_York
OCH,small_airport,A L Mangham Jr. Regional Airport,Nacogdoches,US,31.5780,-94.7095,no,America/Chicago
OCJ,medium_airport,Ian Fleming International Airport,Boscobel,JM,18.4041,-76.9698,yes,America/Jamaica
OCM,small_airport,Boolgeeda,,AU,-22.5411,117.2694,no,Australia/Perth
OCN,medium_airport,Oceanside Municipal Airport,Oceanside,US,33.2179,-117.3517,no,America/Los_Angeles
OCS,large_airport,Corisco International Airport,Corisco Island,GQ,0.9109,9.3303,yes,Africa/Malabo
OCV,medium_airport,Aguas Claras Airport,Ocaña,CO,8.3151,-73.3583,no,America/Bogota
OCW,small_airport,Warren Field,Washington,US,35.5705,-77.0498,no,America/New_York
ODA,small_airport,Ouadda Airport,Ouadda,CF,8.0106,22.3986,no,Africa/Bangui
ODB,medium_airport,Córdoba Airport,Córdoba,ES,37.8420,-4.8489,yes,Europe/Madrid
ODC,small_airport,Oakdale Airport,Oakdale,US,37.7563,-120.8000,no,America/Los_Angeles
ODD,small_airport,Oodnadatta Airport,,AU,-27.5625,135.4429,no,Australia/Adelaide
ODE,large_airport,Odense Hans Christian Andersen Airport,Odense,DK,55.4753,10.3272,yes,Europe/Copenhagen
ODH,medium_airport,RAF Odiham,"Hook, Hampshire",GB,51.2341,-0.9428,no,Europe/London
ODJ,small_airport,Ouanda Djallé Airport,Ouanda Djallé,CF,8.9000,22.7830,no,Africa/Bangui
ODL,small_airport,Cordillo Downs Airport,Cordillo Downs,AU,-26.7453,140.6380,no,Australia/Adelaide
ODM,small_airport,Garrett County Airport,Accident,US,39.5808,-79.3357,no,America/New_York
ODN,small_airport,Long Seridan Airport,Long Seridan,MY,3.9761,115.0673,yes,Asia/Kuching
ODO,small_airport,Bodaybo Airport,Bodaybo,RU,57.8661,114.2430,yes,Asia/Irkutsk
ODR,small_airport,Ord River Airport,Ord River,AU,-17.3408,128.9120,no,Australia/Perth
ODS,large_airport,Odesa International Airport,Odesa,UA,46.4272,30.6726,no,Europe/Kyiv
ODT,small_airport,Odessa Schlemeyer Field,Odessa,US,31.9206,-102.3870,no,America/Chicago
ODW,small_airport,AJ Eisenberg Airport,Oak Harbor,US,48.2515,-122.6740,no,America/Los_Angeles
ODY,small_airport,Oudomsay Airport,Oudomsay,LA,20.6827,101.9940,yes,Asia/Vientiane
OEA,small_airport,O'Neal Airport,Lawrenceville,US,38.6852,-87.5431,no,America/Chicago
OEC,large_airport,Oecusse Route of the Sandalwood International Airport,Oecussi-Ambeno,TL,-9.1984,124.3379,yes,Asia/Dili
OEM,small_airport,Vincent Fayks Airport,Paloemeu,SR,3.3461,-55.4437,no,America/Paramaribo
OEO,small_airport,L O Simenstad Municipal Airport,Osceola,US,45.3100,-92.6919,no,America/Chicago
OER,medium_airport,Örnsköldsvik Airport,Örnsköldsvik,SE,63.4083,18.9900,yes,Europe/Stockholm
OES,small_airport,Antoine de Saint Exupéry Airport,San Antonio Oeste,AR,-40.7512,-65.0343,yes,America/Argentina/Salta
OFF,medium_airport,Offutt Air Force Base,Omaha,US,41.1193,-95.9085,no,America/Chicago
OFI,small_airport,Ouango Fitini Airport,Ouango Fitini,CI,9.6000,-4.0500,no,Africa/Abidjan
OFK,medium_airport,Karl Stefan Memorial Airport,Norfolk,US,41.9855,-97.4351,no,America/Chicago
OFU,small_airport,Ofu Airport,Ofu,AS,-14.1844,-169.6700,yes,Pacific/Pago_Pago
OGA,small_airport,Ogallala Municipal Airport Searle Field,Ogallala,US,41.1195,-101.7700,no,America/Denver
OGB,medium_airport,Orangeburg Municipal Airport,Orangeburg,US,33.4568,-80.8595,no,America/New_York
OGD,medium_airport,Ogden Hinckley Airport,Ogden,US,41.1959,-112.0120,yes,America/Denver
OGE,small_airport,Ogeranang Airport,,PG,-6.4668,147.3642,no,Pacific/Port_Moresby
OGG,large_airport,Kahului International Airport,Kahului,US,20.8963,-156.4318,yes,Pacific/Honolulu
OGL,medium_airport,Eugene F. Correia International Airport,Ogle,GY,6.8059,-58.1077,yes,America/Guyana
OGM,small_airport,Ogobsucum Airport,Ustupu,PA,9.1383,-77.9339,no,America/Panama
OGN,medium_airport,Yonaguni Airport,Yonaguni,JP,24.4673,122.9798,yes,Asia/Tokyo
OGO,small_airport,Abengourou Airport,Abengourou,CI,6.7156,-3.4703,no,Africa/Abidjan
OGR,small_airport,Bongor Airport,Bongor,TD,10.2883,15.3796,no,Africa/Ndjamena
OGS,medium_airport,Ogdensburg International Airport,Ogdensburg,US,44.6819,-75.4655,yes,America/New_York
OGU,medium_airport,Ordu–Giresun Airport,Ordu,TR,40.9669,38.0860,yes,Europe/Istanbul
OGX,medium_airport,Ain Beida Airport,Ouargla,DZ,31.9172,5.4128,yes,Africa/Algiers
OGZ,medium_airport,Vladikavkaz Beslan International Airport,Beslan,RU,43.2051,44.6066,yes,Europe/Moscow
OHA,medium_airport,RNZAF Base Ohakea,,NZ,-40.2060,175.3880,no,Pacific/Auckland
OHB,small_airport,Ambohibary Airport,Moramanga,MG,-18.9175,48.2182,no,Indian/Antananarivo
OHD,large_airport,Ohrid St. Paul the Apostle Airport,Ohrid,MK,41.1800,20.7423,yes,Europe/Skopje
OHE,medium_airport,Mohe Gulian Airport,Mohe,CN,52.9169,122.4228,yes,Asia/Shanghai
OHH,small_airport,Okha Airport,Okha,RU,53.5164,142.8814,no,Asia/Sakhalin
OHI,small_airport,Oshakati Airport,Oshakati,NA,-17.7970,15.6993,no,Africa/Windhoek
OHO,medium_airport,Okhotsk Airport,Okhotsk,RU,59.4101,143.0565,yes,Asia/Vladivostok
OHR,small_airport,Wyk auf Föhr Airport,Wyk auf Föhr,DE,54.6844,8.5283,no,Europe/Berlin
OHS,large_airport,Suhar International Airport,Suhar,OM,24.3860,56.6254,yes,Asia/Muscat
OHT,small_airport,Kohat Airport,Kohat,PK,33.5700,71.4400,no,Asia/Karachi
OIA,small_airport,Ourilândia do Norte Airport,Ourilândia do Norte,BR,-6.7630,-51.0499,no,America/Belem
OIC,small_airport,Lt Warren Eaton Airport,Norwich,US,42.5666,-75.5241,no,America/New_York
OIM,medium_airport,Oshima Airport,Izu Oshima,JP,34.7820,139.3600,yes,Asia/Tokyo
OIR,medium_airport,Okushiri Airport,Okushiri Island,JP,42.0717,139.4330,yes,Asia/Tokyo
OIT,medium_airport,Oita Airport,Oita,JP,33.4794,131.7370,yes,Asia/Tokyo
OJC,small_airport,Johnson County Executive Airport,Olathe,US,38.8476,-94.7376,no,America/Chicago
OJU,small_airport,Tanjung Api Airport,Tojo Una-Una,ID,-0.8654,121.6286,yes,Asia/Makassar
OKA,large_airport,Naha International Airport,Naha,JP,26.1924,127.6398,yes,Asia/Tokyo
OKB,small_airport,Orchid Beach Airport,Orchid Beach,AU,-24.9594,153.3150,no,Australia/Brisbane
OKC,large_airport,OKC Will Rogers World Airport,Oklahoma City,US,35.3934,-97.5982,yes,America/Chicago
OKD,medium_airport,Sapporo Okadama Airport,Sapporo,JP,43.1174,141.3813,yes,Asia/Tokyo
OKE,medium_airport,Okinoerabu Airport,Wadomari,JP,27.4316,128.7056,yes,Asia/Tokyo
OKF,small_airport,Okaukuejo Airport,Okaukuejo,NA,-19.1492,15.9119,no,Africa/Windhoek
OKG,small_airport,Okoyo Airport,Okoyo,CG,-1.4483,15.0733,no,Africa/Brazzaville
OKI,medium_airport,Oki Global Geopark Airport,Okinoshima,JP,36.1784,133.3236,yes,Asia/Tokyo
OKJ,large_airport,Okayama Momotaro Airport,Okayama,JP,34.7569,133.8550,yes,Asia/Tokyo
OKK,small_airport,Kokomo Municipal Airport,Kokomo,US,40.5282,-86.0590,no,America/Indiana/Indianapolis
OKL,medium_airport,Oksibil Airport,Oksibil,ID,-4.9071,140.6277,yes,Asia/Jayapura
OKM,small_airport,Okmulgee Regional Airport,Okmulgee,US,35.6681,-95.9487,no,America/Chicago
OKN,medium_airport,Okondja Airport,Okondja,GA,-0.6652,13.6731,no,Africa/Libreville
OKO,medium_airport,Yokota Air Base,Fussa,JP,35.7485,139.3480,no,Asia/Tokyo
OKP,small_airport,Oksapmin Airport,Oksapmin,PG,-5.2261,142.2259,no,Pacific/Port_Moresby
OKQ,small_airport,Okaba Airport,Okaba,ID,-8.0946,139.7233,no,Asia/Jayapura
OKR,small_airport,Yorke Island Airport,Yorke Island,AU,-9.7528,143.4057,yes,Australia/Brisbane
OKS,small_airport,Garden County Airport/King Rhiley Field,Oshkosh,US,41.4010,-102.3550,no,America/Denver
OKT,small_airport,Oktyabrskiy Airport,Kzyl-Yar,RU,54.4400,53.3883,no,Europe/Moscow
OKU,small_airport,Mokuti Lodge Airport,Mokuti Lodge,NA,-18.8128,17.0594,no,Africa/Windhoek
OKV,small_airport,Okao Airport,Okao,PG,-5.5567,141.0328,no,Pacific/Port_Moresby
OKY,medium_airport,Oakey Army Aviation Centre,,AU,-27.4093,151.7367,yes,Australia/Brisbane
OLA,medium_airport,Ørland Airport,Ørland,NO,63.6989,9.6040,yes,Europe/Oslo
OLB,large_airport,Olbia Costa Smeralda Airport,Olbia (SS),IT,40.8990,9.5185,yes,Europe/Rome
OLC,small_airport,Senadora Eunice Micheles Airport,São Paulo De Olivença,BR,-3.4691,-68.9211,no,America/Manaus
OLD,small_airport,Dewitt Field - Old Town Municipal Airport,Old Town,US,44.9528,-68.6743,no,America/New_York
OLE,small_airport,Cattaraugus County-Olean Airport,Olean,US,42.2412,-78.3714,no,America/New_York
OLF,medium_airport,L M Clayton Airport,Wolf Point,US,48.0945,-105.5750,yes,America/Denver
OLG,small_airport,Olare Orok Airfield,Mara,KE,-1.3242,35.2461,no,Africa/Nairobi
OLH,small_airport,Old Harbor Airport,Old Harbor,US,57.2181,-153.2700,yes,America/Anchorage
OLI,small_airport,Rif Airport,Rif,IS,64.9114,-23.8182,no,Atlantic/Reykjavik
OLJ,small_airport,North West Santo Airport,Olpoi,VU,-14.8817,166.5580,yes,Pacific/Efate
OLK,small_airport,Aeródromo de Fuerte,Fuerte Olimpo,PY,-21.0457,-57.8829,no,America/Asuncion
OLL,medium_airport,Oyo Ollombo Airport,Oyo,CG,-1.2267,15.9100,no,Africa/Brazzaville
OLM,medium_airport,Olympia Regional Airport,Olympia,US,46.9694,-122.9030,yes,America/Los_Angeles
OLN,small_airport,Lago Musters Airport,Sarmiento,AR,-45.5752,-69.0770,no,America/Argentina/Catamarca
OLO,small_airport,Olomouc Airport,Olomouc,CZ,49.5877,17.2093,no,Europe/Prague
OLP,small_airport,Olympic Dam Airport,Olympic Dam,AU,-30.4839,136.8767,yes,Australia/Adelaide
OLQ,small_airport,Olsobip Airport,Olsobip,PG,-5.3897,141.5153,no,Pacific/Port_Moresby
OLR,small_airport,Salerno Airport,Khost,AF,33.3638,69.9561,no,Asia/Kabul
OLS,medium_airport,Nogales International Airport,Nogales,US,31.4177,-110.8480,no,America/Phoenix
OLU,medium_airport,Columbus Municipal Airport,Columbus,US,41.4481,-97.3402,no,America/Chicago
OLV,small_airport,Olive Branch Airport,Olive Branch,US,34.9787,-89.7869,no,America/Chicago
OLX,small_airport,Mara-Olkiombo Airport,Serena,KE,-1.4086,35.1107,no,Africa/Nairobi
OLY,small_airport,Olney Noble Airport,Olney-Noble,US,38.7218,-88.1764,no,America/Chicago
OLZ,medium_airport,Olyokminsk Airport,Olyokminsk,RU,60.4018,120.4761,yes,Asia/Yakutsk
OMA,large_airport,Eppley Airfield,Omaha,US,41.3032,-95.8941,yes,America/Chicago
OMB,medium_airport,Omboue Hospital Airport,Omboue,GA,-1.5747,9.2627,no,Africa/Libreville
OMC,medium_airport,Ormoc Airport,Ormoc City,PH,11.0577,124.5656,no,Asia/Manila
OMD,medium_airport,Oranjemund Airport,Oranjemund,NA,-28.5853,16.4464,yes,Africa/Windhoek
OME,medium_airport,Nome Airport,Nome,US,64.5122,-165.4450,yes,America/Nome
OMF,small_airport,King Hussein Air College,Mafraq,JO,32.3564,36.2592,no,Asia/Amman
OMG,small_airport,Omega Airport,Omega,NA,-18.0303,22.1897,no,Africa/Windhoek
OMH,medium_airport,Urmia Airport,Urmia,IR,37.6681,45.0687,yes,Asia/Tehran
OMI,small_airport,Omidiyeh Airport,Omidiyeh,IR,30.8352,49.5349,no,Asia/Tehran
OMJ,small_airport,JMSDF Omura Air Base,Nagasaki,JP,32.9280,129.9342,no,Asia/Tokyo
OMK,small_airport,Omak Airport,Omak,US,48.4644,-119.5180,no,America/Los_Angeles
OMM,small_airport,Marmul Airport,Marmul,OM,18.1390,55.1790,no,Asia/Muscat
OMN,medium_airport,Zomin Airport,Zomin,UZ,40.0140,68.4110,yes,Asia/Tashkent
OMO,large_airport,Mostar International Airport,Mostar,BA,43.2825,17.8461,yes,Europe/Sarajevo
OMR,large_airport,Oradea International Airport,Oradea,RO,47.0253,21.9025,yes,Europe/Bucharest
OMS,large_airport,Omsk Central Airport,Omsk,RU,54.9631,73.3124,yes,Asia/Omsk
OMY,small_airport,Preah Vinhear Airport,Tbeng Meanchey,KH,13.7597,104.9717,no,Asia/Phnom_Penh
ONA,small_airport,Winona Municipal Airport Max Conrad Field,Winona,US,44.0772,-91.7083,no,America/Chicago
ONB,small_airport,Ononge Airport,Onange Mission,PG,-8.6744,147.2624,no,Pacific/Port_Moresby
OND,medium_airport,Ondangwa Airport,Ondangwa,NA,-17.8782,15.9526,yes,Africa/Windhoek
ONG,small_airport,Mornington Island Airport,,AU,-16.6625,139.1780,yes,Australia/Brisbane
ONH,small_airport,Albert S Nader Regional Airport,Oneonta,US,42.5247,-75.0644,no,America/New_York
ONI,small_airport,Moanamani Airport,Moanamani,ID,-4.0066,136.0377,no,Asia/Jayapura
ONJ,medium_airport,Odate Noshiro Airport,Kitaakita,JP,40.1919,140.3710,yes,Asia/Tokyo
ONK,small_airport,Olenyok Airport,Olenyok,RU,68.5150,112.4800,no,Asia/Yakutsk
ONL,small_airport,O'Neill Municipal Airport–John L Baker Field,O'Neill,US,42.4689,-98.6870,no,America/Chicago
ONM,small_airport,Socorro Municipal Airport,Socorro,US,34.0225,-106.9030,no,America/Denver
ONO,medium_airport,Ontario Municipal Airport,Oregon,US,44.0198,-117.0133,no,America/Boise
ONP,medium_airport,Newport Municipal Airport,Newport,US,44.5804,-124.0580,no,America/Los_Angeles
ONQ,medium_airport,Zonguldak Çaycuma Airport,Zonguldak,TR,41.5064,32.0886,yes,Europe/Istanbul
ONR,small_airport,Monkira Airport,,AU,-24.8167,140.5330,no,Australia/Brisbane
ONS,small_airport,Onslow Airport,,AU,-21.6702,115.1149,no,Australia/Perth
ONT,large_airport,Ontario International Airport,Ontario,US,34.0560,-117.6010,yes,America/Los_Angeles
ONU,small_airport,Ono-i-Lau Airport,Ono-i-Lau,FJ,-20.6589,-178.7411,no,Pacific/Fiji
ONX,medium_airport,Enrique Adolfo Jimenez Airport,Colón,PA,9.3566,-79.8674,yes,America/Panama
ONY,small_airport,Olney Municipal Airport,Olney,US,33.3509,-98.8192,no,America/Chicago
OOA,small_airport,Oskaloosa Municipal Airport,Cedar,US,41.2262,-92.4939,no,America/Chicago
OOD,small_airport,Koodaideri Mine Airport,Koodaideri Mine,AU,-22.5043,119.0768,no,Australia/Perth
OOK,small_airport,Toksook Bay Airport,Toksook Bay,US,60.5414,-165.0870,yes,America/Nome
OOL,large_airport,Gold Coast Airport,Gold Coast,AU,-28.1660,153.5066,yes,Australia/Sydney
OOM,medium_airport,Cooma Snowy Mountains Airport,Cooma,AU,-36.3004,148.9724,yes,Australia/Sydney
OOR,small_airport,Mooraberree Airport,,AU,-25.2500,140.9830,no,Australia/Brisbane
OOT,small_airport,Onotoa Airport,Onotoa,KI,-1.7961,175.5260,no,Pacific/Tarawa
OPA,small_airport,Kópasker Airport,Kópasker,IS,66.3108,-16.4667,no,Atlantic/Reykjavik
OPB,small_airport,Open Bay Airport,Maitanakunai,PG,-4.7947,151.6962,no,Pacific/Port_Moresby
OPF,medium_airport,Miami-Opa Locka Executive Airport,Miami,US,25.9070,-80.2784,yes,America/New_York
OPI,small_airport,Oenpelli Airport,,AU,-12.3250,133.0060,no,Australia/Darwin
OPL,small_airport,St Landry Parish Ahart Field,Opelousas,US,30.5584,-92.0994,no,America/Chicago
OPO,large_airport,Francisco de Sá Carneiro Airport,Porto,PT,41.2481,-8.6814,yes,Europe/Lisbon
OPP,small_airport,Salinópolis Airport,Salinópolis,BR,-0.6961,-47.3361,yes,America/Belem
OPS,small_airport,Presidente João Batista Figueiredo Airport,Sinop,BR,-11.8850,-55.5861,yes,America/Cuiaba
OPU,medium_airport,Balimo Airport,Balimo,PG,-8.0500,142.9330,yes,Pacific/Port_Moresby
OPW,small_airport,Opuwa Airport,Opuwa,NA,-18.0560,13.8521,no,Africa/Windhoek
OQN,small_airport,Kokand Airport,Kokand,UZ,40.4478,70.9911,no,Asia/Tashkent
ORA,medium_airport,Orán Airport,Orán,AR,-23.1528,-64.3292,no,America/Argentina/Salta
ORB,medium_airport,Örebro Airport,Örebro,SE,59.2237,15.0380,yes,Europe/Stockholm
ORC,small_airport,Orocue Airport,Orocue,CO,4.7904,-71.3482,no,America/Bogota
ORD,large_airport,Chicago O'Hare International Airport,Chicago,US,41.9786,-87.9048,yes,America/Chicago
ORE,small_airport,Orléans–Saint-Denis-de-l'Hôtel Airport,"Saint-Denis-de-l'Hôtel, Loiret",FR,47.8978,2.1645,no,Europe/Paris
ORF,large_airport,Norfolk International Airport,Norfolk,US,36.8953,-76.2010,yes,America/New_York
ORG,small_airport,Zorg en Hoop Airport,Paramaribo,SR,5.8112,-55.1923,yes,America/Paramaribo
ORH,medium_airport,Worcester Regional Airport,Worcester,US,42.2673,-71.8757,yes,America/New_York
ORI,small_airport,Port Lions Airport,Port Lions,US,57.8849,-152.8477,yes,America/Anchorage
ORJ,small_airport,Orinduik Airport,Orinduik,GY,4.7253,-60.0350,no,America/Guyana
ORK,large_airport,Cork International Airport,Cork,IE,51.8413,-8.4911,yes,Europe/Dublin
ORL,medium_airport,Orlando Executive Airport,Orlando,US,28.5455,-81.3329,no,America/New_York
ORM,small_airport,Sywell Aerodrome,"Northampton, Northamptonshire",GB,52.3053,-0.7931,no,Europe/London
ORN,large_airport,Oran Es-Sénia (Ahmed Ben Bella) International Airport,Es-Sénia,DZ,35.6206,-0.6225,yes,Africa/Algiers
ORO,small_airport,Yoro Airport,Yoro,HN,15.1275,-87.1350,no,America/Tegucigalpa
ORP,small_airport,Orapa Airport,Orapa,BW,-21.2659,25.3197,no,Africa/Gaborone
ORR,small_airport,Yorketown Airport,,AU,-35.0036,137.6193,no,Australia/Adelaide
ORT,medium_airport,Northway Airport,Northway,US,62.9613,-141.9290,yes,America/Anchorage
ORU,large_airport,Juan Mendoza International Airport,Oruro,BO,-17.9562,-67.0758,yes,America/La_Paz
ORV,small_airport,Robert (Bob) Curtis Memorial Airport,Noorvik,US,66.8179,-161.0190,yes,America/Anchorage
ORW,small_airport,Ormara Airport,Ormara Raik,PK,25.2766,64.5883,no,Asia/Karachi
ORX,small_airport,Oriximiná Airport,Oriximiná,BR,-1.7141,-55.8362,no,America/Santarem
ORY,large_airport,Paris-Orly Airport,"Paris (Orly, Val-de-Marne)",FR,48.7295,2.3590,yes,Europe/Paris
ORZ,small_airport,H.E Alfredo Martinez (Tower Hill) Airstrip,Orange Walk,BZ,18.0468,-88.5839,yes,America/Belize
OSB,small_airport,Grand Glaize Osage Beach Airport,Osage Beach,US,38.1105,-92.6805,no,America/Chicago
OSC,small_airport,Oscoda Wurtsmith Airport,Oscoda,US,44.4516,-83.3941,no,America/Detroit
OSD,medium_airport,Åre Östersund Airport,Östersund,SE,63.1935,14.5042,yes,Europe/Stockholm
OSE,small_airport,Omora Airport,Omora,PG,-7.8278,147.0806,no,Pacific/Port_Moresby
OSG,small_airport,Ossima Airport,Ossima,PG,-2.9156,141.2973,no,Pacific/Port_Moresby
OSH,medium_airport,Wittman Regional Airport,Oshkosh,US,43.9844,-88.5570,no,America/Chicago
OSI,medium_airport,Osijek Airport,Osijek(Klisa),HR,45.4624,18.8113,yes,Europe/Zagreb
OSJ,small_airport,Ol Seki Naboisho Airstrip,Mara Simba,KE,-1.3785,35.3803,no,Africa/Nairobi
OSK,small_airport,Oskarshamn Airport,Oskarshamn,SE,57.3505,16.4980,no,Europe/Stockholm
OSL,large_airport,Oslo-Gardermoen International Airport,Oslo (Gardermoen),NO,60.1939,11.1004,yes,Europe/Oslo
OSM,large_airport,Mosul International Airport,Mosul,IQ,36.3058,43.1474,no,Asia/Baghdad
OSN,medium_airport,Osan Air Base,Pyeongtaek,KR,37.0915,127.0294,no,Asia/Seoul
OSO,small_airport,Osborne Mine Airport,,AU,-22.0817,140.5550,no,Australia/Brisbane
OSR,large_airport,Leoš Janáček Airport Ostrava,Mošnov,CZ,49.6963,18.1111,yes,Europe/Prague
OSS,large_airport,Osh International Airport,Osh,KG,40.6090,72.7933,yes,Asia/Bishkek
OST,large_airport,Ostend-Bruges International Airport,Oostende,BE,51.1998,2.8747,yes,Europe/Brussels
OSU,medium_airport,The Ohio State University Airport - Don Scott Field,Columbus,US,40.0798,-83.0730,no,America/New_York
OSW,medium_airport,Orsk Airport,Orsk,RU,51.0725,58.5956,yes,Asia/Yekaterinburg
OSX,small_airport,Kosciusko Attala County Airport,Kosciusko,US,33.0903,-89.5420,no,America/Chicago
OSY,small_airport,Namsos Airport,Namsos,NO,64.4722,11.5786,yes,Europe/Oslo
OTC,small_airport,Bol-Berim Airport,Bol,TD,13.4436,14.7393,no,Africa/Ndjamena
OTD,small_airport,Raul Arias Espinoza Airport,Contadora Island,PA,8.6288,-79.0347,yes,America/Panama
OTG,small_airport,Worthington Municipal Airport,Worthington,US,43.6548,-95.5774,no,America/Chicago
OTH,medium_airport,Southwest Oregon Regional Airport,North Bend,US,43.4171,-124.2460,yes,America/Los_Angeles
OTI,medium_airport,Pitu Airport,Gotalalamo-Morotai Island,ID,2.0460,128.3250,no,Asia/Jayapura
OTJ,small_airport,Otjiwarongo Airport,Otjiwarongo,NA,-20.4330,16.6608,no,Africa/Windhoek
OTK,small_airport,Tillamook Airport,Tillamook,US,45.4182,-123.8140,no,America/Los_Angeles
OTL,small_airport,Boutilimit Airport,Boutilimit,MR,17.5283,-14.7141,no,Africa/Nouakchott
OTM,medium_airport,Ottumwa Regional Airport,Ottumwa,US,41.1064,-92.4498,no,America/Chicago
OTN,small_airport,Ed-Air Airport,Oaktown,US,38.8518,-87.4999,no,America/Indiana/Vincennes
OTO,small_airport,Otog Banner Wulan Airport,Wulan,CN,39.0314,107.9889,no,Asia/Shanghai
OTP,large_airport,Bucharest Henri Coandă International Airport,Otopeni,RO,44.5718,26.1033,yes,Europe/Bucharest
OTQ,small_airport,Otog Front Banner Oljoq Airport,Otog Front Banner,CN,38.1712,107.3905,no,Asia/Shanghai
OTR,medium_airport,Coto 47 Airport,Corredores,CR,8.6016,-82.9688,no,America/Costa_Rica
OTS,small_airport,Anacortes Airport,Anacortes,US,48.4985,-122.6625,yes,America/Los_Angeles
OTT,small_airport,Andre Maggi Airport,Cotriguaçu,BR,-9.8986,-58.5819,no,America/Cuiaba
OTU,small_airport,Otu Airport,Remedios,CO,7.0105,-74.7154,no,America/Bogota
OTZ,medium_airport,Ralph Wien Memorial Airport,Kotzebue,US,66.8847,-162.5990,yes,America/Nome
OUA,large_airport,Ouagadougou Thomas Sankara International Airport,Ouagadougou,BF,12.3532,-1.5124,yes,Africa/Ouagadougou
OUD,large_airport,Oujda Angads Airport,Ahl Angad,MA,34.7896,-1.9260,yes,Africa/Casablanca
OUE,medium_airport,Ouesso Airport,,CG,1.6160,16.0379,no,Africa/Brazzaville
OUG,small_airport,Ouahigouya Airport,Ouahigouya,BF,13.6553,-2.3221,no,Africa/Ouagadougou
OUH,medium_airport,Oudtshoorn Airport,Oudtshoorn,ZA,-33.6070,22.1890,no,Africa/Johannesburg
OUI,small_airport,Ouessant Airport,Ushant,FR,48.4632,-5.0636,yes,Europe/Paris
OUL,large_airport,Oulu Airport,Oulu / Oulunsalo,FI,64.9301,25.3546,yes,Europe/Helsinki
OUM,small_airport,Oum Hadjer Airport,Oum Hadjer,TD,13.2782,19.7103,no,Africa/Ndjamena
OUN,small_airport,University of Oklahoma Westheimer Airport,Norman,US,35.2456,-97.4721,no,America/Chicago
OUR,small_airport,Batouri Airport,Batouri,CM,4.4750,14.3625,no,Africa/Douala
OUS,small_airport,Jornalista Benedito Pimentel Airport,Ourinhos,BR,-22.9666,-49.9120,no,America/Sao_Paulo
OUT,small_airport,Bousso Airport,Bousso,TD,10.4830,16.7170,no,Africa/Ndjamena
OUZ,medium_airport,Tazadit Airport,Zouérate,MR,22.7573,-12.4822,yes,Africa/Nouakchott
OVA,small_airport,Bekily Airport,Bekily,MG,-24.2357,45.3045,no,Indian/Antananarivo
OVB,large_airport,Novosibirsk Tolmachevo Airport,Novosibirsk,RU,55.0198,82.6187,yes,Asia/Novosibirsk
OVD,large_airport,Asturias Airport,Ranón,ES,43.5636,-6.0346,yes,Europe/Madrid
OVE,small_airport,Oroville Municipal Airport,Oroville,US,39.4878,-121.6220,no,America/Los_Angeles
OVG,small_airport,Overberg Airport,Overberg,ZA,-34.5635,20.2524,no,Africa/Johannesburg
OVL,small_airport,El Tuqui Airport,Ovalle,CL,-30.5592,-71.1756,no,America/Santiago
OVR,small_airport,Olavarria Airport,Olavarria,AR,-36.8900,-60.2166,no,America/Argentina/Buenos_Aires
OVS,medium_airport,Sovetskiy Airport,Sovetskiy,RU,61.3266,63.6019,yes,Asia/Yekaterinburg
OWA,small_airport,Owatonna Degner Regional Airport,Owatonna,US,44.1234,-93.2606,no,America/Chicago
OWB,medium_airport,Owensboro Daviess County Airport,Owensboro,US,37.7401,-87.1668,yes,America/Chicago
OWD,medium_airport,Norwood Memorial Airport,Norwood,US,42.1905,-71.1729,no,America/New_York
OWK,small_airport,Central Maine/Norridgewock Airport,Norridgewock,US,44.7155,-69.8665,no,America/New_York
OXB,large_airport,Osvaldo Vieira International Airport,Bissau,GW,11.8943,-15.6536,yes,Africa/Bissau
OXC,small_airport,Waterbury Oxford Airport,Oxford,US,41.4786,-73.1352,no,America/New_York
OXD,small_airport,Miami University Airport,Oxford,US,39.5023,-84.7844,no,America/New_York
OXF,medium_airport,London Oxford Airport,"Kidlington, Oxfordshire",GB,51.8369,-1.3200,no,Europe/London
OXO,small_airport,Orientos Airport,Orientos,AU,-28.0598,141.5361,no,Australia/Brisbane
OXR,medium_airport,Oxnard Airport,Oxnard,US,34.2008,-119.2070,no,America/Los_Angeles
OXY,small_airport,Morney Airport,,AU,-25.3583,141.4330,no,Australia/Brisbane
OYA,medium_airport,Goya Airport,Goya,AR,-29.1058,-59.2189,no,America/Argentina/Cordoba
OYC,small_airport,Camopi Airport,Camopi,GF,3.1728,-52.3361,no,America/Cayenne
OYE,medium_airport,Oyem Airport,Oyem,GA,1.5431,11.5814,yes,Africa/Libreville
OYG,small_airport,Moyo Airport,Moyo,UG,3.6444,31.7628,no,Africa/Kampala
OYK,medium_airport,Oiapoque Airport,Oiapoque,BR,3.8541,-51.7971,no,America/Belem
OYL,small_airport,Moyale Airport,Moyale,KE,3.4697,39.1014,no,Africa/Nairobi
OYN,small_airport,Ouyen Airport,Ouyen,AU,-35.0888,142.3548,no,Australia/Melbourne
OYO,medium_airport,Tres Arroyos Airport,Tres Arroyos,AR,-38.3869,-60.3297,no,America/Argentina/Buenos_Aires
OYP,medium_airport,Saint-Georges-de-l'Oyapock Airport,Saint-Georges-de-l'Oyapock,GF,3.8976,-51.8041,no,America/Cayenne
OZA,small_airport,Ozona Municipal Airport,Ozona,US,30.7353,-101.2030,no,America/Chicago
OZC,medium_airport,Labo Airport,Ozamiz,PH,8.1785,123.8420,yes,Asia/Manila
OZG,large_airport,Zagora Airport,Zagora,MA,30.2658,-5.8608,yes,Africa/Casablanca
OZH,large_airport,Zaporizhzhia International Airport,Zaporizhia,UA,47.8670,35.3147,no,Europe/Kyiv
OZP,medium_airport,Moron Air Base,Morón,ES,37.1749,-5.6159,no,Europe/Madrid
OZR,medium_airport,Cairns AAF (Fort Rucker) Air Field,Fort Rucker/Ozark,US,31.2757,-85.7134,no,America/Chicago
OZZ,large_airport,Ouarzazate International Airport,Ouarzazate,MA,30.9391,-6.9094,yes,Africa/Casablanca
PAA,small_airport,Hpa-N Airport,Hpa-N,MM,16.8937,97.6746,no,Asia/Yangon
PAB,medium_airport,Bilaspur Airport,Bilaspur,IN,21.9884,82.1110,yes,Asia/Kolkata
PAC,medium_airport,Marcos A. Gelabert International Airport,Albrook,PA,8.9733,-79.5556,yes,America/Panama
PAD,large_airport,Paderborn Lippstadt Airport,Büren,DE,51.6125,8.6175,yes,Europe/Berlin
PAE,medium_airport,Seattle Paine Field International Airport,Everett,US,47.9063,-122.2820,yes,America/Los_Angeles
PAF,small_airport,Pakuba Airport,Pakuba,UG,2.3266,31.4977,no,Africa/Kampala
PAG,medium_airport,Pagadian Airport,Pagadian,PH,7.8256,123.4596,yes,Asia/Manila
PAH,medium_airport,Barkley Regional Airport,Paducah,US,37.0608,-88.7738,yes,America/Chicago
PAJ,small_airport,Parachinar Airport,Parachinar,PK,33.9021,70.0716,no,Asia/Karachi
PAK,small_airport,Port Allen Airport,Hanapepe,US,21.8969,-159.6030,no,Pacific/Honolulu
PAL,medium_airport,German Olano Air Base,La Dorada,CO,5.4836,-74.6574,no,America/Bogota
PAM,medium_airport,Tyndall Air Force Base,Panama City,US,30.0696,-85.5754,no,America/Chicago
PAN,medium_airport,Pattani Airport,,TH,6.7855,101.1540,no,Asia/Bangkok
PAO,medium_airport,Palo Alto Airport,Palo Alto,US,37.4611,-122.1150,no,America/Los_Angeles
PAP,large_airport,Toussaint Louverture International Airport,Port-au-Prince,HT,18.5800,-72.2926,yes,America/Port-au-Prince
PAQ,medium_airport,"Warren ""Bud"" Woods Palmer Municipal Airport",Palmer,US,61.5949,-149.0890,no,America/Anchorage
PAS,small_airport,Paros National Airport,Paros,GR,37.0205,25.1132,yes,Europe/Athens
PAT,medium_airport,Jay Prakash Narayan Airport,Patna,IN,25.5913,85.0880,yes,Asia/Kolkata
PAU,small_airport,Pauk Airport,Pauk,MM,21.4492,94.4869,no,Asia/Yangon
PAV,medium_airport,Paulo Afonso Airport,Paulo Afonso,BR,-9.4009,-38.2506,yes,America/Bahia
PAW,small_airport,Pambwa Airstrip,Pambwa Station,PG,-11.4030,154.0117,no,Pacific/Port_Moresby
PAX,medium_airport,Port-de-Paix Airport,Port-de-Paix,HT,19.9340,-72.8480,no,America/Port-au-Prince
PAY,small_airport,Pamol Airport,Pamol,MY,5.9966,117.4048,no,Asia/Kuching
PAZ,medium_airport,El Tajín National Airport,Poza Rica,MX,20.6027,-97.4608,yes,America/Mexico_City
PBA,small_airport,Fábio Perini Airport,Cairu,BR,-13.5648,-38.9400,no,America/Bahia
PBB,small_airport,Paranaíba Airport,Paranaíba,BR,-19.6512,-51.1994,no,America/Campo_Grande
PBC,large_airport,Hermanos Serdán International Airport,Puebla,MX,19.1585,-98.3716,yes,America/Mexico_City
PBD,medium_airport,Porbandar Airport,Porbandar,IN,21.6495,69.6564,yes,Asia/Kolkata
PBE,small_airport,Puerto Berrio Airport,Puerto Berrio,CO,6.4603,-74.4105,no,America/Bogota
PBF,medium_airport,"Pine Bluff Regional Airport, Grider Field",Pine Bluff,US,34.1741,-91.9356,no,America/Chicago
PBG,medium_airport,Plattsburgh International Airport,Plattsburgh,US,44.6509,-73.4681,yes,America/New_York
PBH,large_airport,Paro International Airport,Paro,BT,27.4032,89.4246,yes,Asia/Thimphu
PBI,large_airport,President Donald J. Trump International Airport,West Palm Beach,US,26.6832,-80.0956,yes,America/New_York
PBJ,small_airport,Tavie Airport,Paama Island,VU,-16.4320,168.2355,yes,Pacific/Efate
PBL,medium_airport,General Bartolome Salom International Airport,Puerto Cabello,VE,10.4805,-68.0730,no,America/Caracas
PBM,large_airport,Johan Adolf Pengel International Airport,Paramaribo,SR,5.4528,-55.1878,yes,America/Paramaribo
PBN,medium_airport,Porto Amboim Airport,Port Amboim,AO,-10.7220,13.7655,no,Africa/Luanda
PBO,medium_airport,Paraburdoo Airport,Paraburdoo,AU,-23.1711,117.7450,yes,Australia/Perth
PBP,small_airport,Islita Airport,Nandayure,CR,9.8561,-85.3708,no,America/Costa_Rica
PBQ,small_airport,Pimenta Bueno Airport,Pimenta Bueno,BR,-11.6416,-61.1791,no,America/Porto_Velho
PBR,medium_airport,Puerto Barrios Airport,Puerto Barrios,GT,15.7309,-88.5838,yes,America/Guatemala
PBT,small_airport,Aeródromo de Puerto Leda,Puerto Leda,PY,-20.9090,-57.9269,no,America/Asuncion
PBU,medium_airport,Putao Airport,Putao,MM,27.3299,97.4263,yes,Asia/Yangon
PBX,small_airport,Fazenda Piraguassu Airport,Porto Alegre do Norte,BR,-10.8593,-51.6882,no,America/Cuiaba
PBZ,medium_airport,Plettenberg Bay Airport,Plettenberg Bay,ZA,-34.0882,23.3287,no,Africa/Johannesburg
PCA,small_airport,Portage Creek Airport,Portage Creek,US,58.9065,-157.7140,no,America/Anchorage
PCB,small_airport,Pondok Cabe Air Base,Jakarta,ID,-6.3370,106.7650,no,Asia/Jakarta
PCC,small_airport,Puerto Rico Airport,Puerto Rico,CO,1.9167,-75.1667,no,America/Bogota
PCD,small_airport,Prairie Du Chien Municipal Airport,Prairie Du Chien,US,43.0193,-91.1237,no,America/Chicago
PCF,medium_airport,Potchefstroom Airport,Potchefstroom,ZA,-26.6710,27.0819,no,Africa/Johannesburg
PCG,small_airport,Paso Caballos Airport,Paso Caballos,GT,17.2639,-90.2563,no,America/Guatemala
PCH,small_airport,Palacios Airport,Palacios,HN,15.9550,-84.9414,no,America/Tegucigalpa
PCJ,small_airport,Puerto La Victoria Airport,Puerto La Victoria,PY,-22.2960,-57.8701,no,America/Asuncion
PCL,large_airport,Cap FAP David Abenzur Rengifo International Airport,Pucallpa,PE,-8.3781,-74.5745,yes,America/Lima
PCM,small_airport,Playa del Carmen National Airport,Playa del Carmen,MX,20.6228,-87.0822,no,America/Cancun
PCN,small_airport,Picton Aerodrome,Koromiko,NZ,-41.3461,173.9560,yes,Pacific/Auckland
PCO,small_airport,Punta Colorada Airport,La Ribera,MX,23.5750,-109.5358,no,America/Mazatlan
PCP,medium_airport,Principe Airport,São Tomé & Príncipe,ST,1.6612,7.4111,yes,Africa/Sao_Tome
PCQ,small_airport,Boun Neau Airport,Phongsaly,LA,21.6475,101.9000,no,Asia/Vientiane
PCR,medium_airport,German Olano Airport,Puerto Carreño,CO,6.1847,-67.4932,yes,America/Bogota
PCS,small_airport,Picos Airport,Picos,BR,-7.0614,-41.5259,no,America/Fortaleza
PCT,small_airport,Princeton Airport,Princeton/Rocky Hill,US,40.3992,-74.6589,no,America/New_York
PCU,small_airport,Poplarville Pearl River County Airport,Poplarville,US,30.7860,-89.5045,no,America/Chicago
PCV,small_airport,Punta Chivato Airport,Mulegé,MX,27.0692,-111.9620,no,America/Mazatlan
PDA,medium_airport,Obando Cesar Gaviria Trujillo Airport,Puerto Inírida,CO,3.8535,-67.9062,yes,America/Bogota
PDB,small_airport,Pedro Bay Airport,Pedro Bay,US,59.7969,-154.1300,yes,America/Anchorage
PDC,small_airport,Mueo Airport,Népoui,NC,-21.3165,164.9994,no,Pacific/Noumea
PDD,small_airport,Ponta do Ouro Airport,Ponta do Ouro,MZ,-26.8269,32.8384,no,Africa/Maputo
PDE,small_airport,Pandie Pandie Airport,,AU,-26.1222,139.4035,no,Australia/Adelaide
PDF,small_airport,Prado Airport,Prado,BR,-17.2970,-39.2711,no,America/Bahia
PDG,large_airport,Minangkabau International Airport,Padang (Katapiang),ID,-0.7860,100.2804,yes,Asia/Jakarta
PDI,small_airport,Pindiu Airport,Pindiu,PG,-6.4451,147.5158,no,Pacific/Port_Moresby
PDK,medium_airport,DeKalb Peachtree Airport,Atlanta,US,33.8763,-84.3021,yes,America/New_York
PDL,large_airport,João Paulo II Airport,Ponta Delgada,PT,37.7412,-25.6979,yes,Atlantic/Azores
PDM,small_airport,Capt. J. Montenegro Airport,Pedasí,PA,7.5348,-80.0433,yes,America/Panama
PDN,small_airport,Parndana Airport,Kangaroo Island,AU,-35.8070,137.2640,no,Australia/Adelaide
PDO,medium_airport,Pendopo Airport,Talang Gudang-Sumatra Island,ID,-3.2861,103.8800,yes,Asia/Jakarta
PDP,medium_airport,Capitan Corbeta CA Curbelo International Airport,Punta del Este,UY,-34.8551,-55.0943,yes,America/Montevideo
PDR,small_airport,Presidente José Sarney Airport,Presidente Dutra,BR,-5.3098,-44.4810,no,America/Fortaleza
PDS,medium_airport,Piedras Negras International Airport,Piedras Negras,MX,28.6279,-100.5352,yes,America/Matamoros
PDT,medium_airport,Eastern Oregon Regional Airport at Pendleton,Pendleton,US,45.6951,-118.8410,yes,America/Los_Angeles
PDU,medium_airport,Tydeo Larre Borges Airport,Paysandú,UY,-32.3633,-58.0619,no,America/Montevideo
PDV,large_airport,Plovdiv International Airport,Plovdiv,BG,42.0678,24.8508,yes,Europe/Sofia
PDX,large_airport,Portland International Airport,Portland,US,45.5887,-122.5980,yes,America/Los_Angeles
PDZ,small_airport,Pedernales Airport,Capure,VE,9.9787,-62.2313,no,America/Caracas
PEA,small_airport,Penneshaw Airport,Ironstone,AU,-35.7558,137.9629,no,Australia/Adelaide
PEB,small_airport,Pebane Airport,Pebane,MZ,-17.2728,38.1807,no,Africa/Maputo
PED,large_airport,Pardubice Airport,Pardubice,CZ,50.0150,15.7398,yes,Europe/Prague
PEE,large_airport,Perm International Airport,Perm,RU,57.9145,56.0212,yes,Asia/Yekaterinburg
PEF,small_airport,Peenemünde Airport,Peenemünde,DE,54.1578,13.7744,no,Europe/Berlin
PEG,large_airport,Perugia San Francesco d'Assisi – Umbria International Airport,Perugia (PG),IT,43.0959,12.5132,yes,Europe/Rome
PEH,medium_airport,Comodoro Pedro Zanni Airport,Pehuajó,AR,-35.8446,-61.8576,no,America/Argentina/Buenos_Aires
PEI,medium_airport,Matecaña International Airport,Pereira,CO,4.8127,-75.7395,yes,America/Bogota
PEK,large_airport,Beijing Capital International Airport,Beijing,CN,40.0773,116.5967,yes,Asia/Shanghai
PEL,small_airport,Pelaneng Airport,Pelaneng,LS,-29.0881,28.4972,no,Africa/Maseru
PEM,medium_airport,Padre Aldamiz International Airport,Puerto Maldonado,PE,-12.6136,-69.2286,yes,America/Lima
PEN,large_airport,Penang International Airport,Penang,MY,5.2963,100.2762,yes,Asia/Kuala_Lumpur
PEP,small_airport,Peppimenarti Airport,Peppimenarti,AU,-14.1442,130.0910,no,Australia/Darwin
PEQ,small_airport,Pecos Municipal Airport,Pecos,US,31.3824,-103.5110,no,America/Chicago
PER,large_airport,Perth International Airport,Perth,AU,-31.9403,115.9670,yes,Australia/Perth
PES,medium_airport,Petrozavodsk Airport,Petrozavodsk,RU,61.8852,34.1547,yes,Europe/Moscow
PET,medium_airport,João Simões Lopes Neto International Airport,Pelotas,BR,-31.7172,-52.3278,yes,America/Sao_Paulo
PEU,small_airport,Puerto Lempira Airport,Puerto Lempira,HN,15.2622,-83.7812,yes,America/Tegucigalpa
PEV,large_airport,Pécs-Pogány International Airport,Pécs,HU,45.9889,18.2420,yes,Europe/Budapest
PEW,large_airport,Bacha Khan International Airport,Peshawar,PK,33.9939,71.5146,yes,Asia/Karachi
PEX,medium_airport,Pechora Airport,Pechora,RU,65.1211,57.1308,yes,Europe/Moscow
PEY,small_airport,Penong Airport,Penong,AU,-31.9167,133.0000,no,Australia/Adelaide
PEZ,medium_airport,Penza Airport,Penza,RU,53.1106,45.0211,yes,Europe/Moscow
PFA,small_airport,Harbin Pingfang Airport,Harbin,CN,45.5989,126.6581,no,Asia/Shanghai
PFB,medium_airport,Lauro Kurtz Airport,Passo Fundo,BR,-28.2440,-52.3278,yes,America/Sao_Paulo
PFC,small_airport,Pacific City State Airport,Pacific City,US,45.1998,-123.9620,no,America/Los_Angeles
PFM,small_airport,Primrose Airport,Primrose,CA,55.3900,-111.1198,no,America/Edmonton
PFO,large_airport,Paphos International Airport,Paphos,CY,34.7180,32.4857,yes,Asia/Nicosia
PFQ,small_airport,Parsabad-Moghan Airport,Parsabad,IR,39.6036,47.8815,yes,Asia/Tehran
PFR,small_airport,Ilebo Airport,Ilebo,CD,-4.3299,20.5901,yes,Africa/Lubumbashi
PGA,medium_airport,Page Municipal Airport,Page,US,36.9242,-111.4477,yes,America/Phoenix
PGB,small_airport,Pangoa Airport,Pangoa,PG,-7.0226,141.5605,no,Pacific/Port_Moresby
PGC,small_airport,Grant County Airport,Petersburg,US,38.9949,-79.1459,no,America/New_York
PGD,medium_airport,Punta Gorda Airport,Punta Gorda,US,26.9202,-81.9905,yes,America/New_York
PGE,small_airport,Yegepa Airport,,PG,-7.1344,146.1564,no,Pacific/Port_Moresby
PGF,medium_airport,Perpignan-Rivesaltes (Llabanère) Airport,Perpignan/Rivesaltes,FR,42.7404,2.8707,yes,Europe/Paris
PGH,medium_airport,Pantnagar Airport,Pantnagar,IN,29.0334,79.4737,yes,Asia/Kolkata
PGI,small_airport,Chitato Airport,Chitato,AO,-7.3589,20.8047,no,Africa/Luanda
PGK,medium_airport,Depati Amir Airport,Pangkal Pinang,ID,-2.1622,106.1390,yes,Asia/Jakarta
PGL,small_airport,Trent Lott International Airport,Pascagoula,US,30.4628,-88.5292,no,America/Chicago
PGM,small_airport,Port Graham Airport,Port Graham,US,59.3484,-151.8300,yes,America/Anchorage
PGN,small_airport,Pangia Airport,Pangia,PG,-6.3860,144.1084,no,Pacific/Port_Moresby
PGO,small_airport,Stevens Field,Pagosa Springs,US,37.2863,-107.0560,no,America/Denver
PGQ,small_airport,Buli Airport,Pekaulang,ID,0.9171,128.3821,no,Asia/Jayapura
PGR,small_airport,Kirk Field,Paragould,US,36.0629,-90.5078,no,America/Chicago
PGS,small_airport,Grand Canyon Caverns Airport,Peach Springs,US,35.5272,-113.2476,no,America/Phoenix
PGU,medium_airport,Persian Gulf International Airport,Khiyaroo,IR,27.3796,52.7377,yes,Asia/Tehran
PGV,medium_airport,Pitt-Greenville Airport,Greenville,US,35.6355,-77.3843,yes,America/New_York
PGX,medium_airport,Périgueux-Bassillac Airport,Périgueux/Bassillac,FR,45.1981,0.8156,no,Europe/Paris
PGZ,medium_airport,Ponta Grossa Airport - Comandante Antonio Amilton Beraldo,Ponta Grossa,BR,-25.1845,-50.1438,yes,America/Sao_Paulo
PHA,small_airport,Phan Rang Airport,Phan Rang,VN,11.6335,108.9520,no,Asia/Ho_Chi_Minh
PHB,medium_airport,Parnaíba - Prefeito Doutor João Silva Filho International Airport,Parnaíba,BR,-2.8937,-41.7320,yes,America/Fortaleza
PHC,large_airport,Port Harcourt International Airport,Port Harcourt,NG,5.0155,6.9496,yes,Africa/Lagos
PHD,small_airport,Harry Clever Field,New Philadelphia,US,40.4709,-81.4197,no,America/New_York
PHE,large_airport,Port Hedland International Airport,Port Hedland,AU,-20.3828,118.6298,yes,Australia/Perth
PHF,medium_airport,Newport News Williamsburg International Airport,Newport News,US,37.1319,-76.4930,yes,America/New_York
PHG,medium_airport,Port Harcourt City Airport / Port Harcourt Air Force Base,Port Harcourt,NG,4.8461,7.0214,yes,Africa/Lagos
PHH,large_airport,Pokhara International Airport,Pokhara,NP,28.1838,84.0147,yes,Asia/Kathmandu
PHI,small_airport,Pinheiro Airport,Pinheiro,BR,-2.4774,-45.1050,no,America/Fortaleza
PHK,small_airport,Palm Beach County Glades Airport,Pahokee,US,26.7850,-80.6934,no,America/New_York
PHL,large_airport,Philadelphia International Airport,Philadelphia,US,39.8719,-75.2411,yes,America/New_York
PHN,small_airport,St Clair County International Airport,Port Huron,US,42.9110,-82.5289,no,America/Detroit
PHO,small_airport,Point Hope Airport,Point Hope,US,68.3488,-166.7990,yes,America/Nome
PHP,small_airport,Philip Airport,Philip,US,44.0485,-101.6009,no,America/Denver
PHQ,small_airport,The Monument Airport,Phosphate Hill,AU,-21.8111,139.9240,no,Australia/Brisbane
PHR,small_airport,Nanuku Airport,Nanuku Auberge Resort,FJ,-18.2553,178.0492,no,Pacific/Fiji
PHS,medium_airport,Phitsanulok Airport,Phitsanulok,TH,16.7829,100.2790,yes,Asia/Bangkok
PHT,small_airport,Henry County Airport,Paris,US,36.3382,-88.3829,no,America/Chicago
PHW,medium_airport,Hendrik Van Eck Airport,Phalaborwa,ZA,-23.9372,31.1554,yes,Africa/Johannesburg
PHX,large_airport,Phoenix Sky Harbor International Airport,Phoenix,US,33.4353,-112.0059,yes,America/Phoenix
PHY,medium_airport,Phetchabun Airport,,TH,16.6760,101.1950,yes,Asia/Bangkok
PIA,medium_airport,General Wayne A. Downing Peoria International Airport,Peoria,US,40.6638,-89.6926,yes,America/Chicago
PIB,medium_airport,Hattiesburg Laurel Regional Airport,Moselle,US,31.4671,-89.3371,yes,America/Chicago
PIC,small_airport,Pine Cay Airport,Pine Cay,TC,21.8747,-72.0906,no,America/Grand_Turk
PIE,large_airport,St. Petersburg Clearwater International Airport,Pinellas Park,US,27.9102,-82.6874,yes,America/New_York
PIH,medium_airport,Pocatello Regional Airport,Pocatello,US,42.9098,-112.5960,yes,America/Boise
PIK,large_airport,Glasgow Prestwick Airport,"Prestwick, South Ayrshire",GB,55.5015,-4.5772,yes,Europe/London
PIL,medium_airport,Aeródromo Don Carlos Miguel Gimenez,Pilar,PY,-26.8820,-58.3191,no,America/Asuncion
PIM,small_airport,Harris County Airport,Pine Mountain,US,32.8407,-84.8824,no,America/New_York
PIN,small_airport,Parintins Airport,Parintins,BR,-2.6735,-56.7776,no,America/Manaus
PIO,large_airport,Captain Renán Elías Olivera International Airport,Pisco,PE,-13.7449,-76.2203,no,America/Lima
PIP,small_airport,Pilot Point Airport,Pilot Point,US,57.5804,-157.5720,yes,America/Anchorage
PIQ,small_airport,Pipillipai Airport,Pipillipai,GY,5.3567,-60.3810,no,America/Guyana
PIR,medium_airport,Pierre Regional Airport,Pierre,US,44.3827,-100.2860,yes,America/Chicago
PIS,medium_airport,Poitiers-Biard Airport,Poitiers/Biard,FR,46.5877,0.3067,yes,Europe/Paris
PIT,large_airport,Pittsburgh International Airport,Pittsburgh,US,40.4915,-80.2329,yes,America/New_York
PIU,medium_airport,PAF Captain Guillermo Concha Iberico International Airport,Piura,PE,-5.2058,-80.6164,yes,America/Lima
PIV,small_airport,Pirapora Airport,Pirapora,BR,-17.3169,-44.8603,no,America/Sao_Paulo
PIW,medium_airport,Pikwitonei Airport,Pikwitonei,CA,55.5889,-97.1642,no,America/Winnipeg
PIX,medium_airport,Pico Airport,Pico Island,PT,38.5543,-28.4413,yes,Atlantic/Azores
PIZ,medium_airport,Point Lay LRRS Airport,Point Lay,US,69.7329,-163.0050,yes,America/Nome
PJA,small_airport,Pajala Airport,Pajala,SE,67.2446,23.0749,yes,Europe/Stockholm
PJB,small_airport,Payson Airport,Payson,US,34.2568,-111.3390,no,America/Phoenix
PJC,medium_airport,Aeropuerto Nacional Dr. Augusto Roberto Fuster,Pedro Juan Caballero,PY,-22.6414,-55.8300,no,America/Asuncion
PJG,medium_airport,Panjgur Airport,Panjgur,PK,26.9545,64.1325,no,Asia/Karachi
PJM,medium_airport,Puerto Jimenez Airport,Puerto Jimenez,CR,8.5333,-83.3000,yes,America/Costa_Rica
PKA,small_airport,Napaskiak Airport,Napaskiak,US,60.7029,-161.7780,yes,America/Anchorage
PKB,medium_airport,Mid Ohio Valley Regional Airport,Parkersburg (Williamstown),US,39.3451,-81.4392,yes,America/New_York
PKC,large_airport,Yelizovo Airport,Petropavlovsk-Kamchatsky,RU,53.1687,158.4511,yes,Asia/Kamchatka
PKD,small_airport,Park Rapids Municipal Airport Konshok Field,Park Rapids,US,46.9006,-95.0731,no,America/Chicago
PKE,medium_airport,Parkes Airport,Parkes,AU,-33.1314,148.2390,yes,Australia/Sydney
PKF,small_airport,Park Falls Municipal Airport,Park Falls,US,45.9550,-90.4244,no,America/Chicago
PKG,small_airport,Pulau Pangkor Airport,Pangkor Island,MY,4.2447,100.5530,yes,Asia/Kuala_Lumpur
PKJ,small_airport,Playa Grande Airport,Playa Grande,GT,15.9975,-90.7417,no,America/Guatemala
PKK,small_airport,Pakhokku Airport,Pakhokku,MM,21.4043,95.1112,no,Asia/Yangon
PKM,small_airport,Port Kaituma Airport,Port Kaituma,GY,7.7422,-59.8826,no,America/Guyana
PKN,small_airport,Iskandar Airport,Pangkalanbun,ID,-2.7052,111.6730,yes,Asia/Pontianak
PKO,small_airport,Parakou Airport,Parakou,BJ,9.3577,2.6097,no,Africa/Porto-Novo
PKP,small_airport,Puka Puka Airport,,PF,-14.8095,-138.8126,yes,Pacific/Tahiti
PKR,medium_airport,Pokhara Domestic Airport,Pokhara,NP,28.2006,83.9812,yes,Asia/Kathmandu
PKT,medium_airport,Port Keats Airport,Wadeye,AU,-14.2497,129.5295,no,Australia/Darwin
PKU,medium_airport,Sultan Syarif Kasim II International Airport / Roesmin Nurjadin AFB,Pekanbaru,ID,0.4586,101.4443,yes,Asia/Jakarta
PKV,medium_airport,Princess Olga Pskov International Airport,Pskov,RU,57.7813,28.3938,yes,Europe/Moscow
PKW,medium_airport,Selebi Phikwe Airport,Selebi Phikwe,BW,-22.0583,27.8288,no,Africa/Gaborone
PKX,large_airport,Beijing Daxing International Airport,Beijing,CN,39.5013,116.4140,yes,Asia/Shanghai
PKY,medium_airport,Tjilik Riwut Airport,Palangkaraya,ID,-2.2271,113.9434,yes,Asia/Pontianak
PKZ,large_airport,Pakse International Airport,Pakse,LA,15.1340,105.7799,yes,Asia/Vientiane
PLA,small_airport,Planadas Airport,Planadas,CO,3.1971,-75.6420,no,America/Bogota
PLD,small_airport,Playa Samara/Carrillo Airport,Carrillo,CR,9.8705,-85.4814,no,America/Costa_Rica
PLE,small_airport,Paiela Airport,Paiela,PG,-5.3724,142.9758,no,Pacific/Port_Moresby
PLF,small_airport,Pala Airport,Pala,TD,9.3781,14.9250,no,Africa/Ndjamena
PLJ,medium_airport,Placencia Airport,Placencia,BZ,16.5370,-88.3615,yes,America/Belize
PLK,small_airport,M. Graham Clark Downtown Airport,Branson / Hollister,US,36.6259,-93.2289,no,America/Chicago
PLL,medium_airport,Ponta Pelada Airport / Manaus Air Base,Manaus,BR,-3.1460,-59.9863,no,America/Manaus
PLM,medium_airport,Sultan Mahmud Badaruddin II Airport,Palembang,ID,-2.8977,104.6981,yes,Asia/Jakarta
PLN,medium_airport,Pellston Regional Airport of Emmet County Airport,Pellston,US,45.5709,-84.7967,yes,America/Detroit
PLO,medium_airport,Port Lincoln Airport,Port Lincoln,AU,-34.6053,135.8800,yes,Australia/Adelaide
PLQ,large_airport,Palanga International Airport,Palanga,LT,55.9732,21.0939,yes,Europe/Vilnius
PLR,small_airport,St Clair County Airport,Pell City,US,33.5588,-86.2491,no,America/Chicago
PLS,large_airport,Providenciales International Airport,Providenciales,TC,21.7737,-72.2683,yes,America/Grand_Turk
PLT,small_airport,Plato Airport,Plato,CO,9.8000,-74.7833,no,America/Bogota
PLU,medium_airport,Pampulha - Carlos Drummond de Andrade Airport,Belo Horizonte,BR,-19.8507,-43.9503,no,America/Sao_Paulo
PLV,small_airport,Suprunovka Airport,Poltava,UA,49.5686,34.3972,no,Europe/Kyiv
PLW,medium_airport,Mutiara - SIS Al-Jufrie Airport,Palu,ID,-0.9165,119.9086,yes,Asia/Makassar
PLX,large_airport,Semei International Airport,Semey,KZ,50.3513,80.2344,yes,Asia/Almaty
PLY,small_airport,Plymouth Municipal Airport,Plymouth,US,41.3651,-86.3005,no,America/Indiana/Indianapolis
PLZ,large_airport,Chief Dawid Stuurman International Airport,Gqeberha (Port Elizabeth),ZA,-33.9897,25.6174,yes,Africa/Johannesburg
PMA,medium_airport,Pemba Airport,Chake Chake,TZ,-5.2573,39.8114,no,Africa/Dar_es_Salaam
PMB,small_airport,Pembina Municipal Airport,Pembina,US,48.9425,-97.2408,no,America/Chicago
PMC,large_airport,El Tepual International Airport,Puerto Montt,CL,-41.4431,-73.0941,yes,America/Santiago
PMD,medium_airport,Palmdale Regional Airport / USAF Plant 42 Airport,Palmdale,US,34.6294,-118.0850,no,America/Los_Angeles
PMF,medium_airport,Parma Airport,Parma (PR),IT,44.8264,10.2971,yes,Europe/Rome
PMG,medium_airport,Ponta Porã Airport,Ponta Porã,BR,-22.5496,-55.7026,yes,America/Campo_Grande
PMH,small_airport,Greater Portsmouth Regional Airport,Portsmouth,US,38.8405,-82.8473,no,America/New_York
PMI,large_airport,Palma de Mallorca Airport,Palma de Mallorca,ES,39.5517,2.7388,yes,Europe/Madrid
PMK,small_airport,Palm Island Airport,,AU,-18.7553,146.5810,yes,Australia/Brisbane
PML,small_airport,Port Moller Airport,Cold Bay,US,56.0060,-160.5610,no,America/Anchorage
PMN,small_airport,Pumani Airport,Pumani,PG,-9.7469,149.4766,no,Pacific/Port_Moresby
PMO,large_airport,Falcone–Borsellino Airport,Palermo,IT,38.1760,13.0910,yes,Europe/Rome
PMP,small_airport,Pimaga Airport,Pimaga,PG,-6.4992,143.5103,no,Pacific/Port_Moresby
PMQ,medium_airport,Perito Moreno Jalil Hamer Airport,Perito Moreno,AR,-46.5379,-70.9787,yes,America/Argentina/Rio_Gallegos
PMR,medium_airport,Palmerston North Airport,Palmerston North,NZ,-40.3206,175.6170,yes,Pacific/Auckland
PMS,medium_airport,Palmyra Airport,Tadmur,SY,34.5574,38.3169,no,Asia/Damascus
PMT,small_airport,Paramakatoi Airport,Paramakatoi,GY,4.6996,-59.7138,no,America/Guyana
PMV,large_airport,Del Caribe Santiago Mariño International Airport,Isla Margarita,VE,10.9126,-63.9666,yes,America/Caracas
PMW,medium_airport,Brigadeiro Lysias Rodrigues Airport,Palmas,BR,-10.2915,-48.3570,yes,America/Araguaina
PMY,medium_airport,El Tehuelche Airport,Puerto Madryn,AR,-42.7592,-65.1027,yes,America/Argentina/Catamarca
PMZ,medium_airport,Palmar Sur Airport,Palmar Sur,CR,8.9510,-83.4686,no,America/Costa_Rica
PNA,medium_airport,Pamplona Airport,Pamplona,ES,42.7700,-1.6463,yes,Europe/Madrid
PNB,medium_airport,Porto Nacional Airport,Porto Nacional,BR,-10.7194,-48.3997,no,America/Araguaina
PNC,medium_airport,Ponca City Regional Airport,Ponca City,US,36.7320,-97.0998,no,America/Chicago
PND,small_airport,Punta Gorda Airport,Punta Gorda,BZ,16.1024,-88.8083,yes,America/Belize
PNE,medium_airport,Northeast Philadelphia Airport,Philadelphia,US,40.0824,-75.0106,no,America/New_York
PNG,small_airport,Paranaguá Airport,Paranaguá,BR,-25.5401,-48.5312,no,America/Sao_Paulo
PNH,large_airport,Phnom Penh International Airport,Phnom Penh (Pou Senchey),KH,11.5472,104.8447,no,Asia/Phnom_Penh
PNI,medium_airport,Pohnpei International Airport,Pohnpei Island,FM,6.9851,158.2099,yes,Pacific/Pohnpei
PNJ,small_airport,Penglai Shahekou Airport,Yantai,CN,37.8047,120.8095,no,Asia/Shanghai
PNK,large_airport,Supadio International Airport,Pontianak,ID,-0.1523,109.4045,yes,Asia/Pontianak
PNL,medium_airport,Pantelleria Airport,Pantelleria (TP),IT,36.8165,11.9689,yes,Europe/Rome
PNN,small_airport,Princeton Municipal Airport,Princeton,US,45.2007,-67.5644,no,America/New_York
PNP,medium_airport,Girua Airport,Popondetta,PG,-8.8045,148.3090,yes,Pacific/Port_Moresby
PNQ,large_airport,Pune International Airport,Pune,IN,18.5821,73.9197,yes,Asia/Kolkata
PNR,large_airport,Antonio Agostinho-Neto International Airport,Pointe Noire,CG,-4.8160,11.8866,yes,Africa/Brazzaville
PNS,large_airport,Pensacola International Airport,Pensacola,US,30.4727,-87.1866,yes,America/Chicago
PNT,medium_airport,Lieutenant Julio Gallardo Airport,Puerto Natales,CL,-51.6707,-72.5291,yes,America/Punta_Arenas
PNU,small_airport,Panguitch Municipal Airport,Panguitch,US,37.8452,-112.3920,no,America/Denver
PNV,medium_airport,Panevėžys Air Base,Panevėžys,LT,55.7294,24.4608,no,Europe/Vilnius
PNX,medium_airport,North Texas Regional Airport Perrin Field,Denison,US,33.7141,-96.6737,no,America/Chicago
PNY,medium_airport,Pondicherry Airport,Puducherry (Pondicherry),IN,11.9680,79.8120,yes,Asia/Kolkata
PNZ,medium_airport,Senador Nilo Coelho Airport,Petrolina,BR,-9.3624,-40.5691,yes,America/Recife
POA,large_airport,Porto Alegre-Salgado Filho International Airport,Porto Alegre,BR,-29.9940,-51.1675,yes,America/Sao_Paulo
POB,medium_airport,Pope Field,Fort Bragg,US,35.1709,-79.0145,no,America/New_York
POC,small_airport,Brackett Field,La Verne,US,34.0916,-117.7820,no,America/Los_Angeles
POD,small_airport,Podor Airport,Podor,SN,16.6782,-14.9650,no,Africa/Dakar
POE,medium_airport,Polk Army Air Field,Fort Polk,US,31.0448,-93.1917,no,America/Chicago
POF,small_airport,Poplar Bluff Municipal Airport,Poplar Bluff,US,36.7739,-90.3249,no,America/Chicago
POG,large_airport,Port Gentil International Airport,Port Gentil,GA,-0.7117,8.7544,yes,Africa/Libreville
POH,small_airport,Pocahontas Municipal Airport,Pocahontas,US,42.7428,-94.6473,no,America/Chicago
POI,medium_airport,Capitan Nicolas Rojas Airport,Potosí,BO,-19.5433,-65.7237,no,America/La_Paz
POJ,small_airport,Patos de Minas Airport,Patos de Minas,BR,-18.6727,-46.4913,no,America/Sao_Paulo
POL,medium_airport,Pemba Airport,Pemba,MZ,-12.9933,40.5249,yes,Africa/Maputo
POM,large_airport,Port Moresby Jacksons International Airport,Port Moresby,PG,-9.4434,147.2200,yes,Pacific/Port_Moresby
PON,small_airport,Poptún Airport,Poptún,GT,16.3258,-89.4161,no,America/Guatemala
POO,medium_airport,Poços de Caldas - Embaixador Walther Moreira Salles Airport,Poços De Caldas,BR,-21.8425,-46.5698,no,America/Sao_Paulo
POP,medium_airport,Gregorio Luperon International Airport,Puerto Plata,DO,19.7579,-70.5700,yes,America/Santo_Domingo
POR,medium_airport,Pori Airport,Pori,FI,61.4617,21.8000,yes,Europe/Helsinki
POS,large_airport,Piarco International Airport,Port of Spain,TT,10.5953,-61.3376,yes,America/Port_of_Spain
POT,medium_airport,Ken Jones Airport,Ken Jones,JM,18.1988,-76.5345,no,America/Jamaica
POU,medium_airport,Dutchess County Airport,Poughkeepsie,US,41.6266,-73.8842,no,America/New_York
POV,small_airport,Prešov Air Base,Prešov,SK,49.0297,21.3156,no,Europe/Bratislava
POW,medium_airport,Portorož Airport,Sečovlje,SI,45.4720,13.6160,no,Europe/Ljubljana
POX,medium_airport,Pontoise-Cormeilles Aerodrome,"Cormeilles-en-Vexin, Val-d'Oise",FR,49.0961,2.0355,no,Europe/Paris
POY,small_airport,Powell Municipal Airport,Powell,US,44.8672,-108.7930,no,America/Denver
POZ,large_airport,Poznań-Ławica Airport,Poznań,PL,52.4216,16.8234,yes,Europe/Warsaw
PPA,small_airport,Perry Lefors Field,Pampa,US,35.6130,-100.9960,no,America/Chicago
PPB,medium_airport,Presidente Prudente Airport,Presidente Prudente,BR,-22.1751,-51.4246,yes,America/Sao_Paulo
PPC,small_airport,Prospect Creek Airport,Prospect Creek,US,66.8141,-150.6440,no,America/Anchorage
PPE,small_airport,Mar de Cortés International Airport,Puerto Peñasco,MX,31.3520,-113.3052,yes,America/Hermosillo
PPF,small_airport,Tri-City Airport,Parsons,US,37.3299,-95.5062,no,America/Chicago
PPG,large_airport,Pago Pago International Airport,Pago Pago,AS,-14.3310,-170.7100,yes,Pacific/Pago_Pago
PPH,small_airport,Paraitepuy Airstrip,Paraitepuy de Ikabarú,VE,4.6004,-61.4982,no,America/Caracas
PPI,medium_airport,Port Pirie Airport,,AU,-33.2389,137.9950,no,Australia/Adelaide
PPJ,small_airport,Pulau Panjang Airport,Jakarta,ID,-5.6444,106.5625,no,Asia/Jakarta
PPK,large_airport,Petropavl International Airport,Petropavl,KZ,54.7756,69.1874,yes,Asia/Almaty
PPL,small_airport,Phaplu Airport,Phaplu,NP,27.5178,86.5850,no,Asia/Kathmandu
PPM,small_airport,Pompano Beach Airpark,Pompano Beach,US,26.2471,-80.1111,no,America/New_York
PPN,medium_airport,Guillermo León Valencia Airport,Popayán,CO,2.4544,-76.6093,yes,America/Bogota
PPP,medium_airport,Proserpine Whitsunday Coast Airport,Proserpine,AU,-20.4944,148.5536,yes,Australia/Brisbane
PPQ,medium_airport,Paraparaumu Airport,,NZ,-40.9047,174.9890,no,Pacific/Auckland
PPR,small_airport,Tuanku Tambusai Airport,Pasir Pengarayan,ID,0.8454,100.3702,no,Asia/Jakarta
PPS,large_airport,Puerto Princesa International Airport / PAF Antonio Bautista Air Base,Puerto Princesa,PH,9.7420,118.7591,yes,Asia/Manila
PPT,large_airport,Fa'a'ā International Airport,Papeete,PF,-17.5535,-149.6069,yes,Pacific/Tahiti
PPU,small_airport,Hpapun Airport,Pa Pun,MM,18.0667,97.4498,no,Asia/Yangon
PPW,small_airport,Papa Westray Airport,"Papa Westray, Orkney Islands",GB,59.3510,-2.9004,yes,Europe/London
PPX,small_airport,Param Airport,Nepesi,PG,-9.9900,149.4770,no,Pacific/Port_Moresby
PPY,small_airport,Pouso Alegre Airport,Pouso Alegre,BR,-22.2892,-45.9191,no,America/Sao_Paulo
PPZ,small_airport,Puerto Paez Airport,Puerto Paez,VE,6.2201,-67.4475,no,America/Caracas
PQC,large_airport,Phú Quốc International Airport,Phu Quoc Island,VN,10.1698,103.9935,yes,Asia/Ho_Chi_Minh
PQI,medium_airport,Presque Isle International Airport,Presque Isle,US,46.6890,-68.0448,yes,America/New_York
PQM,small_airport,Palenque International Airport,Palenque,MX,17.5332,-92.0155,no,America/Mexico_City
PQQ,medium_airport,Port Macquarie Airport,Port Macquarie,AU,-31.4358,152.8630,yes,Australia/Sydney
PQS,small_airport,Pilot Station Airport,Pilot Station,US,61.9617,-162.9419,yes,America/Nome
PRA,medium_airport,General Urquiza Airport,Parana,AR,-31.7948,-60.4804,yes,America/Argentina/Cordoba
PRB,medium_airport,Paso Robles Municipal Airport,Paso Robles,US,35.6729,-120.6270,no,America/Los_Angeles
PRC,medium_airport,Prescott Regional Airport - Ernest A. Love Field,Prescott,US,34.6535,-112.4199,yes,America/Phoenix
PRD,small_airport,Pardoo Airport,Pardoo,AU,-20.1194,119.5719,no,Australia/Perth
PRE,small_airport,Pore Airport,Pore,CO,5.7333,-71.9833,no,America/Bogota
PRG,large_airport,Václav Havel Airport Prague,Prague,CZ,50.1009,14.2599,yes,Europe/Prague
PRH,medium_airport,Phrae Airport,,TH,18.1322,100.1650,no,Asia/Bangkok
PRI,medium_airport,Praslin Island Airport,Praslin Island,SC,-4.3193,55.6916,yes,Indian/Mahe
PRK,small_airport,Prieska Airport,Prieska,ZA,-29.6836,22.7706,no,Africa/Johannesburg
PRM,medium_airport,Portimão Airport,Portimão,PT,37.1493,-8.5840,yes,Europe/Lisbon
PRN,large_airport,Priština Adem Jashari International Airport,Prishtina,XK,42.5728,21.0358,yes,Europe/Belgrade
PRO,small_airport,Perry Municipal Airport,Perry,US,41.8280,-94.1599,no,America/Chicago
PRP,small_airport,Propriano Airport,Propriano,FR,41.6606,8.8897,no,Europe/Paris
PRQ,small_airport,Termal Airport,Presidencia Roque Sáenz Peña,AR,-26.7536,-60.4922,no,America/Argentina/Cordoba
PRR,small_airport,Paruima Airport,Paruima,GY,5.8172,-61.0555,no,America/Guyana
PRS,small_airport,Parasi Airport,Parasi,SB,-9.6417,161.4250,no,Pacific/Guadalcanal
PRU,small_airport,Pyay Airport,Pye,MM,18.8245,95.2660,no,Asia/Yangon
PRV,medium_airport,Přerov Air Base,Přerov,CZ,49.4258,17.4047,no,Europe/Prague
PRW,small_airport,Prentice Airport,Prentice,US,45.5383,-90.2760,no,America/Chicago
PRX,medium_airport,Cox Field,Paris,US,33.6366,-95.4508,no,America/Chicago
PRY,medium_airport,Wonderboom Airport,Pretoria,ZA,-25.6539,28.2242,no,Africa/Johannesburg
PRZ,small_airport,Prineville Airport,Prineville,US,44.2870,-120.9040,no,America/Los_Angeles
PSA,large_airport,Pisa International Airport,Pisa (PI),IT,43.6839,10.3927,yes,Europe/Rome
PSB,small_airport,Mid-State Regional Airport,Philipsburg,US,40.8844,-78.0873,no,America/New_York
PSC,medium_airport,Tri Cities Airport,Pasco,US,46.2647,-119.1190,yes,America/Los_Angeles
PSD,large_airport,Port Said International Airport,Port Said,EG,31.2793,32.2406,yes,Africa/Cairo
PSE,medium_airport,Mercedita International Airport,Ponce,PR,18.0083,-66.5630,yes,America/Puerto_Rico
PSF,small_airport,Pittsfield Municipal Airport,Pittsfield,US,42.4268,-73.2929,no,America/New_York
PSG,medium_airport,Petersburg James A Johnson Airport,Petersburg,US,56.8017,-132.9450,yes,America/Sitka
PSH,small_airport,Sankt Peter-Ording Airport,Sankt Peter-Ording,DE,54.3089,8.6869,no,Europe/Berlin
PSI,medium_airport,Pasni Airport,Pasni,PK,25.2905,63.3451,no,Asia/Karachi
PSJ,medium_airport,Kasiguncu Airport,Poso-Celebes Island,ID,-1.4141,120.6592,no,Asia/Makassar
PSK,small_airport,New River Valley Airport,Dublin,US,37.1373,-80.6785,no,America/New_York
PSL,small_airport,Perth/Scone Airport,"Perth, Perth and Kinross",GB,56.4392,-3.3722,no,Europe/London
PSM,medium_airport,Portsmouth International Airport at Pease,Portsmouth,US,43.0779,-70.8233,yes,America/New_York
PSN,small_airport,Palestine Municipal Airport,Palestine,US,31.7797,-95.7063,no,America/Chicago
PSO,medium_airport,Antonio Nariño Airport,Chachagüí,CO,1.3967,-77.2909,yes,America/Bogota
PSP,large_airport,Palm Springs International Airport,Palm Springs,US,33.8297,-116.5070,yes,America/Los_Angeles
PSR,large_airport,Abruzzo Airport,Pescara,IT,42.4311,14.1830,yes,Europe/Rome
PSS,medium_airport,Libertador Gral D Jose De San Martin Airport,Posadas,AR,-27.3858,-55.9707,yes,America/Argentina/Cordoba
PSU,medium_airport,Pangsuma Airport,Putussibau-Borneo Island,ID,0.8346,112.9402,yes,Asia/Pontianak
PSW,small_airport,José Figueiredo Municipal Airport,Passos,BR,-20.7318,-46.6620,no,America/Sao_Paulo
PSX,small_airport,Palacios Municipal Airport,Palacios,US,28.7275,-96.2510,no,America/Chicago
PSY,small_airport,Port Stanley Airport,Stanley,FK,-51.6857,-57.7776,yes,Atlantic/Stanley
PSZ,medium_airport,Capitán Av. Salvador Ogaya G. airport,Puerto Suárez,BO,-18.9753,-57.8206,yes,America/La_Paz
PTA,small_airport,Port Alsworth Airport,Port Alsworth,US,60.2017,-154.3259,yes,America/Anchorage
PTB,small_airport,Dinwiddie County Airport,Petersburg,US,37.1838,-77.5074,no,America/New_York
PTF,small_airport,Malolo Lailai Island Airport,Malolo Lailai Island,FJ,-17.7784,177.1970,yes,Pacific/Fiji
PTG,large_airport,Polokwane International Airport,Polokwane,ZA,-23.8453,29.4586,yes,Africa/Johannesburg
PTH,medium_airport,Port Heiden Airport,Port Heiden,US,56.9579,-158.6302,yes,America/Anchorage
PTJ,medium_airport,Portland Airport,,AU,-38.3181,141.4710,yes,Australia/Melbourne
PTK,medium_airport,Oakland County International Airport,Pontiac,US,42.6655,-83.4201,no,America/Detroit
PTL,small_airport,Walter Braedt Segú Airport,Máncora,PE,-4.0869,-81.0258,no,America/Lima
PTM,medium_airport,Palmarito Airport,Palmarito,VE,7.5755,-70.1744,no,America/Caracas
PTN,small_airport,Harry P Williams Memorial Airport,Patterson,US,29.7095,-91.3390,no,America/Chicago
PTO,small_airport,Juvenal Loureiro Cardoso Airport,Pato Branco,BR,-26.2172,-52.6945,yes,America/Sao_Paulo
PTP,large_airport,Maryse Condé International Airport,Pointe-à-Pitre,GP,16.2654,-61.5328,yes,America/Guadeloupe
PTQ,small_airport,Porto de Moz Airport,Porto de Moz,BR,-1.7413,-52.2360,no,America/Belem
PTS,small_airport,Atkinson Municipal Airport,Pittsburg,US,37.4495,-94.7311,no,America/Chicago
PTT,small_airport,Pratt Regional Airport,Pratt,US,37.7016,-98.7469,no,America/Chicago
PTU,medium_airport,Platinum Airport,Platinum,US,59.0177,-161.8279,yes,America/Anchorage
PTV,small_airport,Porterville Municipal Airport,Porterville,US,36.0296,-119.0630,no,America/Los_Angeles
PTW,small_airport,Heritage Field,Pottstown,US,40.2396,-75.5567,no,America/New_York
PTX,medium_airport,Pitalito Airport,Pitalito,CO,1.8578,-76.0857,no,America/Bogota
PTY,large_airport,Tocumen International Airport,Tocumen,PA,9.0714,-79.3835,yes,America/Panama
PTZ,small_airport,Rio Amazonas Airport,Shell Mera,EC,-1.5052,-78.0627,no,America/Guayaquil
PUA,small_airport,Puas Airport,Puas Mission,PG,-2.3950,150.2361,no,Pacific/Port_Moresby
PUB,medium_airport,Pueblo Memorial Airport,Pueblo,US,38.2891,-104.4970,yes,America/Denver
PUC,small_airport,Carbon County Regional Airport / Buck Davis Field,Price,US,39.6139,-110.7510,no,America/Denver
PUD,medium_airport,Puerto Deseado Airport,Puerto Deseado,AR,-47.7353,-65.9041,yes,America/Argentina/Rio_Gallegos
PUE,small_airport,Puerto Obaldía Airport,Puerto Obaldía,PA,8.6688,-77.4174,no,America/Panama
PUF,medium_airport,Pau Pyrénées Airport,Pau/Pyrénées (Uzein),FR,43.3800,-0.4186,yes,Europe/Paris
PUG,medium_airport,Port Augusta Airport,,AU,-32.5069,137.7170,yes,Australia/Adelaide
PUJ,large_airport,Punta Cana International Airport,Punta Cana,DO,18.5671,-68.3646,yes,America/Santo_Domingo
PUK,small_airport,Pukaruha Airport,Pukaruha,PF,-18.2957,-137.0163,no,Pacific/Tahiti
PUN,small_airport,Punia Airport,Punia,CD,-1.3907,26.3481,no,Africa/Lubumbashi
PUP,small_airport,Po Airport,Po,BF,11.1791,-1.1485,no,Africa/Ouagadougou
PUQ,large_airport,President Carlos Ibáñez International Airport,Punta Arenas,CL,-53.0026,-70.8546,yes,America/Punta_Arenas
PUR,small_airport,Puerto Rico Airport,Puerto Rico/Manuripi,BO,-11.1077,-67.5512,yes,America/La_Paz
PUS,large_airport,Gimhae International Airport,Busan,KR,35.1795,128.9380,yes,Asia/Seoul
PUT,medium_airport,Sri Sathya Sai Airport,Puttaparthi,IN,14.1493,77.7911,no,Asia/Kolkata
PUU,medium_airport,Tres De Mayo Airport,Puerto Asís,CO,0.5052,-76.5008,yes,America/Bogota
PUV,small_airport,Poum / Malabou Airport,Malabou,NC,-20.2892,164.0993,no,Pacific/Noumea
PUW,medium_airport,Pullman-Moscow Regional Airport,Pullman,US,46.7416,-117.1116,yes,America/Los_Angeles
PUX,small_airport,El Mirador Airport,Puerto Varas,CL,-41.3494,-72.9467,no,America/Santiago
PUY,large_airport,Pula Airport,Pula,HR,44.8935,13.9222,yes,Europe/Zagreb
PUZ,medium_airport,Puerto Cabezas Airport,Puerto Cabezas,NI,14.0472,-83.3867,yes,America/Managua
PVA,medium_airport,El Embrujo Airport,Providencia,CO,13.3575,-81.3580,yes,America/Bogota
PVC,small_airport,Provincetown Municipal Airport,Provincetown,US,42.0719,-70.2214,no,America/New_York
PVD,large_airport,Rhode Island T. F. Green International Airport,Providence/Warwick,US,41.7250,-71.4257,yes,America/New_York
PVF,small_airport,Placerville Airport,Placerville,US,38.7242,-120.7530,no,America/Los_Angeles
PVG,large_airport,Shanghai Pudong International Airport,Shanghai (Pudong),CN,31.1434,121.8050,yes,Asia/Shanghai
PVH,large_airport,Governador Jorge Teixeira de Oliveira International Airport,Porto Velho,BR,-8.7085,-63.9023,yes,America/Porto_Velho
PVI,small_airport,Paranavaí Airport,Paranavaí,BR,-23.0899,-52.4885,no,America/Sao_Paulo
PVK,medium_airport,Aktion National Airport,Preveza,GR,38.9255,20.7653,yes,Europe/Athens
PVL,small_airport,Pike County Airport Hatcher Field,Pikeville,US,37.5608,-82.5701,no,America/New_York
PVO,medium_airport,Reales Tamarindos Airport,Portoviejo,EC,-1.0416,-80.4722,no,America/Guayaquil
PVR,large_airport,Puerto Vallarta International Airport,Puerto Vallarta,MX,20.6799,-105.2544,yes,America/Mexico_City
PVS,medium_airport,Provideniya Bay Airport,Chukotka,RU,64.3781,-173.2430,no,Asia/Anadyr
PVU,medium_airport,Provo Municipal Airport,Provo,US,40.2189,-111.7224,yes,America/Denver
PVW,small_airport,Hale County Airport,Plainview,US,34.1681,-101.7170,no,America/Chicago
PWA,small_airport,Wiley Post Airport,Oklahoma City,US,35.5342,-97.6471,no,America/Chicago
PWD,small_airport,Sher-Wood Airport,Plentywood,US,48.7903,-104.5340,no,America/Denver
PWE,medium_airport,Pevek Airport,Apapelgino,RU,69.7833,170.5970,yes,Asia/Anadyr
PWI,small_airport,Beles Airport,Pawe,ET,11.3126,36.4164,no,Africa/Addis_Ababa
PWK,medium_airport,Chicago Executive Airport,Chicago/Prospect Heights/Wheeling,US,42.1142,-87.9015,no,America/Chicago
PWL,small_airport,Jenderal Besar Soedirman Airport,Purwokerto-Java Island,ID,-7.4612,109.4141,no,Asia/Jakarta
PWM,large_airport,Portland International Jetport,Portland,US,43.6462,-70.3093,yes,America/New_York
PWN,small_airport,Pitts Town Airport,Pitts Town,BS,22.8297,-74.3461,no,America/Nassau
PWO,small_airport,Pweto Airport,Pweto,CD,-8.4008,28.9263,no,Africa/Lubumbashi
PWQ,large_airport,Pavlodar International Airport,Pavlodar,KZ,52.1950,77.0731,yes,Asia/Almaty
PWT,medium_airport,Bremerton National Airport,Bremerton,US,47.4902,-122.7650,no,America/Los_Angeles
PWY,medium_airport,Ralph Wenz Field,Pinedale,US,42.7955,-109.8070,no,America/Denver
PXA,small_airport,Atung Bungsu Airport,Bentayan,ID,-4.0225,103.3792,no,Asia/Jakarta
PXH,small_airport,Prominent Hill Airport,Mount Eba,AU,-29.7160,135.5244,yes,Australia/Adelaide
PXL,small_airport,Polacca Airport,Polacca,US,35.7917,-110.4230,no,America/Phoenix
PXM,medium_airport,Puerto Escondido International Airport,Puerto Escondido,MX,15.8768,-97.0891,yes,America/Mexico_City
PXO,medium_airport,Porto Santo Airport,Vila Baleira,PT,33.0734,-16.3500,yes,Atlantic/Madeira
PXR,medium_airport,Surin Airport,Surin,TH,14.8683,103.4980,yes,Asia/Bangkok
PXU,medium_airport,Pleiku Airport,Pleiku,VN,14.0045,108.0170,yes,Asia/Ho_Chi_Minh
PYA,small_airport,Velásquez Airport,Puerto Boyacá,CO,5.9390,-74.4570,no,America/Bogota
PYB,small_airport,Jeypore Airport,Jeypore,IN,18.8795,82.5525,no,Asia/Kolkata
PYC,small_airport,Playón Chico Airport,Ukupseni,PA,9.3069,-78.2353,no,America/Panama
PYE,small_airport,Tongareva Airport,Penrhyn Island,CK,-9.0144,-158.0324,no,Pacific/Rarotonga
PYG,small_airport,Pakyong Airport,Pakyong,IN,27.2313,88.5872,no,Asia/Kolkata
PYH,medium_airport,Cacique Aramare Airport,Puerto Ayacucho,VE,5.6200,-67.6061,no,America/Caracas
PYJ,medium_airport,Polyarny Airport,Yakutia,RU,66.4004,112.0300,yes,Asia/Yakutsk
PYK,large_airport,Payam International Airport,Karaj,IR,35.7761,50.8267,yes,Asia/Tehran
PYM,small_airport,Plymouth Municipal Airport,Plymouth,US,41.9090,-70.7288,no,America/New_York
PYN,small_airport,Payán Airport,Payán,CO,1.8000,-78.1667,no,America/Bogota
PYO,small_airport,Putumayo Airport,Puerto Putumayo,EC,0.1159,-75.8502,no,America/Guayaquil
PYR,medium_airport,Andravida Air Base,Andravida,GR,37.9207,21.2926,no,Europe/Athens
PYS,small_airport,Paradise Skypark Airport,Paradise,US,39.7103,-121.6165,no,America/Los_Angeles
PYT,small_airport,Pedro Rabelo de Souza Airport,Paracatu,BR,-17.2426,-46.8831,yes,America/Sao_Paulo
PYV,small_airport,Yaviza Airport,Yaviza,PA,8.1528,-77.6870,no,America/Panama
PYY,small_airport,Pai Airport,Pai,TH,19.3721,98.4359,no,Asia/Bangkok
PZA,medium_airport,Paz de Ariporo Airport,Paz de Ariporo,CO,5.8761,-71.8867,no,America/Bogota
PZB,medium_airport,Pietermaritzburg Airport,Pietermaritzburg,ZA,-29.6490,30.3987,yes,Africa/Johannesburg
PZH,medium_airport,Zhob Airport,Fort Sandeman,PK,31.3584,69.4636,yes,Asia/Karachi
PZI,medium_airport,Panzhihua Bao'anying Airport,Panzhihua (Renhe),CN,26.5400,101.7985,yes,Asia/Shanghai
PZK,small_airport,Pukapuka Island Airport,Pukapuka Atoll,CK,-10.9145,-165.8393,no,Pacific/Rarotonga
PZL,small_airport,Zulu Inyala Airport,Phinda,ZA,-27.8494,32.3097,no,Africa/Johannesburg
PZO,large_airport,General Manuel Carlos Piar International Airport,Guyana City,VE,8.2885,-62.7604,yes,America/Caracas
PZR,small_airport,Pizarro Airport,Bajo Baudó,CO,4.9616,-77.3639,no,America/Bogota
PZS,medium_airport,Maquehue Airport,Temuco,CL,-38.7668,-72.6371,no,America/Santiago
PZU,large_airport,Port Sudan New International Airport,Port Sudan,SD,19.4346,37.2341,yes,Africa/Khartoum
PZY,medium_airport,Piešťany Airport,Piešťany,SK,48.6252,17.8284,no,Europe/Bratislava
QBC,medium_airport,Bella Coola Airport,Bella Coola,CA,52.3875,-126.5960,yes,America/Vancouver
QCH,small_airport,Colatina Airport,Colatina,BR,-19.4875,-40.5794,no,America/Sao_Paulo
QCP,small_airport,Currais Novos Airport,Currais Novos,BR,-6.2808,-36.5403,no,America/Fortaleza
QCY,medium_airport,RAF Coningsby,"Lincoln, Lincolnshire",GB,53.0930,-0.1660,no,Europe/London
QDB,small_airport,Cachoeira do Sul Airport,Cachoeira Do Sul,BR,-30.0019,-52.9408,no,America/Sao_Paulo
QDV,small_airport,Comte. Rolim Adolfo Amaro–Jundiaí State Airport,Jundiaí,BR,-23.1809,-46.9439,no,America/Sao_Paulo
QGF,small_airport,Montenegro Airport,Montenegro,BR,-29.7194,-51.4894,no,America/Sao_Paulo
QGP,small_airport,Garanhuns Airport,Garanhuns,BR,-8.8343,-36.4716,no,America/Recife
QGU,medium_airport,Gifu Airport,Gifu,JP,35.3941,136.8700,no,Asia/Tokyo
QHR,medium_airport,Harar Meda Airport,Debre Zeyit,ET,8.7163,39.0059,no,Africa/Addis_Ababa
QHU,small_airport,Husum-Schwesing Airport,Husum,DE,54.5100,9.1383,no,Europe/Berlin
QHV,small_airport,Novo Hamburgo Airport,Novo Hamburgo,BR,-29.6961,-51.0817,no,America/Sao_Paulo
QIG,small_airport,Iguatu Airport,Iguatu,BR,-6.3463,-39.2944,no,America/Fortaleza
QIT,small_airport,Itapetinga Airport,Itapetinga,BR,-15.2445,-40.2772,no,America/Bahia
QJP,small_airport,Pocheon (G-217) Airport,Pocheon,KR,37.8646,127.1766,no,Asia/Seoul
QMJ,medium_airport,Shahid Asiyaee Airport,Masjed Soleyman,IR,32.0017,49.2686,no,Asia/Tehran
QNS,medium_airport,Canoas Air Force Base,Porto Alegre,BR,-29.9459,-51.1444,no,America/Sao_Paulo
QOW,medium_airport,Sam Mbakwe International Cargo Airport,Owerri,NG,5.4271,7.2060,yes,Africa/Lagos
QPG,medium_airport,Paya Lebar Air Base,Paya Lebar,SG,1.3604,103.9100,no,Asia/Singapore
QRA,medium_airport,Rand Airport,Johannesburg,ZA,-26.2425,28.1512,no,Africa/Johannesburg
QRF,small_airport,Bragado Airport,Bragado,AR,-35.1458,-60.4803,no,America/Argentina/Buenos_Aires
QRM,medium_airport,Narromine Airport,,AU,-32.2147,148.2250,no,Australia/Sydney
QRO,large_airport,Querétaro Intercontinental Airport,Querétaro,MX,20.6188,-100.1864,yes,America/Mexico_City
QRW,medium_airport,Warri Airport,Okpe,NG,5.5982,5.8187,yes,Africa/Lagos
QSC,small_airport,Mário Pereira Lopes–São Carlos International Airport,São Carlos,BR,-21.8750,-47.9039,no,America/Sao_Paulo
QSF,medium_airport,Ain Arnat Airport,Sétif,DZ,36.1785,5.3299,yes,Africa/Algiers
QSI,small_airport,Moshi Airport,Moshi,TZ,-3.3633,37.3269,no,Africa/Dar_es_Salaam
QSR,medium_airport,Salerno Costa d'Amalfi Airport,Salerno,IT,40.6204,14.9113,yes,Europe/Rome
QSX,small_airport,New Amsterdam Airport,New Amsterdam,GY,6.2443,-57.4742,no,America/Guyana
QSZ,medium_airport,Shache Airport,Shache,CN,38.2454,77.0561,yes,Asia/Shanghai
QUB,small_airport,Ubari Airport,Ubari,LY,26.5675,12.8231,no,Africa/Tripoli
QUG,small_airport,Goodwood Aerodrome,"Chichester, West Sussex",GB,50.8598,-0.7601,no,Europe/London
QUO,medium_airport,Akwa Ibom International Airport,Uyo,NG,4.8725,8.0930,yes,Africa/Lagos
QUY,small_airport,RAF Wyton,"St Ives, Cambridgeshire",GB,52.3571,-0.1078,no,Europe/London
RAA,small_airport,Rakanda Airport,Rakanda,PG,-4.2096,152.4385,no,Pacific/Port_Moresby
RAB,medium_airport,Tokua Airport,Kokopo,PG,-4.3405,152.3800,yes,Pacific/Port_Moresby
RAC,small_airport,John H Batten Airport,Racine,US,42.7606,-87.8152,no,America/Chicago
RAE,medium_airport,Arar Domestic Airport,Arar,SA,30.9066,41.1382,yes,Asia/Riyadh
RAF,small_airport,Rafaela Airport,Rafaela,AR,-31.2825,-61.5017,no,America/Argentina/Cordoba
RAG,small_airport,Raglan Aerodrome,Raglan,NZ,-37.8047,174.8600,no,Pacific/Auckland
RAH,medium_airport,Rafha Domestic Airport,Rafha,SA,29.6264,43.4906,yes,Asia/Riyadh
RAI,large_airport,Nelson Mandela International Airport,Praia,CV,14.9411,-23.4847,yes,Atlantic/Cape_Verde
RAJ,medium_airport,Rajkot Airport,Rajkot,IN,22.3092,70.7795,no,Asia/Kolkata
RAK,large_airport,Marrakesh Menara Airport,Marrakesh,MA,31.6048,-8.0358,yes,Africa/Casablanca
RAL,medium_airport,Riverside Municipal Airport,Riverside,US,33.9519,-117.4450,no,America/Los_Angeles
RAM,small_airport,Ramingining Airport,,AU,-12.3564,134.8980,yes,Australia/Darwin
RAN,small_airport,Ravenna Airport,Ravenna (RA),IT,44.3643,12.2250,no,Europe/Rome
RAO,medium_airport,Leite Lopes Airport,Ribeirão Preto,BR,-21.1343,-47.7741,yes,America/Sao_Paulo
RAP,medium_airport,Rapid City Regional Airport,Rapid City,US,44.0453,-103.0570,yes,America/Denver
RAQ,small_airport,Sugimanuru Airport,Raha,ID,-4.7633,122.5664,no,Asia/Makassar
RAR,large_airport,Rarotonga International Airport,Avarua,CK,-21.2027,-159.8060,yes,Pacific/Rarotonga
RAS,medium_airport,Sardar-e-Jangal Airport,Rasht,IR,37.3233,49.6178,yes,Asia/Tehran
RAV,small_airport,Cravo Norte Airport,Cravo Norte,CO,6.3164,-70.2114,no,America/Bogota
RAW,small_airport,Arawa Airport,Arawa,PG,-6.2206,155.5714,no,Pacific/Bougainville
RAX,small_airport,Oram Airport,,PG,-9.6329,148.0481,no,Pacific/Port_Moresby
RAZ,medium_airport,Rawalakot Airport,Rawalakot,PK,33.8497,73.7981,no,Asia/Karachi
RBA,large_airport,Rabat-Salé Airport,Rabat,MA,34.0515,-6.7515,yes,Africa/Casablanca
RBB,small_airport,Borba Airport,Borba,BR,-4.4063,-59.6024,yes,America/Manaus
RBC,small_airport,Robinvale Airport,Robinvale,AU,-34.6429,142.7730,no,Australia/Melbourne
RBD,small_airport,Dallas Executive Airport,Dallas,US,32.6809,-96.8682,no,America/Chicago
RBE,medium_airport,Ratanakiri Airport,Ratanakiri,KH,13.7300,106.9870,no,Asia/Phnom_Penh
RBF,small_airport,Big Bear City Airport,Big Bear,US,34.2638,-116.8560,no,America/Los_Angeles
RBG,small_airport,Roseburg Regional Airport,Roseburg,US,43.2388,-123.3560,no,America/Los_Angeles
RBI,small_airport,Rabi Island Airport,Rabi Island,FJ,-16.5337,179.9757,no,Pacific/Fiji
RBJ,small_airport,Rebun Airport,Rebun,JP,45.4550,141.0390,no,Asia/Tokyo
RBK,small_airport,French Valley Airport,Murrieta,US,33.5742,-117.1280,no,America/Los_Angeles
RBL,medium_airport,Red Bluff Municipal Airport,Red Bluff,US,40.1507,-122.2520,no,America/Los_Angeles
RBM,small_airport,Straubing Airport,Atting,DE,48.9008,12.5167,no,Europe/Berlin
RBO,small_airport,Roboré Airport,Roboré,BO,-18.3282,-59.7653,no,America/La_Paz
RBP,small_airport,Raba Raba Airport,Rabaraba,PG,-9.9711,149.8322,no,Pacific/Port_Moresby
RBQ,small_airport,Rurrenabaque Airport,Rurrenabaque,BO,-14.4279,-67.4968,yes,America/La_Paz
RBR,large_airport,Rio Branco-Plácido de Castro International Airport,Rio Branco,BR,-9.8690,-67.8940,yes,America/Rio_Branco
RBS,small_airport,Orbost Airport,,AU,-37.7900,148.6100,no,Australia/Melbourne
RBT,small_airport,Marsabit Airport,Marsabit,KE,2.3443,38.0000,no,Africa/Nairobi
RBU,small_airport,Roebourne Airport,Roebourne,AU,-20.7639,117.1552,no,Australia/Perth
RBV,small_airport,Ramata Airport,Ramata,SB,-8.1681,157.6430,yes,Pacific/Guadalcanal
RBW,small_airport,Lowcountry Regional Airport,Walterboro,US,32.9210,-80.6406,no,America/New_York
RBX,small_airport,Rumbek Airport,Rumbek,SS,6.8311,29.6691,no,Africa/Juba
RBY,medium_airport,Ruby Airport,Ruby,US,64.7272,-155.4700,yes,America/Anchorage
RBZ,small_airport,Shahrisabz Southwest Airport,Shahrisabz,UZ,39.0301,66.7758,no,Asia/Samarkand
RCA,medium_airport,Ellsworth Air Force Base,Rapid City,US,44.1450,-103.1040,no,America/Denver
RCB,medium_airport,Richards Bay Airport,Richards Bay,ZA,-28.7410,32.0921,yes,Africa/Johannesburg
RCE,small_airport,Roche Harbor Airport,Roche Harbor,US,48.6123,-123.1390,yes,America/Los_Angeles
RCH,medium_airport,Almirante Padilla Airport,Riohacha,CO,11.5262,-72.9260,yes,America/Bogota
RCK,small_airport,H H Coffield Regional Airport,Rockdale,US,30.6316,-96.9897,no,America/Chicago
RCL,small_airport,Redcliffe Airport,Redcliffe,VU,-15.4720,167.8350,no,Pacific/Efate
RCM,small_airport,Richmond Airport,,AU,-20.7019,143.1150,yes,Australia/Brisbane
RCO,medium_airport,Rochefort-Saint-Agnant (BA 721) Airport,Rochefort/Saint-Agnant,FR,45.8878,-0.9831,no,Europe/Paris
RCQ,medium_airport,Reconquista Airport,Reconquista,AR,-29.2103,-59.6833,no,America/Argentina/Cordoba
RCR,small_airport,Fulton County Airport,Rochester,US,41.0656,-86.1817,no,America/Indiana/Indianapolis
RCS,small_airport,Rochester Airport,"Rochester, Kent",GB,51.3519,0.5033,no,Europe/London
RCU,medium_airport,Area De Material Airport,Rio Cuarto,AR,-33.0851,-64.2613,no,America/Argentina/Cordoba
RCY,small_airport,Rum Cay International Airport,Port Nelson,BS,23.6834,-74.8363,no,America/Nassau
RDA,small_airport,Rockhampton Downs Airport,Rockhampton Downs,AU,-18.9533,135.2010,no,Australia/Darwin
RDB,small_airport,Red Dog Airport,Red Dog,US,68.0321,-162.8990,no,America/Nome
RDC,small_airport,Redenção Airport,Redenção,BR,-8.0312,-49.9797,no,America/Belem
RDD,medium_airport,Redding Municipal Airport,Redding,US,40.5090,-122.2930,yes,America/Los_Angeles
RDE,small_airport,Merdey Airport,Merdei-Papua Island,ID,-1.5912,133.2959,no,Asia/Jayapura
RDG,medium_airport,Reading Regional Airport (Carl A Spaatz Field),Reading,US,40.3785,-75.9652,no,America/New_York
RDL,medium_airport,Bardawil International Airport,El Hassana,EG,30.4107,33.1553,no,Africa/Cairo
RDM,medium_airport,Roberts Field,Redmond,US,44.2541,-121.1500,yes,America/Los_Angeles
RDN,small_airport,LTS Pulau Redang Airport,Redang,MY,5.7648,103.0049,no,Asia/Kuala_Lumpur
RDO,medium_airport,Warsaw Radom Airport,Radom,PL,51.3894,21.2147,yes,Europe/Warsaw
RDP,medium_airport,Kazi Nazrul Islam Airport,Durgapur,IN,23.6225,87.2430,yes,Asia/Kolkata
RDR,medium_airport,Grand Forks Air Force Base,Grand Forks,US,47.9611,-97.4012,no,America/Chicago
RDS,medium_airport,Rincon De Los Sauces Airport,Rincon de los Sauces,AR,-37.3906,-68.9042,no,America/Argentina/Salta
RDT,small_airport,Richard Toll Airport,Richard Toll,SN,16.4378,-15.6564,no,Africa/Dakar
RDU,large_airport,Raleigh-Durham International Airport,Raleigh/Durham,US,35.8787,-78.7873,yes,America/New_York
RDV,small_airport,Red Devil Airport,Red Devil,US,61.7881,-157.3500,yes,America/Anchorage
RDZ,medium_airport,Rodez–Aveyron Airport,Rodez/Marcillac,FR,44.4079,2.4827,yes,Europe/Paris
REA,medium_airport,Reao Airport,Reao,PF,-18.4665,-136.4385,no,Pacific/Tahiti
REB,small_airport,Müritz Airpark,Lärz,DE,53.3064,12.7522,no,Europe/Berlin
REC,large_airport,Recife/Guararapes - Gilberto Freyre International Airport,Recife,BR,-8.1275,-34.9230,yes,America/Recife
RED,small_airport,Mifflin County Airport,Reedsville,US,40.6774,-77.6268,no,America/New_York
REE,small_airport,Reese Airpark,Lubbock,US,33.5903,-102.0370,no,America/Chicago
REG,medium_airport,Reggio Calabria Airport,Reggio Calabria,IT,38.0712,15.6516,yes,Europe/Rome
REI,small_airport,Régina Airport,Régina,GF,4.3134,-52.1327,no,America/Cayenne
REL,medium_airport,Almirante Marco Andres Zar Airport,Rawson,AR,-43.2105,-65.2703,yes,America/Argentina/Catamarca
REN,medium_airport,Orenburg Central Airport,Orenburg,RU,51.7927,55.4572,yes,Asia/Yekaterinburg
REO,small_airport,Rome State Airport,Rome,US,42.5777,-117.8850,no,America/Boise
REQ,small_airport,Reko Diq Airport,Chagai,PK,29.0469,62.1968,no,Asia/Karachi
RER,medium_airport,Retalhuleu Airport,Retalhuleu,GT,14.5214,-91.6970,yes,America/Guatemala
RES,large_airport,Resistencia International Airport,Resistencia,AR,-27.4499,-59.0561,yes,America/Argentina/Cordoba
RET,small_airport,Røst Airport,Røst,NO,67.5265,12.1016,yes,Europe/Oslo
REU,large_airport,Reus Airport,Reus,ES,41.1475,1.1684,yes,Europe/Madrid
REW,medium_airport,"Rewa Airport, Chorhata, REWA",Rewa,IN,24.5034,81.2203,yes,Asia/Kolkata
REX,medium_airport,General Lucio Blanco International Airport,Reynosa,MX,26.0089,-98.2285,yes,America/Matamoros
REY,small_airport,Reyes Airport,Reyes,BO,-14.3044,-67.3534,no,America/La_Paz
REZ,small_airport,Resende Airport,Resende,BR,-22.4785,-44.4803,no,America/Sao_Paulo
RFA,small_airport,Rafaï Airport,Rafaï,CF,4.9886,23.9278,no,Africa/Bangui
RFD,medium_airport,Chicago Rockford International Airport,Chicago/Rockford,US,42.1954,-89.0972,yes,America/Chicago
RFG,small_airport,Rooke Field,Refugio,US,28.2936,-97.3230,no,America/Chicago
RFK,small_airport,Rollang Field,Rolling Fork,US,32.9535,-90.8451,no,America/Chicago
RFN,small_airport,Raufarhöfn Airport,Raufarhöfn,IS,66.4064,-15.9183,no,Atlantic/Reykjavik
RFP,medium_airport,Raiatea Airport,Uturoa,PF,-16.7229,-151.4660,yes,Pacific/Tahiti
RFR,small_airport,Rio Frio / Progreso Airport,Rio Frio / Progreso,CR,10.3274,-83.8876,no,America/Costa_Rica
RFS,small_airport,Rosita Airport,La Rosita,NI,13.8897,-84.4089,no,America/Managua
RGA,medium_airport,Gobernador Ramón Trejo Noel International Airport,Rio Grande,AR,-53.7777,-67.7494,yes,America/Argentina/Ushuaia
RGH,small_airport,Balurghat Airport,Balurghat,IN,25.2617,88.7956,no,Asia/Kolkata
RGI,medium_airport,Rangiroa Airport,,PF,-14.9543,-147.6610,yes,Pacific/Tahiti
RGK,medium_airport,Gorno-Altaysk Airport,Gorno-Altaysk,RU,51.9692,85.8365,no,Asia/Barnaul
RGL,large_airport,Piloto Civil Norberto Fernández International Airport,Rio Gallegos,AR,-51.6088,-69.3089,yes,America/Argentina/Rio_Gallegos
RGN,large_airport,Yangon International Airport,Yangon,MM,16.9073,96.1332,yes,Asia/Yangon
RGO,medium_airport,Orang (Chongjin) Airport,Hoemun-ri,KP,41.4285,129.6476,yes,Asia/Pyongyang
RGR,small_airport,Ranger Municipal Airport,Ranger,US,32.4526,-98.6828,no,America/Chicago
RGS,medium_airport,Burgos Airport,Burgos,ES,42.3576,-3.6208,no,Europe/Madrid
RGT,medium_airport,Japura Airport,Rengat-Sumatra Island,ID,-0.3528,102.3350,no,Asia/Jakarta
RHA,small_airport,Reykhólar Airport,Reykhólar,IS,65.4526,-22.2061,no,Atlantic/Reykjavik
RHD,medium_airport,Termas de Río Hondo international Airport,Termas de Río Hondo,AR,-27.4966,-64.9360,yes,America/Argentina/Cordoba
RHG,small_airport,Ruhengeri Airport,Ruhengeri,RW,-1.4969,29.6313,no,Africa/Kigali
RHI,medium_airport,Rhinelander Oneida County Airport,Rhinelander,US,45.6312,-89.4675,yes,America/Chicago
RHL,small_airport,Roy Hill Station Airport,,AU,-22.6258,119.9590,no,Australia/Perth
RHN,small_airport,Skorpion Mine Airport,Rosh Pinah,NA,-27.8764,16.6478,no,Africa/Windhoek
RHO,large_airport,"Rhodes International Airport ""Diagoras""",Rhodes,GR,36.4054,28.0862,yes,Europe/Athens
RHP,small_airport,Ramechhap Airport,Ramechhap,NP,27.3940,86.0614,no,Asia/Kathmandu
RHT,small_airport,Alxa Right Banner Badanjilin Airport,Badanjilin,CN,39.2250,101.5460,yes,Asia/Shanghai
RHV,small_airport,Reid-Hillview Airport of Santa Clara County,San Jose,US,37.3329,-121.8190,no,America/Los_Angeles
RIA,medium_airport,Santa Maria Airport,Santa Maria,BR,-29.7114,-53.6882,yes,America/Sao_Paulo
RIB,medium_airport,Capitán Av. Selin Zeitun Lopez Airport,Riberalta,BO,-11.0094,-66.0755,yes,America/La_Paz
RIC,large_airport,Richmond International Airport,Richmond,US,37.5052,-77.3197,yes,America/New_York
RID,small_airport,Richmond Municipal Airport,Richmond,US,39.7572,-84.8428,no,America/Indiana/Indianapolis
RIE,small_airport,Rice Lake Regional Airport - Carl's Field,Rice Lake,US,45.4230,-91.7731,no,America/Chicago
RIF,small_airport,Richfield Municipal Airport,Richfield,US,38.7341,-112.1016,no,America/Denver
RIG,small_airport,Rio Grande Regional Airport,Rio Grande,BR,-32.0831,-52.1672,no,America/Sao_Paulo
RIH,small_airport,Scarlett Martinez International Airport,Río Hato,PA,8.3759,-80.1279,yes,America/Panama
RIJ,medium_airport,Juan Simons Vela Airport,Rioja,PE,-6.0679,-77.1600,no,America/Lima
RIL,medium_airport,Garfield County Regional Airport,Rifle,US,39.5263,-107.7270,no,America/Denver
RIM,small_airport,San Nicolas Airport,Rodriguez de Mendoza,PE,-6.3923,-77.5012,no,America/Lima
RIN,small_airport,Ringi Cove Airport,Ringi Cove,SB,-8.1264,157.1430,no,Pacific/Guadalcanal
RIR,small_airport,Flabob Airport,Riverside,US,33.9897,-117.4110,no,America/Los_Angeles
RIS,medium_airport,Rishiri Airport,Rishiri,JP,45.2420,141.1860,yes,Asia/Tokyo
RIV,medium_airport,March Air Reserve Base,Riverside,US,33.8807,-117.2590,no,America/Los_Angeles
RIW,medium_airport,Central Wyoming Regional Airport,Riverton,US,43.0642,-108.4600,yes,America/Denver
RIX,large_airport,Riga International Airport,Riga,LV,56.9208,23.9707,yes,Europe/Riga
RIY,large_airport,Riyan International Airport,Mukalla(Riyan),YE,14.6622,49.3753,yes,Asia/Aden
RIZ,medium_airport,Rizhao Shanzihe Airport,Rizhao (Donggang),CN,35.4050,119.3244,yes,Asia/Shanghai
RJA,medium_airport,Rajahmundry Airport,Madhurapudi,IN,17.1058,81.8132,yes,Asia/Kolkata
RJB,small_airport,Rajbiraj Airport,Rajbiraj,NP,26.5101,86.7339,no,Asia/Kathmandu
RJH,medium_airport,Shah Makhdum Airport,Rajshahi,BD,24.4372,88.6165,yes,Asia/Dhaka
RJI,small_airport,Rajouri Airport,Rajouri,IN,33.3779,74.3152,no,Asia/Kolkata
RJK,large_airport,Rijeka Airport,Rijeka(Omišalj),HR,45.2164,14.5709,yes,Europe/Zagreb
RJL,medium_airport,Logroño-Agoncillo Airport,Logroño,ES,42.4610,-2.3222,no,Europe/Madrid
RJM,small_airport,Marinda Airport,Waisai,ID,-0.4250,130.7735,yes,Asia/Jayapura
RJN,medium_airport,Rafsanjan Airport,Rafsanjan,IR,30.2983,56.0490,yes,Asia/Tehran
RKA,small_airport,Aratika Nord Airport,,PF,-15.4857,-145.4648,no,Pacific/Tahiti
RKD,medium_airport,Knox County Regional Airport,Rockland,US,44.0601,-69.0992,yes,America/New_York
RKE,medium_airport,Copenhagen Roskilde Airport,Roskilde,DK,55.5856,12.1314,yes,Europe/Copenhagen
RKH,small_airport,Rock Hill - York County Airport,Rock Hill,US,34.9878,-81.0572,no,America/New_York
RKI,small_airport,Mentawai Airport,Sipura Island,ID,-2.1001,99.7044,yes,Asia/Jakarta
RKP,small_airport,Aransas County Airport,Rockport,US,28.0868,-97.0446,no,America/Chicago
RKR,small_airport,Robert S Kerr Airport,Poteau,US,35.0216,-94.6213,no,America/Chicago
RKS,medium_airport,Southwest Wyoming Regional Airport,Rock Springs,US,41.5942,-109.0650,yes,America/Denver
RKT,large_airport,Ras Al Khaimah International Airport,Ras Al Khaimah,AE,25.6135,55.9388,yes,Asia/Dubai
RKU,small_airport,Kairuku Airport,Yule Island,PG,-8.8170,146.5244,no,Pacific/Port_Moresby
RKV,medium_airport,Reykjavík Domestic Airport,Reykjavík,IS,64.1287,-21.9376,yes,Atlantic/Reykjavik
RKW,small_airport,Rockwood Municipal Airport,Rockwood,US,35.9223,-84.6897,no,America/Chicago
RKY,small_airport,Rokeby Airport,Rokeby,AU,-13.6434,142.6410,no,Australia/Brisbane
RKZ,large_airport,Xigaze Peace Airport / Shigatse Air Base,Xigazê (Samzhubzê),CN,29.3509,89.2992,yes,Asia/Shanghai
RLA,small_airport,Rolla Downtown Airport,Rolla,US,37.9357,-91.8135,no,America/Chicago
RLD,small_airport,Richland Airport,Richland,US,46.3056,-119.3040,no,America/Los_Angeles
RLG,medium_airport,Rostock-Laage Airport,Laage,DE,53.9182,12.2783,yes,Europe/Berlin
RLK,medium_airport,Bayannur Tianjitai Airport,Bayannur,CN,40.9264,107.7409,yes,Asia/Shanghai
RLO,small_airport,Valle Del Conlara International Airport,Merlo,AR,-32.3847,-65.1865,no,America/Argentina/San_Luis
RLP,small_airport,Rosella Plains Airport,Rosella Plains,AU,-18.4253,144.4587,no,Australia/Brisbane
RLR,small_airport,Relais de la Reine Airport,Isalo,MG,-22.6453,45.3239,no,Indian/Antananarivo
RLT,small_airport,Arlit Airport,Arlit,NE,18.7904,7.3660,no,Africa/Niamey
RMA,medium_airport,Roma Airport,Roma,AU,-26.5450,148.7750,yes,Australia/Brisbane
RMB,small_airport,Buraimi Airport,Buraimi,OM,24.2416,55.7837,no,Asia/Muscat
RMD,small_airport,Basanth Nagar Airport,Ramagundam,IN,18.7010,79.3923,no,Asia/Kolkata
RME,medium_airport,Griffiss International Airport,Rome,US,43.2338,-75.4070,no,America/New_York
RMF,large_airport,Marsa Alam International Airport,Marsa Alam,EG,25.5555,34.5924,yes,Africa/Cairo
RMG,medium_airport,Richard B Russell Airport,Rome,US,34.3506,-85.1580,no,America/New_York
RMI,large_airport,Federico Fellini International Airport,Rimini (RN),IT,44.0200,12.6122,yes,Europe/Rome
RMK,medium_airport,Renmark Airport,,AU,-34.1964,140.6740,no,Australia/Adelaide
RML,large_airport,Colombo Ratmalana International Airport,Colombo,LK,6.8216,79.8859,yes,Asia/Colombo
RMN,small_airport,Rumginae Airport,,PG,-5.8972,141.2717,no,Pacific/Port_Moresby
RMO,large_airport,Chişinău International Airport,Chişinău,MD,46.9277,28.9317,yes,Europe/Chisinau
RMP,small_airport,Rampart Airport,Rampart,US,65.5079,-150.1410,yes,America/Anchorage
RMQ,large_airport,Taichung International Airport / Ching Chuang Kang Air Base,Taichung (Qingshui),TW,24.2647,120.6210,yes,Asia/Taipei
RMS,medium_airport,Ramstein Air Base,Ramstein-Miesenbach,DE,49.4369,7.6003,no,Europe/Berlin
RMT,small_airport,Rimatara Airport,Rimatara Island,PF,-22.6373,-152.8059,yes,Pacific/Tahiti
RMU,large_airport,Region of Murcia International Airport,Corvera,ES,37.8029,-1.1249,yes,Europe/Madrid
RMY,small_airport,Mariposa Yosemite Airport,Mariposa,US,37.5109,-120.0400,no,America/Los_Angeles
RMZ,medium_airport,Tobolsk Remezov Airport,Tobolsk,RU,58.0597,68.3480,yes,Asia/Yekaterinburg
RNA,small_airport,Ulawa Airport,Arona,SB,-9.8605,161.9795,no,Pacific/Guadalcanal
RNB,medium_airport,Ronneby Airport,Ronneby,SE,56.2667,15.2650,yes,Europe/Stockholm
RNC,small_airport,Warren County Memorial Airport,Mc Minnville,US,35.6987,-85.8438,no,America/Chicago
RND,medium_airport,Randolph Air Force Base,Universal City,US,29.5297,-98.2789,no,America/Chicago
RNE,medium_airport,Roanne-Renaison Airport,Saint-Léger-sur-Roanne,FR,46.0538,3.9990,no,Europe/Paris
RNH,medium_airport,New Richmond Regional Airport,New Richmond,US,45.1483,-92.5381,no,America/Chicago
RNI,small_airport,Corn Island Airport,Corn Island,NI,12.1748,-83.0594,yes,America/Managua
RNJ,medium_airport,Yoron Airport,Yoron,JP,27.0438,128.4016,yes,Asia/Tokyo
RNL,small_airport,Rennell/Tingoa Airport,Rennell Island,SB,-11.5500,160.0628,yes,Pacific/Guadalcanal
RNM,small_airport,Qarn Alam Airport,Ghaba,OM,21.3772,57.0563,no,Asia/Muscat
RNN,medium_airport,Bornholm Airport,Rønne,DK,55.0633,14.7596,yes,Europe/Copenhagen
RNO,large_airport,Reno Tahoe International Airport,Reno,US,39.4991,-119.7680,yes,America/Los_Angeles
RNP,small_airport,Rongelap Island Airport,Rongelap Island,MH,11.1572,166.8870,yes,Pacific/Majuro
RNS,medium_airport,Rennes-Saint-Jacques Airport,"Saint-Jacques-de-la-Lande, Ille-et-Vilaine",FR,48.0695,-1.7348,yes,Europe/Paris
RNT,small_airport,Renton Municipal Airport,Renton,US,47.4931,-122.2160,no,America/Los_Angeles
RNU,small_airport,Ranau Airport,Ranau,MY,5.9578,116.6802,no,Asia/Kuching
RNZ,small_airport,Jasper County Airport,Rensselaer,US,40.9479,-87.1826,no,America/Chicago
ROA,medium_airport,Roanoke–Blacksburg Regional Airport,Roanoke,US,37.3255,-79.9754,yes,America/New_York
ROB,large_airport,Roberts International Airport,Monrovia,LR,6.2338,-10.3623,yes,Africa/Monrovia
ROC,large_airport,Frederick Douglass Greater Rochester International Airport,Rochester,US,43.1189,-77.6724,yes,America/New_York
ROD,medium_airport,Robertson Airport,Robertson,ZA,-33.8122,19.9028,no,Africa/Johannesburg
ROF,small_airport,Montague-Yreka Rohrer Field,Montague,US,41.7304,-122.5460,no,America/Los_Angeles
ROG,small_airport,Rogers Municipal Airport-Carter Field,Rogers,US,36.3723,-94.1069,no,America/Chicago
ROH,small_airport,Robinhood Airport,,AU,-18.8450,143.7100,no,Australia/Brisbane
ROI,medium_airport,Roi Et Airport,Roi Et,TH,16.1168,103.7740,yes,Asia/Bangkok
ROK,medium_airport,Rockhampton Airport,Rockhampton,AU,-23.3800,150.4754,yes,Australia/Brisbane
ROL,small_airport,Roosevelt Municipal Airport,Roosevelt,US,40.2783,-110.0510,no,America/Denver
RON,small_airport,Juan Jose Rondon Airport,Paipa,CO,5.7645,-73.1054,no,America/Bogota
ROO,medium_airport,Maestro Marinho Franco Airport,Rondonópolis,BR,-16.5843,-54.7248,yes,America/Cuiaba
ROP,large_airport,Rota International Airport,Rota Island,MP,14.1733,145.2411,yes,Pacific/Saipan
ROR,large_airport,Roman Tmetuchl International Airport,Babelthuap Island,PW,7.3670,134.5441,yes,Pacific/Palau
ROS,large_airport,Rosario Islas Malvinas International Airport,Rosario,AR,-32.9036,-60.7850,yes,America/Argentina/Cordoba
ROT,medium_airport,Rotorua Regional Airport,Rotorua,NZ,-38.1092,176.3170,yes,Pacific/Auckland
ROU,small_airport,Ruse Airport,Shtraklevo,BG,43.6948,26.0567,no,Europe/Sofia
ROV,large_airport,Platov International Airport,Rostov-on-Don,RU,47.4939,39.9247,yes,Europe/Moscow
ROW,medium_airport,Roswell Air Center Airport,Roswell,US,33.3016,-104.5310,yes,America/Denver
ROX,small_airport,Roseau Municipal Rudy Billberg Field,Roseau,US,48.8560,-95.6970,no,America/Chicago
ROY,small_airport,Rio Mayo Airport,Rio Mayo,AR,-45.7039,-70.2456,no,America/Argentina/Catamarca
ROZ,medium_airport,Rota Naval Station Airport,Rota,ES,36.6452,-6.3495,no,Europe/Madrid
RPA,small_airport,Rolpa Airport,Rolpa,NP,28.2673,82.7565,no,Asia/Kathmandu
RPB,small_airport,Roper Bar Airport,Roper Bar,AU,-14.7348,134.5255,no,Australia/Darwin
RPM,medium_airport,Ngukurr Airport,Roper River,AU,-14.7228,134.7470,no,Australia/Darwin
RPN,medium_airport,Rosh Pina Airport,Rosh Pina,IL,32.9810,35.5719,no,Asia/Jerusalem
RPR,medium_airport,Swami Vivekananda Airport,Raipur,IN,21.1804,81.7388,yes,Asia/Kolkata
RPU,small_airport,Urucu Airport,Urucu,BR,-4.8843,-65.3554,no,America/Manaus
RPV,small_airport,Roper Valley Airport,Roper Valley,AU,-14.9215,134.0500,no,Australia/Darwin
RPX,small_airport,Roundup Airport,Roundup,US,46.4751,-108.5415,no,America/Denver
RQA,medium_airport,Ruoqiang Loulan Airport,Ruoqiang Town,CN,38.9747,88.0083,yes,Asia/Shanghai
RQO,small_airport,El Reno Regional Airport,El Reno,US,35.4727,-98.0058,no,America/Chicago
RQW,medium_airport,Qayyarah West Airport,Qayyarah,IQ,35.7672,43.1251,no,Asia/Baghdad
RQY,medium_airport,Rashtrakavi Kuvempu Airport,Shimoga,IN,13.8580,75.6189,no,Asia/Kolkata
RRE,medium_airport,Marree Airport,,AU,-29.6633,138.0650,no,Australia/Adelaide
RRG,medium_airport,Sir Charles Gaetan Duval Airport,Port Mathurin,MU,-19.7567,63.3593,yes,Indian/Mauritius
RRJ,medium_airport,Jacarepaguá - Roberto Marinho Airport,Rio de Janeiro,BR,-22.9868,-43.3722,yes,America/Sao_Paulo
RRK,medium_airport,Rourkela Airport,Rourkela,IN,22.2566,84.8152,no,Asia/Kolkata
RRL,small_airport,Merrill Municipal Airport,Merrill,US,45.1989,-89.7129,no,America/Chicago
RRM,small_airport,Marromeu Airport,Marromeu,MZ,-18.3193,35.9495,no,Africa/Maputo
RRR,small_airport,Raroia Airport,Raroia,PF,-16.0505,-142.4766,yes,Pacific/Tahiti
RRS,medium_airport,Røros Airport,Røros,NO,62.5784,11.3423,yes,Europe/Oslo
RRT,small_airport,Warroad International Memorial Airport,Warroad,US,48.9414,-95.3484,no,America/Chicago
RRV,small_airport,Robinson River Airport,,AU,-16.7183,136.9450,no,Australia/Darwin
RSA,medium_airport,Santa Rosa Airport,Santa Rosa,AR,-36.5883,-64.2757,yes,America/Argentina/Salta
RSB,small_airport,Roseberth Airport,,AU,-25.8257,139.6275,no,Australia/Brisbane
RSD,medium_airport,Rock Sound International Airport,Rock Sound,BS,24.8916,-76.1776,yes,America/Nassau
RSH,small_airport,Russian Mission Airport,Russian Mission,US,61.7751,-161.3195,yes,America/Anchorage
RSI,large_airport,Red Sea International Airport,Hanak,SA,25.6280,37.0889,yes,Asia/Riyadh
RSK,small_airport,Abresso Airport,Ransiki-Papua Island,ID,-1.4967,134.1925,no,Asia/Jayapura
RSL,medium_airport,Russell Municipal Airport,Russell,US,38.8721,-98.8118,no,America/Chicago
RSN,small_airport,Ruston Regional Airport,Ruston,US,32.5142,-92.5885,no,America/Chicago
RSS,small_airport,Damazin Airport,Ad Damazin,SD,11.7859,34.3367,no,Africa/Khartoum
RST,medium_airport,Rochester International Airport,Rochester,US,43.9083,-92.5000,yes,America/Chicago
RSU,medium_airport,Yeosu Airport,Yeosu,KR,34.8423,127.6170,yes,Asia/Seoul
RSW,large_airport,Southwest Florida International Airport,Fort Myers,US,26.5347,-81.7528,yes,America/New_York
RTA,small_airport,Rotuma Airport,Rotuma,FJ,-12.4825,177.0710,yes,Pacific/Fiji
RTB,large_airport,Juan Manuel Gálvez International Airport,Coxen Hole,HN,16.3168,-86.5230,yes,America/Tegucigalpa
RTC,medium_airport,Ratnagiri Airport,,IN,17.0136,73.3278,no,Asia/Kolkata
RTE,medium_airport,Campo de Marte Airport,São Paulo,BR,-23.5091,-46.6378,no,America/Sao_Paulo
RTG,small_airport,Frans Sales Lega Airport,"Satar Tacik, Manggarai",ID,-8.5962,120.4782,yes,Asia/Makassar
RTI,small_airport,David Constantijn Saudale Airport,Ba'a - Rote Island,ID,-10.7658,123.0760,yes,Asia/Makassar
RTL,small_airport,Spirit Lake Municipal Airport,Okoboji,US,43.3875,-95.1392,no,America/Chicago
RTM,large_airport,Rotterdam The Hague Airport,Rotterdam,NL,51.9569,4.4372,yes,Europe/Amsterdam
RTN,small_airport,Raton Municipal Airport / Crews Field,Raton,US,36.7415,-104.5020,no,America/Denver
RTO,small_airport,Budiarto Airport,Tangerang-Java Island,ID,-6.2932,106.5700,no,Asia/Jakarta
RTP,small_airport,Rutland Plains Airport,Yagoonya,AU,-15.6450,141.8444,no,Australia/Brisbane
RTS,small_airport,Rottnest Island Airport,,AU,-32.0067,115.5400,no,Australia/Perth
RTU,small_airport,Maratua Airport,Maratua,ID,2.1976,118.5994,no,Asia/Makassar
RTY,small_airport,Merty Merty Airport,,AU,-28.5827,140.3033,no,Australia/Adelaide
RUA,medium_airport,Arua Airport,Arua,UG,3.0492,30.9117,yes,Africa/Kampala
RUD,small_airport,Shahrud International Airport,Shahrud,IR,36.4249,55.1043,no,Asia/Tehran
RUE,small_airport,Rughenda Airfield,Butembo,CD,0.1171,29.3130,no,Africa/Lubumbashi
RUF,small_airport,Yuruf Airport [UNUSABLE],Amgotro,ID,-3.6289,140.9537,no,Asia/Jayapura
RUG,medium_airport,Rugao Air Base,Rugao (Nantong),CN,32.2583,120.5011,no,Asia/Shanghai
RUH,large_airport,King Khalid International Airport,Riyadh,SA,24.9576,46.6988,yes,Asia/Riyadh
RUI,medium_airport,Sierra Blanca Regional Airport,Alto,US,33.4628,-105.5350,no,America/Denver
RUK,small_airport,Rukum Chaurjahari Airport,Rukumkot,NP,28.6270,82.1940,no,Asia/Kathmandu
RUL,small_airport,Maavaarulaa Airport,Maavaarulu,MV,0.3381,73.5129,yes,Indian/Maldives
RUM,small_airport,Rumjatar Airport,Rumjatar,NP,27.3035,86.5504,no,Asia/Kathmandu
RUN,large_airport,Roland Garros Airport,Sainte-Marie,RE,-20.8901,55.5189,yes,Indian/Reunion
RUP,small_airport,Rupsi Airport,Rupsi,IN,26.1419,89.9079,no,Asia/Kolkata
RUR,medium_airport,Rurutu Airport,,PF,-22.4341,-151.3610,yes,Pacific/Tahiti
RUS,small_airport,Marau Airport,Marau,SB,-9.8617,160.8250,yes,Pacific/Guadalcanal
RUT,medium_airport,Rutland - Southern Vermont Regional Airport,Rutland,US,43.5294,-72.9496,yes,America/New_York
RUU,small_airport,Ruti Airport,Kawbenaberi,PG,-5.3344,144.2567,no,Pacific/Port_Moresby
RUV,medium_airport,Rubelsanto Airport,Rubelsanto,GT,15.9920,-90.4453,no,America/Guatemala
RUY,small_airport,Rioamarillo Airport,Copán Ruinas,HN,14.9149,-89.0078,no,America/Tegucigalpa
RVA,small_airport,Farafangana Airport,Farafangana,MG,-22.8053,47.8206,no,Indian/Antananarivo
RVC,small_airport,River Cess Airport and Heliport,River Cess,LR,5.4725,-9.5855,no,Africa/Monrovia
RVD,small_airport,General Leite de Castro Airport,Rio Verde,BR,-17.8347,-50.9561,no,America/Sao_Paulo
RVE,small_airport,Los Colonizadores Airport,Saravena,CO,6.9519,-71.8572,yes,America/Bogota
RVK,medium_airport,"Rørvik Airport, Ryum",Rørvik,NO,64.8383,11.1461,yes,Europe/Oslo
RVN,large_airport,Rovaniemi Airport,Rovaniemi,FI,66.5633,25.8298,yes,Europe/Helsinki
RVO,small_airport,Reivilo Airport,Reivilo,ZA,-27.5472,24.1725,no,Africa/Johannesburg
RVR,small_airport,Green River Municipal Airport,Green River,US,38.9614,-110.2270,no,America/Denver
RVS,medium_airport,Tulsa Riverside Airport,Tulsa,US,36.0396,-95.9846,no,America/Chicago
RVT,small_airport,Ravensthorpe Airport,,AU,-33.7972,120.2080,no,Australia/Perth
RVV,small_airport,Raivavae Airport,,PF,-23.8852,-147.6620,yes,Pacific/Tahiti
RVY,medium_airport,Pres. Gral. Óscar D. Gestido Binational Airport,Rivera/Santana do Livramento,UY,-30.9746,-55.4762,yes,America/Montevideo
RWF,medium_airport,Redwood Falls Municipal Airport,Redwood Falls,US,44.5472,-95.0823,no,America/Chicago
RWI,medium_airport,Rocky Mount Wilson Regional Airport,Rocky Mount,US,35.8563,-77.8919,no,America/New_York
RWL,medium_airport,Rawlins Municipal Airport/Harvey Field,Rawlins,US,41.8056,-107.2000,no,America/Denver
RWN,medium_airport,Rivne International Airport,Rivne,UA,50.6071,26.1416,yes,Europe/Kyiv
RXA,small_airport,Ar Rawdah Airport,Ar Rawdah,YE,14.4487,47.2796,no,Asia/Aden
RXE,small_airport,Rexburg Madison County Airport,Rexburg,US,43.8339,-111.8050,no,America/Boise
RXS,medium_airport,Roxas Airport,Roxas City,PH,11.5977,122.7520,yes,Asia/Manila
RYB,medium_airport,Staroselye Airport,Rybinsk,RU,58.1042,38.9294,yes,Europe/Moscow
RYK,medium_airport,Shaikh Zaid Airport,Rahim Yar Khan,PK,28.3839,70.2796,yes,Asia/Karachi
RYL,small_airport,Royal Zambezi Lodge Airstrip,Lower Zambezi River,ZM,-15.7248,29.3035,no,Africa/Lusaka
RYN,medium_airport,Royan-Médis Airport,Royan/Médis,FR,45.6281,-0.9725,no,Europe/Paris
RYO,small_airport,28 de Noviembre Airport,Rio Turbio,AR,-51.6050,-72.2203,yes,America/Argentina/Rio_Gallegos
RZA,medium_airport,Santa Cruz Airport,Puerto Santa Cruz,AR,-50.0165,-68.5792,no,America/Argentina/Rio_Gallegos
RZE,large_airport,Rzeszów-Jasionka Airport,Jasionka,PL,50.1098,22.0242,yes,Europe/Warsaw
RZH,small_airport,Preobrazheniye Airport,Preobrazheniye,RU,42.9217,133.9044,no,Asia/Vladivostok
RZP,small_airport,Cesar Lim Rodriguez (Taytay-Sandoval) Airport,Taytay,PH,11.0506,119.5193,no,Asia/Manila
RZR,medium_airport,Ramsar Airport,Ramsar,IR,36.9070,50.6873,yes,Asia/Tehran
RZS,small_airport,Sawan Airport,Sawan Gas Field,PK,26.9662,68.8781,no,Asia/Karachi
RZV,large_airport,Rize–Artvin Airport,Rize,TR,41.1798,40.8488,yes,Europe/Istanbul
SAA,small_airport,Shively Field,Saratoga,US,41.4449,-106.8240,no,America/Denver
SAB,medium_airport,Juancho E. Yrausquin Airport,Zion's Hill,BQ,17.6453,-63.2205,yes,America/Kralendijk
SAC,medium_airport,Sacramento Executive Airport,Sacramento,US,38.5125,-121.4930,no,America/Los_Angeles
SAD,small_airport,Safford Regional Airport,Safford,US,32.8548,-109.6350,no,America/Phoenix
SAF,medium_airport,Santa Fe Municipal Airport,Santa Fe,US,35.6171,-106.0890,yes,America/Denver
SAG,large_airport,Shirdi International Airport,Kakadi,IN,19.6892,74.3737,yes,Asia/Kolkata
SAH,large_airport,Sanaa International Airport,Sanaa,YE,15.4763,44.2197,yes,Asia/Aden
SAI,large_airport,Siem Reap-Angkor International Airport,Siem Reap,KH,13.3697,104.2238,yes,Asia/Phnom_Penh
SAK,small_airport,Sauðárkrókur Airport,Sauðárkrókur,IS,65.7317,-19.5728,no,Atlantic/Reykjavik
SAL,large_airport,El Salvador International Airport Saint Óscar Arnulfo Romero y Galdámez,San Salvador (San Luis Talpa),SV,13.4445,-89.0558,yes,America/El_Salvador
SAM,small_airport,Salamo Airport,Salamo,PG,-9.6701,150.7903,no,Pacific/Port_Moresby
SAN,large_airport,San Diego International Airport,San Diego,US,32.7336,-117.1900,yes,America/Los_Angeles
SAP,large_airport,Ramón Villeda Morales International Airport,San Pedro Sula,HN,15.4526,-87.9236,yes,America/Tegucigalpa
SAQ,medium_airport,San Andros Airport,Andros Island,BS,25.0538,-78.0490,yes,America/Nassau
SAR,small_airport,Sparta Community Airport - Hunter Field,Sparta,US,38.1489,-89.6987,no,America/Chicago
SAS,small_airport,Salton Sea Airport,Salton City,US,33.2414,-115.9520,no,America/Los_Angeles
SAT,large_airport,San Antonio International Airport,San Antonio,US,29.5337,-98.4698,yes,America/Chicago
SAU,small_airport,Sabu-Tardanu Airport,Sabu-Sawu Island,ID,-10.4924,121.8482,no,Asia/Makassar
SAV,large_airport,Savannah Hilton Head International Airport,Savannah,US,32.1266,-81.2000,yes,America/New_York
SAW,large_airport,Istanbul Sabiha Gökçen International Airport,"Pendik, Istanbul",TR,40.8986,29.3092,yes,Europe/Istanbul
SAX,small_airport,Sambú Airport,Boca de Sábalo,PA,8.0263,-78.2096,no,America/Panama
SAZ,small_airport,Sasstown Airport,Sasstown,LR,4.6818,-8.4347,no,Africa/Monrovia
SBA,medium_airport,Santa Barbara Municipal Airport,Santa Barbara,US,34.4262,-119.8400,yes,America/Los_Angeles
SBB,small_airport,Santa Bárbara de Barinas Airport,Santa Bárbara,VE,7.8035,-71.1657,no,America/Caracas
SBC,small_airport,Selbang Airport,Selbang,PG,-5.3150,141.7520,no,Pacific/Port_Moresby
SBD,large_airport,San Bernardino International Airport,San Bernardino,US,34.0967,-117.2366,yes,America/Los_Angeles
SBE,small_airport,Suabi Airport,,PG,-6.1044,142.2783,no,Pacific/Port_Moresby
SBF,small_airport,Sardeh Band Airport,Sardeh Band,AF,33.3207,68.6365,no,Asia/Kabul
SBG,small_airport,Maimun Saleh Airport,Sabang,ID,5.8747,95.3397,no,Asia/Jakarta
SBH,medium_airport,St. Jean Airport,Gustavia,BL,17.9044,-62.8433,yes,America/St_Barthelemy
SBI,small_airport,Sambailo Airport,Koundara,GN,12.5753,-13.3633,no,Africa/Conakry
SBJ,small_airport,São Mateus - Ernesto Bonomo Airport,São Mateus,BR,-18.7213,-39.8337,no,America/Sao_Paulo
SBK,medium_airport,Saint-Brieuc-Armor Airport,"Trémuson, Côtes-d'Armor",FR,48.5386,-2.8535,no,Europe/Paris
SBL,medium_airport,Santa Ana Del Yacuma Airport,Santa Ana del Yacuma,BO,-13.7622,-65.4352,no,America/La_Paz
SBM,small_airport,Sheboygan County Memorial Airport,Sheboygan,US,43.7696,-87.8514,no,America/Chicago
SBN,medium_airport,South Bend International Airport,South Bend,US,41.7083,-86.3169,yes,America/Indiana/Indianapolis
SBO,small_airport,Salina Gunnison Airport,Salina,US,39.0291,-111.8380,no,America/Denver
SBP,medium_airport,San Luis County Regional Airport,San Luis Obispo,US,35.2368,-120.6420,yes,America/Los_Angeles
SBQ,small_airport,Sibi Airport,Sibi,PK,29.5712,67.8479,no,Asia/Karachi
SBR,small_airport,Saibai Island Airport,Saibai Island,AU,-9.3783,142.6250,yes,Australia/Brisbane
SBS,small_airport,Steamboat Springs Bob Adams Field,Steamboat Springs,US,40.5163,-106.8660,no,America/Denver
SBT,medium_airport,Sabetta International Airport,Sabetta,RU,71.2192,72.0522,yes,Asia/Yekaterinburg
SBU,medium_airport,Springbok Airport,Springbok,ZA,-29.6893,17.9396,no,Africa/Johannesburg
SBV,small_airport,Sabah Airport,Sabah,PG,-5.5765,155.0489,no,Pacific/Bougainville
SBW,medium_airport,Sibu Airport,Sibu,MY,2.2616,111.9850,yes,Asia/Kuching
SBX,small_airport,Shelby Airport,Shelby,US,48.5407,-111.8710,no,America/Denver
SBY,medium_airport,Salisbury Ocean City Wicomico Regional Airport,Salisbury,US,38.3405,-75.5103,yes,America/New_York
SBZ,large_airport,Sibiu International Airport,Sibiu,RO,45.7858,24.0867,yes,Europe/Bucharest
SCA,small_airport,Santa Catalina Airport,Santa Catalina,CO,8.5000,-76.1750,no,America/Bogota
SCB,small_airport,Scribner State Airport,Scribner,US,41.6103,-96.6299,no,America/Chicago
SCC,medium_airport,Deadhorse Airport,Deadhorse,US,70.1947,-148.4650,yes,America/Anchorage
SCD,small_airport,Sulaco Airport,Sulaco,HN,14.9072,-87.2634,no,America/Tegucigalpa
SCE,medium_airport,State College Regional Airport,State College,US,40.8494,-77.8485,yes,America/New_York
SCF,small_airport,Scottsdale Airport,Scottsdale,US,33.6229,-111.9110,no,America/Phoenix
SCG,small_airport,Spring Creek Airport,,AU,-18.6377,144.5457,no,Australia/Brisbane
SCH,medium_airport,Schenectady County Airport,Schenectady,US,42.8525,-73.9289,no,America/New_York
SCI,medium_airport,Paramillo Airport,San Cristóbal,VE,7.8014,-72.2028,no,America/Caracas
SCK,medium_airport,Stockton Metropolitan Airport,Stockton,US,37.8933,-121.2381,yes,America/Los_Angeles
SCL,large_airport,Comodoro Arturo Merino Benítez International Airport,Santiago,CL,-33.3930,-70.7858,yes,America/Santiago
SCM,small_airport,Scammon Bay Airport,Scammon Bay,US,61.8447,-165.5752,yes,America/Nome
SCN,medium_airport,Saarbrücken Airport,Saarbrücken,DE,49.2145,7.1097,yes,Europe/Berlin
SCO,large_airport,Aktau International Airport,Aktau,KZ,43.8601,51.0909,yes,Asia/Aqtau
SCP,small_airport,Mont-Dauphin Saint-Crépin Airfield,"Saint-Crépin, Hautes-Alpes",FR,44.7017,6.6003,no,Europe/Paris
SCQ,large_airport,Santiago-Rosalía de Castro Airport,Santiago de Compostela,ES,42.8963,-8.4151,yes,Europe/Madrid
SCR,large_airport,Scandinavian Mountains Airport,Malung-Sälen,SE,61.1651,12.8335,yes,Europe/Stockholm
SCT,medium_airport,Socotra Airport,Mori,YE,12.6321,53.9062,yes,Asia/Aden
SCU,large_airport,Antonio Maceo International Airport,Santiago,CU,19.9747,-75.8355,yes,America/Havana
SCV,large_airport,Suceava Ștefan cel Mare International Airport,Suceava,RO,47.6875,26.3541,yes,Europe/Bucharest
SCW,medium_airport,Syktyvkar Airport,Syktyvkar,RU,61.6470,50.8451,yes,Europe/Moscow
SCX,small_airport,Estación Aeronaval de Salina Cruz,Salina Cruz,MX,16.2126,-95.2016,no,America/Mexico_City
SCY,small_airport,San Cristóbal Airport,Puerto Baquerizo Moreno,EC,-0.9102,-89.6174,yes,Pacific/Galapagos
SCZ,small_airport,Santa Cruz/Graciosa Bay/Luova Airport,Santa Cruz/Graciosa Bay/Luova,SB,-10.7203,165.7950,yes,Pacific/Guadalcanal
SDB,medium_airport,Langebaanweg Airport,Langebaanweg,ZA,-32.9689,18.1603,no,Africa/Johannesburg
SDC,small_airport,Sand Creek Airport,Sand Creek,GY,2.9913,-59.5100,no,America/Guyana
SDD,medium_airport,Lubango Mukanka International Airport,Lubango,AO,-14.9248,13.5767,yes,Africa/Luanda
SDE,medium_airport,Vicecomodoro Angel D. La Paz Aragonés Airport,Santiago del Estero,AR,-27.7656,-64.3100,yes,America/Argentina/Cordoba
SDF,large_airport,Louisville Muhammad Ali International Airport,Louisville,US,38.1706,-85.7351,yes,America/Kentucky/Louisville
SDG,medium_airport,Sanandaj Airport,,IR,35.2459,47.0092,yes,Asia/Tehran
SDI,small_airport,Saidor Airport,Saidor,PG,-5.6271,146.4628,no,Pacific/Port_Moresby
SDJ,large_airport,Sendai Airport,Natori,JP,38.1397,140.9170,yes,Asia/Tokyo
SDK,medium_airport,Sandakan Airport,Sandakan,MY,5.9009,118.0590,yes,Asia/Kuching
SDL,medium_airport,Sundsvall-Härnösand Airport,Sundsvall/ Härnösand,SE,62.5281,17.4439,yes,Europe/Stockholm
SDM,medium_airport,Brown Field Municipal Airport,San Diego,US,32.5726,-116.9800,no,America/Los_Angeles
SDN,small_airport,"Sandane Airport, Anda",Sandane,NO,61.8300,6.1058,yes,Europe/Oslo
SDP,medium_airport,Sand Point Airport,Sand Point,US,55.3139,-160.5221,yes,America/Anchorage
SDQ,large_airport,Las Américas International Airport,Santo Domingo,DO,18.4297,-69.6689,yes,America/Santo_Domingo
SDR,medium_airport,Seve Ballesteros-Santander Airport,Santander,ES,43.4271,-3.8200,yes,Europe/Madrid
SDS,medium_airport,Sado Airport,Sado,JP,38.0602,138.4140,yes,Asia/Tokyo
SDT,medium_airport,Saidu Sharif Airport,Saidu Sharif,PK,34.8136,72.3528,no,Asia/Karachi
SDU,large_airport,Santos Dumont Airport,Rio de Janeiro,BR,-22.9104,-43.1628,yes,America/Sao_Paulo
SDW,medium_airport,Sindhudurg Airport,Chipi,IN,16.0026,73.5298,yes,Asia/Kolkata
SDX,small_airport,Sedona Airport,Sedona,US,34.8486,-111.7880,no,America/Phoenix
SDY,medium_airport,Sidney - Richland Regional Airport,Sidney,US,47.7051,-104.1944,yes,America/Denver
SEA,large_airport,Seattle–Tacoma International Airport,Seattle,US,47.4479,-122.3103,yes,America/Los_Angeles
SEB,medium_airport,Sabha Airport,Sabha,LY,26.9925,14.4662,yes,Africa/Tripoli
SEE,small_airport,Gillespie Field,San Diego/El Cajon,US,32.8262,-116.9720,no,America/Los_Angeles
SEF,small_airport,Sebring Regional Airport,Sebring,US,27.4564,-81.3424,no,America/New_York
SEG,small_airport,Penn Valley Airport,Selinsgrove,US,40.8206,-76.8639,no,America/New_York
SEH,small_airport,Senggeh Airport,Senggeh,ID,-3.4424,140.7781,no,Asia/Jayapura
SEK,medium_airport,Srednekolymsk Airport,Srednekolymsk,RU,67.4805,153.7364,yes,Asia/Srednekolymsk
SEM,small_airport,Craig Field,Selma,US,32.3439,-86.9878,no,America/Chicago
SEN,medium_airport,London Southend Airport,"Southend-on-Sea, Essex",GB,51.5706,0.6936,yes,Europe/London
SEO,small_airport,Séguéla Airport,Séguéla,CI,7.9600,-6.6442,no,Africa/Abidjan
SEP,small_airport,Stephenville Clark Regional Airport,Stephenville,US,32.2153,-98.1777,no,America/Chicago
SEQ,small_airport,Sungai Pakning Bengkalis Airport,Bengkalis-Sumatra Island,ID,1.3700,102.1400,no,Asia/Jakarta
SER,small_airport,Freeman Municipal Airport,Seymour,US,38.9236,-85.9074,no,America/Indiana/Indianapolis
SES,medium_airport,Svetlogorsk Airport,Svetlogorsk,RU,66.8400,88.4033,no,Asia/Krasnoyarsk
SET,small_airport,Santa Magalhães Airport,Serra Talhada,BR,-8.0614,-38.3289,yes,America/Recife
SEU,small_airport,Seronera Airport,Seronera,TZ,-2.4581,34.8225,yes,Africa/Dar_es_Salaam
SEW,small_airport,Siwa Oasis North Airport,Siwa Oasis,EG,29.3462,25.5056,no,Africa/Cairo
SEY,small_airport,Sélibaby Airport,Sélibaby,MR,15.1797,-12.2073,no,Africa/Nouakchott
SEZ,large_airport,Seychelles International Airport,Victoria,SC,-4.6743,55.5218,yes,Indian/Mahe
SFA,medium_airport,Sfax Thyna International Airport,Sfax,TN,34.7180,10.6910,yes,Africa/Tunis
SFB,large_airport,Orlando Sanford International Airport,Orlando,US,28.7743,-81.2346,yes,America/New_York
SFC,small_airport,St-François Airport,St-François,GP,16.2578,-61.2625,yes,America/Guadeloupe
SFD,medium_airport,San Fernando de Apure Las Flecheras National Airport,San Fernando de Apure,VE,7.8833,-67.4440,no,America/Caracas
SFE,medium_airport,San Fernando Airport,San Fernando,PH,16.5956,120.3030,no,Asia/Manila
SFF,medium_airport,Felts Field,Spokane,US,47.6829,-117.3219,no,America/Los_Angeles
SFG,medium_airport,Grand Case-l'Espérance Airport,Grand Case,MF,18.1001,-63.0474,yes,America/Marigot
SFH,small_airport,San Felipe International Airport,Mexicali,MX,30.9301,-114.8085,no,America/Tijuana
SFJ,medium_airport,Kangerlussuaq International Airport,Kangerlussuaq,GL,67.0104,-50.7153,yes,America/Nuuk
SFK,small_airport,Soure Airport,Soure,BR,-0.6978,-48.5198,no,America/Belem
SFL,small_airport,São Filipe Airport,São Filipe,CV,14.8850,-24.4800,yes,Atlantic/Cape_Verde
SFM,small_airport,Sanford Seacoast Regional Airport,Sanford,US,43.3939,-70.7080,no,America/New_York
SFN,medium_airport,Sauce Viejo Airport,Santa Fe,AR,-31.7117,-60.8117,yes,America/Argentina/Cordoba
SFO,large_airport,San Francisco International Airport,San Francisco,US,37.6198,-122.3748,yes,America/Los_Angeles
SFS,large_airport,Subic Bay International Airport / Naval Air Station Cubi Point,Olongapo,PH,14.7948,120.2719,yes,Asia/Manila
SFT,medium_airport,Skellefteå Airport,Skellefteå,SE,64.6248,21.0769,yes,Europe/Stockholm
SFU,small_airport,Safia Airport,Safia,PG,-9.5945,148.6393,no,Pacific/Port_Moresby
SFV,small_airport,Santa Fé do Sul Airport,Santa Fé do Sul,BR,-20.2285,-50.9689,no,America/Sao_Paulo
SFX,small_airport,Macagua Airport,Ciudad Guayana,VE,8.2788,-62.6652,no,America/Caracas
SFZ,small_airport,North Central State Airport,Pawtucket,US,41.9208,-71.4914,no,America/New_York
SGA,small_airport,Sheghnan Airport,Shiveh,AF,37.4976,71.5085,no,Asia/Kabul
SGC,large_airport,Surgut International Airport,Surgut,RU,61.3405,73.4058,yes,Asia/Yekaterinburg
SGD,medium_airport,Sønderborg Airport,Sønderborg,DK,54.9644,9.7917,yes,Europe/Copenhagen
SGE,medium_airport,Siegerland Airport,Burbach,DE,50.7077,8.0830,no,Europe/Berlin
SGF,medium_airport,Springfield Branson National Airport,Springfield,US,37.2450,-93.3886,yes,America/Chicago
SGH,medium_airport,Springfield-Beckley Municipal Airport,Springfield,US,39.8403,-83.8402,no,America/New_York
SGI,medium_airport,Mushaf Air Base,Sargodha,PK,32.0486,72.6650,no,Asia/Karachi
SGK,small_airport,Sengapi Airstrip,Sengapi,PG,-5.1258,144.3236,no,Pacific/Port_Moresby
SGL,medium_airport,Danilo Atienza Air Base,Cavite,PH,14.4954,120.9040,no,Asia/Manila
SGM,small_airport,San Ignacio Airport,Mulegé,MX,27.2965,-112.9388,no,America/Mazatlan
SGN,large_airport,Tan Son Nhat International Airport,Ho Chi Minh City,VN,10.8188,106.6520,yes,Asia/Ho_Chi_Minh
SGO,small_airport,St George Airport,,AU,-28.0497,148.5950,yes,Australia/Brisbane
SGP,small_airport,Shay Gap Airport,Shay Gap,AU,-20.4247,120.1410,no,Australia/Perth
SGQ,small_airport,Sangkimah Airport,Sanggata,ID,0.3844,117.5428,no,Asia/Makassar
SGR,medium_airport,Sugar Land Regional Airport,Houston,US,29.6223,-95.6565,no,America/Chicago
SGT,small_airport,Stuttgart Municipal Airport / Carl Humphrey Field,Stuttgart,US,34.5995,-91.5750,no,America/Chicago
SGU,medium_airport,St George Regional Airport,St George,US,37.0364,-113.5103,yes,America/Denver
SGV,small_airport,Sierra Grande Airport,Sierra Grande,AR,-41.5917,-65.3394,no,America/Argentina/Salta
SGX,small_airport,Songea Airport,Songea,TZ,-10.6830,35.5830,no,Africa/Dar_es_Salaam
SGY,small_airport,Skagway Airport,Skagway,US,59.4603,-135.3167,yes,America/Juneau
SGZ,medium_airport,Songkhla Airport,,TH,7.1866,100.6080,no,Asia/Bangkok
SHA,large_airport,Shanghai Hongqiao International Airport,Shanghai (Minhang),CN,31.1981,121.3343,yes,Asia/Shanghai
SHB,medium_airport,Nakashibetsu Airport,Nakashibetsu,JP,43.5775,144.9600,yes,Asia/Tokyo
SHC,small_airport,Shire Inda Selassie Airport,Shire Inda Selassie,ET,14.0757,38.2736,yes,Africa/Addis_Ababa
SHD,medium_airport,Shenandoah Valley Regional Airport,Weyers Cave,US,38.2638,-78.8964,yes,America/New_York
SHE,large_airport,Shenyang Taoxian International Airport,Shenyang,CN,41.6398,123.4837,yes,Asia/Shanghai
SHF,small_airport,Shihezi Huayuan Airport,Shihezi,CN,44.2421,85.8905,yes,Asia/Shanghai
SHG,small_airport,Shungnak Airport,Shungnak,US,66.8881,-157.1620,yes,America/Anchorage
SHH,small_airport,Shishmaref Airport,Shishmaref,US,66.2496,-166.0891,yes,America/Nome
SHI,medium_airport,Shimojishima Airport,Miyakojima,JP,24.8267,125.1450,yes,Asia/Tokyo
SHJ,large_airport,Sharjah International Airport,Sharjah,AE,25.3286,55.5172,yes,Asia/Dubai
SHK,small_airport,Sehonghong Airport,Sehonghong,LS,-29.7311,28.7679,no,Africa/Maseru
SHL,medium_airport,Shillong Airport,Shillong,IN,25.7036,91.9787,yes,Asia/Kolkata
SHM,medium_airport,Nanki Shirahama Airport,Shirahama,JP,33.6622,135.3640,yes,Asia/Tokyo
SHN,small_airport,Sanderson Field,Shelton,US,47.2336,-123.1480,no,America/Los_Angeles
SHO,large_airport,King Mswati III International Airport,Mpaka,SZ,-26.3586,31.7169,yes,Africa/Mbabane
SHQ,small_airport,Southport Airport,,AU,-27.9218,153.3715,no,Australia/Brisbane
SHR,medium_airport,Sheridan County Airport,Sheridan,US,44.7692,-106.9800,yes,America/Denver
SHS,medium_airport,Jingzhou Shashi Airport,Jingzhou (Shashi),CN,30.2928,112.4485,yes,Asia/Shanghai
SHT,medium_airport,Shepparton Airport,,AU,-36.4283,145.3915,no,Australia/Melbourne
SHU,small_airport,Smith Point Airport,,AU,-11.1336,132.1596,no,Australia/Darwin
SHV,medium_airport,Shreveport Regional Airport,Shreveport,US,32.4447,-93.8267,yes,America/Chicago
SHW,medium_airport,Sharurah Domestic Airport,Sharurah,SA,17.4669,47.1214,yes,Asia/Riyadh
SHX,small_airport,Shageluk Airport,Shageluk,US,62.6921,-159.5690,no,America/Anchorage
SHY,small_airport,Shinyanga Airport,Shinyanga,TZ,-3.6093,33.5035,yes,Africa/Dar_es_Salaam
SHZ,small_airport,Seshutes Airport,Seshutes,LS,-29.2676,28.5523,no,Africa/Maseru
SIA,medium_airport,Xi'an Xiguan Airport,Xi'an (Baqiao),CN,34.3767,109.1200,no,Asia/Shanghai
SIB,small_airport,Sibiti Airport,Sibiti,CG,-3.6866,13.3740,no,Africa/Brazzaville
SIC,small_airport,San José Island Airport,Las Perlas,PA,8.2622,-79.0780,no,America/Panama
SID,large_airport,Amílcar Cabral International Airport,Espargos,CV,16.7414,-22.9494,yes,Atlantic/Cape_Verde
SIF,small_airport,Simara Airport,Simara,NP,27.1598,84.9800,yes,Asia/Kathmandu
SIG,medium_airport,Fernando Luis Ribas Dominicci Airport,San Juan,PR,18.4568,-66.0981,yes,America/Puerto_Rico
SIH,small_airport,Silgadi Doti Airport,Silgadi Doti,NP,29.2622,80.9360,yes,Asia/Kathmandu
SIJ,medium_airport,Siglufjörður Airport,Siglufjörður,IS,66.1378,-18.9082,no,Atlantic/Reykjavik
SIK,small_airport,Sikeston Memorial Municipal Airport,Sikeston,US,36.8989,-89.5618,no,America/Chicago
SIL,small_airport,Sila Airport,Sila Mission,PG,-9.0736,148.3893,no,Pacific/Port_Moresby
SIM,small_airport,Simbai Airport,Simbai,PG,-5.2786,144.5447,no,Pacific/Port_Moresby
SIN,large_airport,Singapore Changi Airport,Singapore,SG,1.3502,103.9940,yes,Asia/Singapore
SIO,medium_airport,Smithton Airport,,AU,-40.8350,145.0840,no,Australia/Hobart
SIP,large_airport,Simferopol International Airport,Simferopol,UA,45.0522,33.9751,yes,Europe/Simferopol
SIQ,small_airport,Dabo Airport,Pasirkuning-Singkep Island,ID,-0.4796,104.5795,no,Asia/Jakarta
SIR,medium_airport,Sion Airport,Sion,CH,46.2192,7.3269,no,Europe/Zurich
SIS,medium_airport,Sishen Airport,Sishen,ZA,-27.6486,22.9993,yes,Africa/Johannesburg
SIT,medium_airport,Sitka Rocky Gutierrez Airport,Sitka,US,57.0471,-135.3620,yes,America/Sitka
SIU,small_airport,Siuna,Siuna,NI,13.7272,-84.7778,no,America/Managua
SIV,small_airport,Sullivan County Airport,Sullivan,US,39.1147,-87.4483,no,America/Indiana/Indianapolis
SIW,small_airport,Sibisa Airport,Parapat-Sumatra Island,ID,2.6020,98.9624,no,Asia/Jakarta
SIX,small_airport,Singleton Airport,Singleton,AU,-32.6008,151.1931,no,Australia/Sydney
SIY,small_airport,Siskiyou County Airport,Montague,US,41.7814,-122.4680,no,America/Los_Angeles
SIZ,small_airport,Sissano Airport,Sissano,PG,-2.9994,142.0445,no,Pacific/Port_Moresby
SJA,small_airport,San Juan de Marcona Airport,San Juan de Marcona,PE,-15.3575,-75.1350,no,America/Lima
SJB,small_airport,San Joaquín Airport,San Joaquín,BO,-13.0672,-64.6752,no,America/La_Paz
SJC,large_airport,Norman Y. Mineta San Jose International Airport,San Jose,US,37.3625,-121.9292,yes,America/Los_Angeles
SJD,large_airport,Los Cabos International Airport,San José del Cabo,MX,23.1519,-109.7207,yes,America/Mazatlan
SJE,medium_airport,Jorge E. Gonzalez Torres Airport,San José Del Guaviare,CO,2.5797,-72.6394,yes,America/Bogota
SJH,small_airport,San Juan Del César Airport,San Juan Del César,CO,10.7667,-73.0167,no,America/Bogota
SJI,medium_airport,San Jose Airport,San Jose,PH,12.3615,121.0470,yes,Asia/Manila
SJJ,large_airport,Sarajevo International Airport,Sarajevo,BA,43.8246,18.3315,yes,Europe/Sarajevo
SJK,medium_airport,Professor Urbano Ernesto Stumpf Airport,São José Dos Campos,BR,-23.2292,-45.8615,yes,America/Sao_Paulo
SJL,medium_airport,São Gabriel da Cachoeira Airport,São Gabriel da Cachoeira,BR,-0.1484,-66.9855,yes,America/Manaus
SJN,small_airport,St Johns Industrial Air Park,St Johns,US,34.5186,-109.3790,no,America/Phoenix
SJO,large_airport,Juan Santamaría International Airport,San José (Alajuela),CR,9.9939,-84.2088,yes,America/Costa_Rica
SJP,medium_airport,Prof. Eribelto Manoel Reino State Airport,São José do Rio Preto,BR,-20.8171,-49.4070,yes,America/Sao_Paulo
SJQ,small_airport,Sesheke Airport,Sesheke,ZM,-17.4763,24.3061,no,Africa/Lusaka
SJR,small_airport,San Juan De Uraba Airport,San Juan De Uraba,CO,8.7667,-76.5333,no,America/Bogota
SJS,small_airport,San José De Chiquitos Airport,San José de Chiquitos,BO,-17.8308,-60.7431,no,America/La_Paz
SJT,medium_airport,San Angelo Regional Mathis Field,San Angelo,US,31.3577,-100.4960,yes,America/Chicago
SJU,large_airport,Luis Munoz Marin International Airport,San Juan,PR,18.4394,-66.0018,yes,America/Puerto_Rico
SJV,small_airport,San Javier Airport,San Javier,BO,-16.2708,-62.4703,no,America/La_Paz
SJW,large_airport,Shijiazhuang Zhengding International Airport,Shijiazhuang,CN,38.2807,114.6970,yes,Asia/Shanghai
SJX,medium_airport,Sartaneja Airport,Sartaneja,BZ,18.3561,-88.1308,no,America/Belize
SJY,medium_airport,Seinäjoki Airport,Seinäjoki / Ilmajoki,FI,62.6921,22.8323,no,Europe/Helsinki
SJZ,medium_airport,São Jorge Airport,Velas,PT,38.6655,-28.1758,yes,Atlantic/Azores
SKA,medium_airport,Fairchild Air Force Base,Spokane,US,47.6151,-117.6560,no,America/Los_Angeles
SKB,large_airport,Robert L. Bradshaw International Airport,Basseterre,KN,17.3108,-62.7191,yes,America/St_Kitts
SKC,small_airport,Suki Airport,Suki,PG,-8.0466,141.7222,no,Pacific/Port_Moresby
SKD,large_airport,Samarkand International Airport,Samarkand,UZ,39.7018,66.9815,yes,Asia/Samarkand
SKF,medium_airport,Lackland Air Force Base,San Antonio,US,29.3842,-98.5811,no,America/Chicago
SKG,large_airport,Thessaloniki Macedonia International Airport,Thessaloniki,GR,40.5193,22.9700,yes,Europe/Athens
SKH,small_airport,Surkhet Airport,Surkhet,NP,28.5860,81.6360,yes,Asia/Kathmandu
SKJ,small_airport,Singkawang Airport,Singkawang,ID,0.7899,108.9604,no,Asia/Pontianak
SKK,small_airport,Shaktoolik Airport,Shaktoolik,US,64.3711,-161.2240,yes,America/Anchorage
SKL,small_airport,Broadford Airstrip,"Ashaig, Highland",GB,57.2531,-5.8278,no,Europe/London
SKM,small_airport,Skeldon Airport,Skeldon,GY,5.8597,-57.1490,no,America/Guyana
SKN,medium_airport,"Stokmarknes Airport, Skagen",Hadsel,NO,68.5788,15.0334,yes,Europe/Oslo
SKO,large_airport,Sadiq Abubakar III International Airport,Sokoto,NG,12.9157,5.2075,yes,Africa/Lagos
SKP,large_airport,Skopje International Airport,Ilinden,MK,41.9581,21.6226,yes,Europe/Skopje
SKQ,small_airport,Sekakes Airport,Sekakes,LS,-30.0389,28.3703,no,Africa/Maseru
SKR,small_airport,Shakiso Airport,Shakiso,ET,5.6923,38.9764,no,Africa/Addis_Ababa
SKS,medium_airport,Skrydstrup Air Base,Vojens,DK,55.2210,9.2670,no,Europe/Copenhagen
SKT,large_airport,Sialkot International Airport,Sialkot,PK,32.5359,74.3646,yes,Asia/Karachi
SKU,small_airport,Skiros Airport,Skiros Island,GR,38.9676,24.4872,yes,Europe/Athens
SKV,medium_airport,Saint Catherine International Airport,Saint Catherine,EG,28.6843,34.0644,no,Africa/Cairo
SKW,small_airport,Skwentna Airport,Skwentna,US,61.9653,-151.1910,no,America/Anchorage
SKX,large_airport,Saransk International Airport,Saransk,RU,54.1251,45.2123,yes,Europe/Moscow
SKZ,medium_airport,Begum Nusrat Bhutto International Airport Sukkur,Sukkur,PK,27.7220,68.7917,yes,Asia/Karachi
SLA,large_airport,Martín Miguel de Güemes International Airport,Salta,AR,-24.8560,-65.4862,yes,America/Argentina/Salta
SLB,small_airport,Storm Lake Municipal Airport,Storm Lake,US,42.5973,-95.2407,no,America/Chicago
SLC,large_airport,Salt Lake City International Airport,Salt Lake City,US,40.7889,-111.9799,yes,America/Denver
SLD,medium_airport,Sliač Airport,Sliač,SK,48.6378,19.1341,yes,Europe/Bratislava
SLE,medium_airport,Salem-Willamette Valley Airport/McNary Field,Salem,US,44.9095,-123.0030,yes,America/Los_Angeles
SLF,small_airport,As-Sulayyil Airport,As-Sulayyil,SA,20.4647,45.6196,no,Asia/Riyadh
SLG,small_airport,Smith Field,Siloam Springs,US,36.1919,-94.4900,no,America/Chicago
SLH,small_airport,Sola Airport,Sola,VU,-13.8517,167.5370,yes,Pacific/Efate
SLI,small_airport,Solwesi Airport,Solwesi,ZM,-12.1737,26.3651,yes,Africa/Lusaka
SLJ,small_airport,Solomon Airport,Karijini National Park,AU,-22.2568,117.8505,no,Australia/Perth
SLK,medium_airport,Adirondack Regional Airport,Saranac Lake,US,44.3869,-74.2046,yes,America/New_York
SLL,large_airport,Salalah International Airport,Salalah,OM,17.0387,54.0913,yes,Asia/Muscat
SLM,medium_airport,Salamanca Airport,Salamanca,ES,40.9521,-5.5020,yes,Europe/Madrid
SLN,medium_airport,Salina Municipal Airport,Salina,US,38.7910,-97.6522,yes,America/Chicago
SLO,small_airport,Salem–Leckrone Airport,Salem,US,38.6429,-88.9642,no,America/Chicago
SLP,medium_airport,Ponciano Arriaga International Airport,San Luis Potosí,MX,22.2620,-100.9357,yes,America/Mexico_City
SLQ,small_airport,Sleetmute Airport,Sleetmute,US,61.7005,-157.1660,yes,America/Anchorage
SLR,small_airport,Sulphur Springs Municipal Airport,Sulphur Springs,US,33.1598,-95.6211,no,America/Chicago
SLT,small_airport,Salida Airport - Harriet Alexander Field,Salida,US,38.5383,-106.0490,no,America/Denver
SLU,medium_airport,George F. L. Charles Airport,Castries,LC,14.0202,-60.9929,yes,America/St_Lucia
SLV,small_airport,Shimla Airport,Jubbarhatti,IN,31.0818,77.0680,no,Asia/Kolkata
SLW,medium_airport,Plan de Guadalupe International Airport,Saltillo,MX,25.5379,-100.9283,yes,America/Monterrey
SLX,small_airport,Salt Cay Airport,Salt Cay,TC,21.3330,-71.2000,yes,America/Grand_Turk
SLY,medium_airport,Salekhard Airport,Salekhard,RU,66.5908,66.6110,yes,Asia/Yekaterinburg
SLZ,large_airport,Marechal Cunha Machado International Airport,São Luís,BR,-2.5864,-44.2350,yes,America/Fortaleza
SMA,medium_airport,Santa Maria Airport,Vila do Porto,PT,36.9714,-25.1706,yes,Atlantic/Azores
SMB,small_airport,Franco Bianco Airport,Cerro Sombrero,CL,-52.7367,-69.3336,no,America/Punta_Arenas
SMD,small_airport,Smith Field,Fort Wayne,US,41.1434,-85.1528,no,America/Indiana/Indianapolis
SME,medium_airport,Lake Cumberland Regional Airport,Somerset,US,37.0534,-84.6159,no,America/New_York
SMF,large_airport,Sacramento International Airport,Sacramento,US,38.6954,-121.5910,yes,America/Los_Angeles
SMH,small_airport,Sapmanga Airport,Sapmanga,PG,-6.0753,146.8111,no,Pacific/Port_Moresby
SMI,medium_airport,Samos Airport,Samos Island,GR,37.6900,26.9117,yes,Europe/Athens
SMJ,small_airport,Sim Airport,Sim,PG,-7.7500,146.9273,no,Pacific/Port_Moresby
SMK,small_airport,St Michael Airport,St Michael,US,63.4901,-162.1100,yes,America/Nome
SML,medium_airport,Stella Maris Airport,Stella Maris,BS,23.5823,-75.2686,yes,America/Nassau
SMM,small_airport,Semporna Airport,Semporna,MY,4.4546,118.5950,no,Asia/Kuching
SMN,medium_airport,Lemhi County Airport,Salmon,US,45.1222,-113.8820,yes,America/Boise
SMO,medium_airport,Santa Monica Municipal Airport,Santa Monica,US,34.0158,-118.4510,no,America/Los_Angeles
SMP,small_airport,Stockholm Landing Strip,Stockholm,PG,-4.3500,151.5500,no,Pacific/Port_Moresby
SMQ,small_airport,Sampit (H.Asan) Airport,Sampit,ID,-2.4992,112.9750,yes,Asia/Pontianak
SMR,medium_airport,Simón Bolívar International Airport,Santa Marta,CO,11.1196,-74.2306,yes,America/Bogota
SMS,medium_airport,Sainte Marie Airport,Vohilava,MG,-17.0939,49.8158,yes,Indian/Antananarivo
SMT,small_airport,Adolino Bedin Regional Airport,Sorriso,BR,-12.4792,-55.6723,yes,America/Cuiaba
SMU,small_airport,Sheep Mountain Airport,Sheep Mountain,US,61.8120,-147.5070,no,America/Anchorage
SMV,medium_airport,Engadin Airport,Samedan,CH,46.5341,9.8841,no,Europe/Zurich
SMW,medium_airport,Smara Airport,Smara,EH,26.7320,-11.6837,yes,Africa/El_Aaiun
SMX,medium_airport,Santa Maria Public Airport Captain G Allan Hancock Field,Santa Maria,US,34.8989,-120.4570,yes,America/Los_Angeles
SMY,small_airport,Simenti Airport,Simenti,SN,13.0468,-13.2954,no,Africa/Dakar
SMZ,small_airport,Stoelmanseiland Airport,Stoelmanseiland,SR,4.3514,-54.4181,no,America/Paramaribo
SNA,large_airport,John Wayne Orange County International Airport,Santa Ana,US,33.6751,-117.8693,yes,America/Los_Angeles
SNB,medium_airport,Snake Bay Airport,Milikapiti,AU,-11.4177,130.6485,yes,Australia/Darwin
SNC,large_airport,General Ulpiano Paez International Airport,Salinas/La Libertad,EC,-2.2101,-80.9851,yes,America/Guayaquil
SNE,medium_airport,Preguiça Airport,Preguiça,CV,16.5889,-24.2841,yes,Atlantic/Cape_Verde
SNF,medium_airport,Sub Teniente Nestor Arias Airport,San Felipe,VE,10.2787,-68.7552,no,America/Caracas
SNG,small_airport,Capitán Av. Juan Cochamanidis S. Airport,San Ignacio de Velasco,BO,-16.3872,-60.9623,no,America/La_Paz
SNH,small_airport,Stanthorpe Airport,,AU,-28.6201,151.9833,no,Australia/Brisbane
SNI,medium_airport,Greenville/Sinoe Airport,Greenville,LR,5.0321,-9.0642,no,Africa/Monrovia
SNJ,medium_airport,San Julián Air Base,Sandino,CU,22.1005,-84.1574,no,America/Havana
SNK,small_airport,Winston Field,Snyder,US,32.6902,-100.9489,no,America/Chicago
SNL,small_airport,Shawnee Regional Airport,Shawnee,US,35.3579,-96.9428,no,America/Chicago
SNM,small_airport,San Ignacio de Moxos Airport,San Ignacio de Moxos,BO,-14.9658,-65.6338,no,America/La_Paz
SNN,large_airport,Shannon Airport,Shannon,IE,52.7020,-8.9248,yes,Europe/Dublin
SNO,medium_airport,Sakon Nakhon Airport,,TH,17.1951,104.1190,yes,Asia/Bangkok
SNP,medium_airport,St Paul Island Airport,St Paul Island,US,57.1663,-170.2226,yes,America/Nome
SNQ,small_airport,San Quintín Military Airstrip,San Quintín,MX,30.5288,-115.9462,no,America/Tijuana
SNR,medium_airport,Saint-Nazaire-Montoir Airport,Saint-Nazaire/Montoir,FR,47.3114,-2.1526,yes,Europe/Paris
SNS,medium_airport,Salinas Municipal Airport,Salinas,US,36.6628,-121.6060,no,America/Los_Angeles
SNT,small_airport,Las Cruces Airport,Sabana de Torres,CO,7.3832,-73.5054,no,America/Bogota
SNU,large_airport,Abel Santamaria International Airport,Santa Clara,CU,22.4922,-79.9431,yes,America/Havana
SNV,medium_airport,Santa Elena de Uairén Airport,Santa Elena de Uairén,VE,4.5547,-61.1452,yes,America/Caracas
SNW,medium_airport,Thandwe Airport,Thandwe,MM,18.4607,94.3001,yes,Asia/Yangon
SNX,small_airport,Semnan Municipal Airport,Semnan,IR,35.5911,53.4951,yes,Asia/Tehran
SNY,medium_airport,Sidney Municipal Airport Lloyd W Carr Field,Sidney,US,41.1013,-102.9850,no,America/Denver
SNZ,medium_airport,Santa Cruz Air Force Base,Rio de Janeiro,BR,-22.9324,-43.7191,no,America/Sao_Paulo
SOA,small_airport,Sóc Trăng Airport,Sóc Trăng,VN,9.5814,105.9602,no,Asia/Ho_Chi_Minh
SOB,medium_airport,Hévíz–Balaton Airport,Sármellék,HU,46.6864,17.1591,yes,Europe/Budapest
SOC,large_airport,Adisoemarmo International Airport,Surakarta,ID,-7.5160,110.7575,yes,Asia/Jakarta
SOD,small_airport,Sorocaba Airport,Sorocaba,BR,-23.4780,-47.4900,yes,America/Sao_Paulo
SOE,small_airport,Souanke Airport,Souanke,CG,1.9983,14.1742,no,Africa/Brazzaville
SOF,large_airport,Sofia Airport,Sofia,BG,42.6964,23.4177,yes,Europe/Sofia
SOG,small_airport,"Sogndal Airport, Haukåsen",Sogndal,NO,61.1561,7.1378,yes,Europe/Oslo
SOH,small_airport,Solita Airport,Solita,CO,3.0167,-71.7500,no,America/Bogota
SOJ,medium_airport,Sørkjosen Airport,Sørkjosen,NO,69.7868,20.9594,yes,Europe/Oslo
SOK,small_airport,Semonkong Airport,Semonkong,LS,-29.8386,28.0600,no,Africa/Maseru
SOL,small_airport,Solomon State Field,Solomon,US,64.5605,-164.4457,no,America/Nome
SOM,medium_airport,San Tomé Airport,El Tigre,VE,8.9451,-64.1511,yes,America/Caracas
SON,medium_airport,Santo Pekoa International Airport,Luganville,VU,-15.5050,167.2200,yes,Pacific/Efate
SOO,medium_airport,Söderhamn Airport,Söderhamn,SE,61.2615,17.0991,no,Europe/Stockholm
SOP,small_airport,Moore County Airport,Carthage,US,35.2372,-79.3894,no,America/New_York
SOQ,medium_airport,Domine Eduard Osok Airport,Sorong,ID,-0.8940,131.2870,yes,Asia/Jayapura
SOR,small_airport,Al Thaurah Airport,T2,SY,34.3904,40.1526,no,Asia/Damascus
SOT,medium_airport,Sodankyla Airport,Sodankyla,FI,67.3950,26.6191,no,Europe/Helsinki
SOU,medium_airport,Southampton Airport,Southampton,GB,50.9503,-1.3568,yes,Europe/London
SOV,small_airport,Seldovia Airport,Seldovia,US,59.4430,-151.7052,yes,America/Anchorage
SOW,medium_airport,Show Low Regional Airport,Show Low,US,34.2641,-110.0071,yes,America/Phoenix
SOX,small_airport,Alberto Lleras Camargo Airport,Sogamoso,CO,5.6773,-72.9703,no,America/Bogota
SOY,small_airport,Stronsay Airport,Stronsay,GB,59.1553,-2.6414,yes,Europe/London
SOZ,medium_airport,Solenzara (BA 126) Air Base,Solenzara,FR,41.9244,9.4060,no,Europe/Paris
SPA,small_airport,Spartanburg Downtown Memorial Airport,Spartanburg,US,34.9157,-81.9565,no,America/New_York
SPC,medium_airport,La Palma Airport,"Sta Cruz de la Palma, La Palma Island",ES,28.6265,-17.7556,yes,Atlantic/Canary
SPD,medium_airport,Saidpur Airport,Saidpur,BD,25.7592,88.9089,yes,Asia/Dhaka
SPE,small_airport,Sepulot Airport,Sepulot,MY,4.7330,116.4670,no,Asia/Kuching
SPF,small_airport,Black Hills Airport-Clyde Ice Field,Spearfish,US,44.4803,-103.7830,no,America/Denver
SPG,small_airport,Albert Whitted Airport,St Petersburg,US,27.7651,-82.6270,no,America/New_York
SPH,small_airport,Sopu Airport,Sopu,PG,-8.3038,147.1659,no,Pacific/Port_Moresby
SPI,medium_airport,Abraham Lincoln Capital Airport,Springfield,US,39.8441,-89.6779,yes,America/Chicago
SPJ,small_airport,Sparti Airfield,Sparti,GR,36.9738,22.5257,no,Europe/Athens
SPM,medium_airport,Spangdahlem Air Base,Trier,DE,49.9765,6.6984,no,Europe/Berlin
SPN,medium_airport,Saipan International Airport,"I Fadang, Saipan",MP,15.1194,145.7288,yes,Pacific/Saipan
SPP,medium_airport,Menongue Airport,Menongue,AO,-14.6576,17.7198,yes,Africa/Luanda
SPR,medium_airport,John Greif II Airport,San Pedro,BZ,17.9139,-87.9711,yes,America/Belize
SPS,medium_airport,Wichita Falls Municipal Airport / Sheppard Air Force Base,Wichita Falls,US,33.9888,-98.4919,yes,America/Chicago
SPT,small_airport,Sipitang Airport,Sipitang,MY,5.0833,115.5500,no,Asia/Kuching
SPU,large_airport,Split Saint Jerome Airport,Split,HR,43.5389,16.2980,yes,Europe/Zagreb
SPV,small_airport,Sepik Plains Airport,Sepik Plains,PG,-3.8821,143.6734,no,Pacific/Port_Moresby
SPW,small_airport,Spencer Municipal Airport,Spencer,US,43.1655,-95.2028,no,America/Chicago
SPX,large_airport,Sphinx International Airport,Al Jiza,EG,30.1082,30.8957,yes,Africa/Cairo
SPY,medium_airport,San Pedro Airport,,CI,4.7467,-6.6608,yes,Africa/Abidjan
SPZ,small_airport,Springdale Municipal Airport,Springdale,US,36.1764,-94.1193,no,America/Chicago
SQA,small_airport,Santa Ynez Airport,Santa Ynez,US,34.6068,-120.0760,no,America/Los_Angeles
SQB,small_airport,Santa Ana Airport,Piedras,CO,4.4083,-75.0217,no,America/Bogota
SQC,small_airport,Southern Cross Airport,,AU,-31.2400,119.3600,no,Australia/Perth
SQD,medium_airport,Shangrao Sanqingshan Airport,Shangrao (Hengfeng),CN,28.3797,117.9643,yes,Asia/Shanghai
SQE,small_airport,San Luis De Palenque Airport,San Luis De Palenque,CO,5.4002,-71.7001,no,America/Bogota
SQF,small_airport,Solano Airport,Solano,CO,0.7020,-75.2505,no,America/Bogota
SQG,medium_airport,Tebelian Airport,Sintang,ID,-0.0452,111.4580,yes,Asia/Pontianak
SQH,small_airport,Na San Airport,Mai Son,VN,21.2153,104.0328,no,Asia/Bangkok
SQI,small_airport,Whiteside County Airport - Joseph H Bittorf Field,Rock Falls,US,41.7422,-89.6736,no,America/Chicago
SQJ,medium_airport,Sanming Shaxian Airport,Sanming (Sha),CN,26.4263,117.8336,yes,Asia/Shanghai
SQK,small_airport,Sidi EL Barrani Airport,Sidi El Barrani,EG,31.4720,25.8793,no,Africa/Cairo
SQL,medium_airport,San Carlos Airport,San Carlos,US,37.5131,-122.2508,yes,America/Los_Angeles
SQM,small_airport,São Miguel do Araguaia Airport,São Miguel do Araguaia,BR,-13.3313,-50.1976,no,America/Sao_Paulo
SQN,small_airport,Emalamo Airport,Sanana,ID,-2.1004,125.9658,no,Asia/Jayapura
SQO,medium_airport,Storuman Airport,Storuman,SE,64.9609,17.6966,no,Europe/Stockholm
SQQ,medium_airport,Šiauliai International Airport,Šiauliai,LT,55.8939,23.3950,no,Europe/Vilnius
SQR,small_airport,Soroako Airport,Soroako,ID,-2.5306,121.3561,no,Asia/Makassar
SQS,small_airport,Matthew Spain Airport,Spanish Lookout,BZ,17.1859,-89.0099,no,America/Belize
SQT,small_airport,China Strait Airstrip,Samarai Island,PG,-10.5628,150.6907,no,Pacific/Port_Moresby
SQU,small_airport,Saposoa Airport,Plaza Saposoa,PE,-6.9600,-76.7684,no,America/Lima
SQV,small_airport,Sequim Valley Airport,Sequim,US,48.0981,-123.1870,no,America/Los_Angeles
SQW,medium_airport,Skive Airport,Skive,DK,56.5502,9.1730,no,Europe/Copenhagen
SQX,small_airport,São Miguel do Oeste Hélio Wasum Airport,São Miguel do Oeste,BR,-26.7816,-53.5035,no,America/Sao_Paulo
SQY,small_airport,São Lourenço do Sul Airport,São Lourenço Do Sul,BR,-31.3833,-52.0328,no,America/Sao_Paulo
SRA,small_airport,Luis Alberto Lehr Airport,Santa Rosa,BR,-27.9066,-54.5206,yes,America/Sao_Paulo
SRB,small_airport,Santa Rosa de Yacuma Airport,Santa Rosa,BO,-14.0731,-66.7874,no,America/La_Paz
SRC,small_airport,Searcy Municipal Airport,Searcy,US,35.2106,-91.7375,no,America/Chicago
SRD,small_airport,San Ramón Airport,San Ramón / Mamoré,BO,-13.2639,-64.6039,no,America/La_Paz
SRE,large_airport,Alcantarí International Airport,Sucre,BO,-19.2468,-65.1496,yes,America/La_Paz
SRG,large_airport,Jenderal Ahmad Yani Airport,Semarang,ID,-6.9707,110.3732,yes,Asia/Jakarta
SRH,small_airport,Sarh Airport,Sarh,TD,9.1444,18.3744,no,Africa/Ndjamena
SRJ,small_airport,Capitán Av. German Quiroga G. Airport,San Borja,BO,-14.8592,-66.7375,no,America/La_Paz
SRL,small_airport,Palo Verde Airport,Mulegé,MX,27.0927,-112.0985,yes,America/Mazatlan
SRM,small_airport,Sandringham Airport,Sandringham Station,AU,-24.0568,139.0821,no,Australia/Brisbane
SRN,small_airport,Strahan Airport,,AU,-42.1550,145.2920,no,Australia/Hobart
SRO,small_airport,Santana Ramos Airport,Santana Ramos,CO,2.2167,-75.2500,no,America/Bogota
SRP,medium_airport,"Stord Airport, Sørstokken",Leirvik,NO,59.7919,5.3408,yes,Europe/Oslo
SRQ,large_airport,Sarasota Bradenton International Airport,Sarasota/Bradenton,US,27.3946,-82.5544,yes,America/New_York
SRR,small_airport,Dunwich Airport,North Stradbroke Island,AU,-27.5190,153.4276,no,Australia/Brisbane
SRS,small_airport,San Marcos Airport,San Marcos,CO,8.6900,-75.1560,no,America/Bogota
SRT,medium_airport,Soroti Airport,Soroti,UG,1.7277,33.6228,yes,Africa/Kampala
SRU,small_airport,Surbung Airport,Falam,MM,22.9392,93.6153,no,Asia/Yangon
SRV,small_airport,Stony River 2 Airport,Stony River,US,61.7897,-156.5890,yes,America/Anchorage
SRW,small_airport,Mid-Carolina Regional Airport,Salisbury,US,35.6459,-80.5203,no,America/New_York
SRX,large_airport,Sirt International Airport / Ghardabiya Airbase,Sirt,LY,31.0586,16.5971,no,Africa/Tripoli
SRY,medium_airport,Sari Dasht-e Naz International Airport,Sari,IR,36.6444,53.1888,yes,Asia/Tehran
SRZ,medium_airport,El Trompillo Airport,Santa Cruz,BO,-17.8116,-63.1715,yes,America/La_Paz
SSA,large_airport,Deputado Luiz Eduardo Magalhães International Airport,Salvador,BR,-12.9086,-38.3225,yes,America/Bahia
SSC,medium_airport,Shaw Air Force Base,Sumter,US,33.9727,-80.4706,no,America/New_York
SSD,small_airport,Víctor Lafón Airport,San Felipe,CL,-32.7458,-70.7050,no,America/Santiago
SSE,medium_airport,Solapur Airport,Solapur,IN,17.6280,75.9348,no,Asia/Kolkata
SSF,medium_airport,Stinson Municipal Airport,San Antonio,US,29.3370,-98.4711,no,America/Chicago
SSG,large_airport,Malabo International Airport,Malabo,GQ,3.7553,8.7087,yes,Africa/Malabo
SSH,large_airport,Sharm El Sheikh International Airport,Sharm El Sheikh,EG,27.9773,34.3947,yes,Africa/Cairo
SSI,medium_airport,St Simons Island Airport,St Simons Island,US,31.1518,-81.3913,no,America/New_York
SSJ,medium_airport,"Sandnessjøen Airport, Stokka",Alstahaug,NO,65.9568,12.4689,yes,Europe/Oslo
SSK,small_airport,Sturt Creek Airport,Sturt Creek,AU,-19.1664,128.1740,no,Australia/Perth
SSL,small_airport,Santa Rosalia Airport,Santa Rosalia,CO,5.1309,-70.8682,no,America/Bogota
SSN,medium_airport,Seoul Air Base (K-16),Seongnam,KR,37.4447,127.1127,no,Asia/Seoul
SSO,small_airport,São Lourenço Airport,São Lourenço,BR,-22.0909,-45.0445,no,America/Sao_Paulo
SSP,small_airport,Silver Plains Airport,Silver Plains,AU,-13.9754,143.5537,no,Australia/Brisbane
SSQ,small_airport,La Sarre Airport,La Sarre,CA,48.9172,-79.1786,no,America/Toronto
SSR,small_airport,Sara Airport,Pentecost Island,VU,-15.4708,168.1520,yes,Pacific/Efate
SSS,small_airport,Siassi Airport,Siassi,PG,-5.5965,147.8106,no,Pacific/Port_Moresby
SST,medium_airport,Santa Teresita Airport,Santa Teresita,AR,-36.5423,-56.7218,yes,America/Argentina/Buenos_Aires
SSW,small_airport,Stuart Island Airpark,Friday Harbor,US,48.6734,-123.1754,yes,America/Los_Angeles
SSX,small_airport,Singita Safari Lodge Airport,Singita Safari Lodge,ZA,-24.8020,31.4219,no,Africa/Johannesburg
SSY,medium_airport,Mbanza Congo Airport,Mbanza Congo,AO,-6.2699,14.2470,yes,Africa/Luanda
SSZ,medium_airport,Santos Nero Moura Air Base / Guarujá Airport,Guarujá,BR,-23.9282,-46.3002,no,America/Sao_Paulo
STA,medium_airport,Stauning Vestjylland  Airport,Skjern,DK,55.9901,8.3539,no,Europe/Copenhagen
STB,medium_airport,Miguel Urdaneta Fernández Airport,San Carlos del Zulia,VE,8.9746,-71.9433,no,America/Caracas
STC,medium_airport,Saint Cloud Regional Airport,Saint Cloud,US,45.5466,-94.0599,yes,America/Chicago
STD,medium_airport,Mayor Buenaventura Vivas International Airport,Santo Domingo,VE,7.5654,-72.0351,yes,America/Caracas
STE,small_airport,Stevens Point Municipal Airport,Stevens Point,US,44.5452,-89.5303,no,America/Chicago
STG,medium_airport,St George Airport,St George,US,56.5773,-169.6638,yes,America/Nome
STH,small_airport,Strathmore Airport,Strathmore,AU,-17.8627,142.5578,no,Australia/Brisbane
STI,large_airport,Cibao International Airport,Santiago,DO,19.4041,-70.6044,yes,America/Santo_Domingo
STJ,medium_airport,Rosecrans Memorial Airport,St Joseph,US,39.7719,-94.9097,no,America/Chicago
STK,small_airport,Sterling Municipal Airport,Sterling,US,40.6135,-103.2638,no,America/Denver
STL,large_airport,St. Louis Lambert International Airport,St Louis,US,38.7487,-90.3700,yes,America/Chicago
STM,medium_airport,Santarém - Maestro Wilson Fonseca International Airport,Santarém,BR,-2.4224,-54.7931,yes,America/Santarem
STN,large_airport,London Stansted Airport,"London, Essex",GB,51.8850,0.2350,yes,Europe/London
STP,medium_airport,Saint Paul Downtown Holman Field,Saint Paul,US,44.9348,-93.0600,no,America/Chicago
STQ,small_airport,St Marys Municipal Airport,St Marys,US,41.4125,-78.5026,no,America/New_York
STR,large_airport,Stuttgart Airport,Stuttgart,DE,48.6899,9.2220,yes,Europe/Berlin
STS,medium_airport,Charles M. Schulz Sonoma County Airport,Santa Rosa,US,38.5090,-122.8130,yes,America/Los_Angeles
STT,large_airport,Cyril E. King Airport,Charlotte Amalie,VI,18.3371,-64.9773,yes,America/St_Thomas
STU,small_airport,Santa Cruz Airport,Santa Cruz,BZ,18.2721,-88.4563,no,America/Belize
STV,large_airport,Surat International Airport,Surat,IN,21.1155,72.7433,yes,Asia/Kolkata
STW,medium_airport,Stavropol Shpakovskoye Airport,Stavropol,RU,45.1092,42.1128,yes,Europe/Moscow
STX,medium_airport,Henry E. Rohlsen Airport,Christiansted,VI,17.7014,-64.8026,yes,America/St_Thomas
STY,medium_airport,Nueva Hesperides International Airport,Salto,UY,-31.4385,-57.9853,no,America/Montevideo
SUA,small_airport,Witham Field,Stuart,US,27.1817,-80.2211,no,America/New_York
SUB,large_airport,Juanda International Airport,Surabaya,ID,-7.3798,112.7870,yes,Asia/Jakarta
SUD,small_airport,Stroud Municipal Airport,Stroud,US,35.7896,-96.6557,no,America/Chicago
SUE,small_airport,Door County Cherryland Airport,Sturgeon Bay,US,44.8437,-87.4215,no,America/Chicago
SUF,large_airport,Lamezia Terme Sant'Eufemia International Airport,Lamezia Terme (CZ),IT,38.9062,16.2460,yes,Europe/Rome
SUG,medium_airport,Surigao Airport,Surigao City,PH,9.7558,125.4809,yes,Asia/Manila
SUI,medium_airport,Vladislav Ardzinba Sukhum International Airport,Sukhumi,GE,42.8582,41.1281,yes,Asia/Tbilisi
SUJ,medium_airport,Satu Mare International Airport,Satu Mare,RO,47.7033,22.8857,yes,Europe/Bucharest
SUK,small_airport,Sakkyryr Airport,Batagay-Alyta,RU,67.7920,130.3940,yes,Asia/Yakutsk
SUL,medium_airport,Sui Airport,Sui,PK,28.6451,69.1769,no,Asia/Karachi
SUM,small_airport,Sumter Airport,Sumter,US,33.9950,-80.3613,no,America/New_York
SUN,medium_airport,Friedman Memorial Airport,Hailey,US,43.5044,-114.2960,yes,America/Boise
SUO,small_airport,Sunriver Airport,Sunriver,US,43.8763,-121.4530,no,America/Los_Angeles
SUP,small_airport,Trunojoyo Airport,Sumenep,ID,-7.0224,113.8877,no,Asia/Jakarta
SUQ,small_airport,Sucúa Airport,Sucúa,EC,-2.4742,-78.1690,no,America/Guayaquil
SUR,small_airport,Summer Beaver Airport,Summer Beaver,CA,52.7086,-88.5419,yes,America/Toronto
SUS,medium_airport,Spirit of St Louis Airport,St Louis,US,38.6621,-90.6520,no,America/Chicago
SUT,small_airport,Sumbawanga Airport,Sumbawanga,TZ,-7.9489,31.6103,no,Africa/Dar_es_Salaam
SUU,medium_airport,Travis Air Force Base,Fairfield,US,38.2627,-121.9270,no,America/Los_Angeles
SUV,large_airport,Nausori International Airport,Nausori,FJ,-18.0442,178.5615,yes,Pacific/Fiji
SUW,small_airport,Richard I Bong Memorial Airport,Superior,US,46.6886,-92.0950,no,America/Chicago
SUX,medium_airport,Sioux Gateway Airport / Brigadier General Bud Day Field,Sioux City,US,42.3976,-96.3822,yes,America/Chicago
SUY,small_airport,Suntar Airport,Suntar,RU,62.1850,117.6350,yes,Asia/Yakutsk
SVA,medium_airport,Savoonga Airport,Savoonga,US,63.6864,-170.4930,yes,America/Nome
SVB,medium_airport,Sambava Airport,Sambava,MG,-14.2786,50.1747,yes,Indian/Antananarivo
SVC,medium_airport,Grant County Airport,Silver City,US,32.6367,-108.1547,yes,America/Denver
SVD,large_airport,Argyle International Airport,Kingstown,VC,13.1597,-61.1488,yes,America/St_Vincent
SVE,small_airport,Susanville Municipal Airport,Susanville,US,40.3757,-120.5730,no,America/Los_Angeles
SVF,small_airport,Savé Airport,Savé,BJ,8.0182,2.4646,no,Africa/Porto-Novo
SVG,large_airport,"Stavanger Airport, Sola",Stavanger,NO,58.8767,5.6378,yes,Europe/Oslo
SVH,small_airport,Statesville Regional Airport,Statesville,US,35.7653,-80.9539,no,America/New_York
SVI,medium_airport,Eduardo Falla Solano Airport,San Vicente Del Caguán,CO,2.1522,-74.7663,yes,America/Bogota
SVJ,medium_airport,"Svolvær Airport, Helle",Svolvær,NO,68.2433,14.6692,yes,Europe/Oslo
SVK,small_airport,Silver Creek Airport,Silver Creek,BZ,16.7283,-88.3692,no,America/Belize
SVL,medium_airport,Savonlinna Airport,Savonlinna,FI,61.9431,28.9451,yes,Europe/Helsinki
SVN,medium_airport,Hunter Army Air Field,Savannah,US,32.0100,-81.1457,no,America/New_York
SVO,large_airport,Sheremetyevo International Airport,Moscow,RU,55.9769,37.4112,yes,Europe/Moscow
SVP,medium_airport,Kuito Airport,Kuito,AO,-12.4046,16.9474,no,Africa/Luanda
SVQ,large_airport,Seville Airport,Seville,ES,37.4180,-5.8931,yes,Europe/Madrid
SVS,small_airport,Stevens Village Airport,Stevens Village,US,66.0167,-149.0568,yes,America/Anchorage
SVT,small_airport,Savuti Airport,Savuti,BW,-18.5185,24.0777,no,Africa/Gaborone
SVU,small_airport,Savusavu Airport,Savusavu,FJ,-16.8034,179.3406,yes,Pacific/Fiji
SVV,small_airport,San Salvador de Paul Airport,San Salvador de Paul,VE,7.0000,-62.0000,no,America/Caracas
SVW,medium_airport,Sparrevohn LRRS Airport,Sparrevohn,US,61.0974,-155.5740,no,America/Anchorage
SVX,large_airport,Koltsovo Airport,Yekaterinburg,RU,56.7431,60.8027,yes,Asia/Yekaterinburg
SVZ,medium_airport,Juan Vicente Gómez International Airport,San Antonio del Tachira,VE,7.8408,-72.4399,yes,America/Caracas
SWA,large_airport,Jieyang Chaoshan International Airport,Jieyang (Rongcheng),CN,23.5520,116.5033,yes,Asia/Shanghai
SWB,small_airport,Shaw River Airport,Shaw River,AU,-21.5103,119.3620,no,Australia/Perth
SWC,medium_airport,Stawell Airport,,AU,-37.0717,142.7410,no,Australia/Melbourne
SWD,medium_airport,Seward Airport,Seward,US,60.1305,-149.4186,no,America/Anchorage
SWE,small_airport,Siwea Airport,Siwea,PG,-6.2842,147.5824,no,Pacific/Port_Moresby
SWF,medium_airport,New York Stewart International Airport,Newburgh,US,41.5042,-74.1089,yes,America/New_York
SWG,small_airport,Satwag Airport,Satwag,PG,-6.1396,147.2792,no,Pacific/Port_Moresby
SWH,medium_airport,Swan Hill Airport,,AU,-35.3758,143.5330,no,Australia/Melbourne
SWJ,small_airport,Southwest Bay Airport,Malekula Island,VU,-16.4864,167.4472,no,Pacific/Efate
SWL,small_airport,San Vicente Airport,San Vicente,PH,10.5243,119.2729,yes,Asia/Manila
SWN,small_airport,Sarsawa Air Force Station,Sherpur Naqeebpur,IN,29.9943,77.4246,no,Asia/Kolkata
SWO,medium_airport,Stillwater Regional Airport,Stillwater,US,36.1621,-97.0856,yes,America/Chicago
SWP,small_airport,Swakopmund Municipal Aerodrome,Swakopmund,NA,-22.6619,14.5681,no,Africa/Windhoek
SWQ,small_airport,Sultan Muhammad Kaharuddin III Airport,Sumbawa Besar,ID,-8.4890,117.4120,yes,Asia/Makassar
SWR,small_airport,Silur Airport,Silur Mission,PG,-4.5299,153.0544,no,Pacific/Port_Moresby
SWS,medium_airport,Swansea Airport,Swansea,GB,51.6014,-4.0710,no,Europe/London
SWT,medium_airport,Strezhevoy Airport,Strezhevoy,RU,60.7094,77.6600,no,Asia/Tomsk
SWU,medium_airport,Suwon Airport,Suwon,KR,37.2394,127.0070,no,Asia/Seoul
SWV,medium_airport,Severo-Evensk Airport,Evensk,RU,61.9218,159.2291,no,Asia/Magadan
SWW,small_airport,Avenger Field,Sweetwater,US,32.4674,-100.4670,no,America/Chicago
SWX,small_airport,Shakawe Airport,Shakawe,BW,-18.3739,21.8326,yes,Africa/Gaborone
SWY,small_airport,Sitiawan Airport,Sitiawan,MY,4.2222,100.6993,no,Asia/Kuala_Lumpur
SXA,small_airport,Sialum Airport,Sialum,PG,-6.0908,147.5955,no,Pacific/Port_Moresby
SXB,large_airport,Strasbourg Airport,Strasbourg,FR,48.5383,7.6282,yes,Europe/Paris
SXE,medium_airport,West Sale Airport,Sale,AU,-38.0908,146.9653,no,Australia/Melbourne
SXG,small_airport,Senanga Airport,Senanga,ZM,-16.1130,23.2982,no,Africa/Lusaka
SXH,small_airport,Sehulea Airport,Sehulea,PG,-9.9645,151.1619,no,Pacific/Port_Moresby
SXI,medium_airport,Siri Airport,Siri,IR,25.9089,54.5394,no,Asia/Tehran
SXJ,medium_airport,Shanshan Airport,Shanshan,CN,42.9117,90.2475,no,Asia/Shanghai
SXK,small_airport,Mathilda Batlayeri Airport,Saumlaki-Yamdena Island,ID,-7.8484,131.3371,yes,Asia/Jayapura
SXL,medium_airport,Sligo Airport,Sligo,IE,54.2802,-8.5992,no,Europe/Dublin
SXM,large_airport,Princess Juliana International Airport,Sint Maarten,SX,18.0410,-63.1089,yes,America/Lower_Princes
SXN,medium_airport,Sua Pan Airport,Sowa,BW,-20.5534,26.1158,no,Africa/Gaborone
SXO,small_airport,São Félix do Araguaia Airport,São Félix Do Araguaia,BR,-11.6324,-50.6896,no,America/Cuiaba
SXP,small_airport,Nunam Iqua Airport,Nunam Iqua,US,62.5206,-164.8480,yes,America/Nome
SXQ,medium_airport,Soldotna Airport,Soldotna,US,60.4749,-151.0385,no,America/Anchorage
SXR,large_airport,Sheikh ul Alam International Airport,Srinagar,IN,33.9871,74.7742,yes,Asia/Kolkata
SXS,small_airport,Sahabat [Sahabat 16] Airport,Sahabat,MY,5.0878,119.0940,no,Asia/Kuching
SXT,small_airport,Sungai Tiang Airport,Taman Negara,MY,4.3303,102.3950,no,Asia/Kuala_Lumpur
SXU,small_airport,Soddu Airport,Soddu,ET,6.8028,37.6862,no,Africa/Addis_Ababa
SXV,medium_airport,Salem Airport,Salem,IN,11.7833,78.0656,no,Asia/Kolkata
SXW,small_airport,Sauren Airport,Sauren,PG,-5.9701,148.8543,no,Pacific/Port_Moresby
SXX,small_airport,São Félix do Xingu Airport,São Félix do Xingu,BR,-6.6413,-51.9523,no,America/Belem
SXY,small_airport,Sidney Municipal Airport,Sidney,US,42.3026,-75.4160,no,America/New_York
SXZ,medium_airport,Siirt Airport,Siirt,TR,37.9789,41.8404,no,Europe/Istanbul
SYA,medium_airport,Eareckson Air Station,Shemya,US,52.7123,174.1140,no,America/Adak
SYC,small_airport,Shiringayoc Airport,Shiringayoc,PE,-11.8980,-69.0625,no,America/Lima
SYD,large_airport,Sydney Kingsford Smith International Airport,Sydney (Mascot),AU,-33.9461,151.1770,yes,Australia/Sydney
SYE,small_airport,Sadah Airport,Sa'dah,YE,16.9675,43.7281,no,Asia/Aden
SYH,small_airport,Syangboche Airport,Namche Bazaar,NP,27.8112,86.7124,no,Asia/Kathmandu
SYI,small_airport,Bomar Field / Shelbyville Municipal Airport,Shelbyville,US,35.5601,-86.4425,no,America/Chicago
SYJ,medium_airport,Sirjan Airport,Sirjan,IR,29.5509,55.6727,no,Asia/Tehran
SYK,small_airport,Stykkishólmur Airport,Stykkishólmur,IS,65.0589,-22.7646,no,Atlantic/Reykjavik
SYM,small_airport,Pu'er Simao Airport,Pu'er,CN,22.7933,100.9590,yes,Asia/Shanghai
SYN,small_airport,Stanton Airfield,Dennison,US,44.4756,-93.0168,no,America/Chicago
SYO,medium_airport,Shonai Airport,Shonai,JP,38.8122,139.7870,yes,Asia/Tokyo
SYP,medium_airport,Ruben Cantu Airport,Santiago,PA,8.0856,-80.9453,no,America/Panama
SYQ,medium_airport,Tobías Bolaños International Airport,San Jose,CR,9.9571,-84.1398,yes,America/Costa_Rica
SYR,large_airport,Syracuse Hancock International Airport,Syracuse,US,43.1112,-76.1063,yes,America/New_York
SYS,medium_airport,Saskylakh Airport,Saskylakh,RU,71.9279,114.0800,yes,Asia/Yakutsk
SYT,medium_airport,Saint-Yan Airport,"L'Hôpital-le-Mercier, Saône-et-Loire",FR,46.4140,4.0142,no,Europe/Paris
SYU,small_airport,Warraber Island Airport,Sue Islet,AU,-10.2083,142.8250,yes,Australia/Brisbane
SYV,small_airport,Sylvester Airport,Sylvester,US,31.5585,-83.8957,no,America/New_York
SYW,medium_airport,Sehwan Sharif Airport,Sehwan Sharif,PK,26.4731,67.7172,no,Asia/Karachi
SYX,large_airport,Sanya Phoenix International Airport,Sanya (Tianya),CN,18.3029,109.4120,yes,Asia/Shanghai
SYY,medium_airport,Stornoway Airport,"Stornoway, Western Isles",GB,58.2156,-6.3311,yes,Europe/London
SYZ,large_airport,Shiraz Shahid Dastghaib International Airport,Shiraz,IR,29.5392,52.5898,yes,Asia/Tehran
SZA,medium_airport,Soyo Airport,Soyo,AO,-6.1411,12.3718,yes,Africa/Luanda
SZB,large_airport,Sultan Abdul Aziz Shah International Airport,Subang,MY,3.1306,101.5490,yes,Asia/Kuala_Lumpur
SZE,small_airport,Semera Airport,Semera,ET,11.7875,40.9915,yes,Africa/Addis_Ababa
SZF,medium_airport,Samsun-Çarşamba Airport,Samsun,TR,41.2540,36.5675,yes,Europe/Istanbul
SZG,large_airport,Salzburg Airport,Salzburg,AT,47.7933,13.0043,yes,Europe/Vienna
SZH,medium_airport,Shuozhou Zirun Airport,Shuozhou,CN,39.2732,112.6916,yes,Asia/Shanghai
SZI,small_airport,Zaysan Airport,Zaysan,KZ,47.4875,84.8877,yes,Asia/Almaty
SZJ,medium_airport,Siguanea Airport,Isla de la Juventud,CU,21.6425,-82.9551,no,America/Havana
SZK,medium_airport,Skukuza Airport,Skukuza,ZA,-24.9609,31.5886,yes,Africa/Johannesburg
SZL,medium_airport,Whiteman Air Force Base,Knob Noster,US,38.7303,-93.5479,no,America/Chicago
SZM,small_airport,Sesriem Airport,Sesriem,NA,-24.5128,15.7467,no,Africa/Windhoek
SZN,small_airport,Santa Cruz Island Airport,Santa Cruz Island,US,34.0601,-119.9152,no,America/Los_Angeles
SZP,small_airport,Santa Paula Airport,Santa Paula,US,34.3472,-119.0610,no,America/Los_Angeles
SZS,small_airport,Ryan's Creek Aerodrome,Oban,NZ,-46.8997,168.1010,no,Pacific/Auckland
SZV,medium_airport,Suzhou Guangfu Airport,Suzhou,CN,31.2631,120.4010,no,Asia/Shanghai
SZX,large_airport,Shenzhen Bao'an International Airport,Shenzhen,CN,22.6395,113.8033,yes,Asia/Shanghai
SZY,medium_airport,Olsztyn-Mazury Airport,Szymany,PL,53.4819,20.9377,yes,Europe/Warsaw
SZZ,large_airport,Solidarity Szczecin–Goleniów Airport,Szczecin(Glewice),PL,53.5847,14.9022,yes,Europe/Warsaw
TAB,large_airport,A.N.R. Robinson International Airport,Scarborough,TT,11.1496,-60.8313,yes,America/Port_of_Spain
TAC,medium_airport,Daniel Z. Romualdez Airport,Tacloban City,PH,11.2278,125.0278,yes,Asia/Manila
TAD,small_airport,Perry Stokes Airport,Trinidad,US,37.2594,-104.3410,no,America/Denver
TAE,large_airport,Daegu International Airport,Daegu,KR,35.8944,128.6570,yes,Asia/Seoul
TAF,medium_airport,Oran Tafraoui Airport,Tafraoui,DZ,35.5424,-0.5323,no,Africa/Algiers
TAG,large_airport,Bohol-Panglao International Airport,Panglao,PH,9.5730,123.7701,yes,Asia/Manila
TAH,medium_airport,Whitegrass Airport,Tanna Island,VU,-19.4551,169.2240,yes,Pacific/Efate
TAI,medium_airport,Taiz International Airport,Taiz,YE,13.6860,44.1391,yes,Asia/Aden
TAJ,small_airport,Tadji Airport,Aitape,PG,-3.1982,142.4310,no,Pacific/Port_Moresby
TAK,large_airport,Takamatsu Airport,Takamatsu,JP,34.2150,134.0155,yes,Asia/Tokyo
TAL,small_airport,Ralph M Calhoun Memorial Airport,Tanana,US,65.1744,-152.1090,yes,America/Anchorage
TAM,medium_airport,General Francisco Javier Mina International Airport,Ciudad Madero,MX,22.2926,-97.8671,yes,America/Monterrey
TAN,small_airport,Tangalooma Airport,,AU,-27.1377,153.3641,no,Australia/Brisbane
TAO,large_airport,Qingdao Jiaodong International Airport,Qingdao (Jiaozhou),CN,36.3620,120.0882,yes,Asia/Shanghai
TAP,medium_airport,Tapachula International Airport,Tapachula,MX,14.7945,-92.3699,yes,America/Mexico_City
TAQ,small_airport,Tarcoola Airport,Tarcoola,AU,-30.7029,134.5828,no,Australia/Adelaide
TAR,medium_airport,Taranto-Grottaglie Marcello Arlotta Airport,Grottaglie,IT,40.5175,17.4032,no,Europe/Rome
TAS,large_airport,Tashkent International Airport,Tashkent,UZ,41.2579,69.2812,yes,Asia/Tashkent
TAT,medium_airport,Poprad-Tatry Airport,Poprad,SK,49.0710,20.2414,yes,Europe/Bratislava
TAU,small_airport,Tauramena Airport,Tauramena,CO,5.0128,-72.7424,no,America/Bogota
TAW,small_airport,Tacuarembo Airport,Tacuarembo,UY,-31.7490,-55.9258,no,America/Montevideo
TAX,small_airport,Taliabu Island Airport,Tikong-Taliabu Island,ID,-1.6426,124.5590,no,Asia/Jayapura
TAY,medium_airport,Tartu Airport,Tartu,EE,58.3074,26.6865,yes,Europe/Tallinn
TAZ,large_airport,Dashoguz International Airport,Daşoguz,TM,41.7599,59.8361,yes,Asia/Ashgabat
TBB,medium_airport,Dong Tac Airport,Tuy Hoa,VN,13.0496,109.3340,yes,Asia/Ho_Chi_Minh
TBC,small_airport,Tuba City Airport,Tuba City,US,36.0911,-111.3829,no,America/Denver
TBD,small_airport,Timbiqui Airport,Timbiqui,CO,2.7786,-77.6680,no,America/Bogota
TBE,small_airport,Timbunke Airport,Timbunke,PG,-4.1966,143.5192,no,Pacific/Port_Moresby
TBF,medium_airport,Tabiteuea North Airport,,KI,-1.2245,174.7760,no,Pacific/Tarawa
TBG,small_airport,Tabubil Airport,Tabubil,PG,-5.2805,141.2276,yes,Pacific/Port_Moresby
TBH,medium_airport,Tugdan Airport,Tablas Island,PH,12.3110,122.0850,yes,Asia/Manila
TBI,medium_airport,New Bight Airport,Cat Island,BS,24.3153,-75.4523,yes,America/Nassau
TBJ,medium_airport,Tabarka-Aïn Draham International Airport,Tabarka,TN,36.9800,8.8769,yes,Africa/Tunis
TBK,small_airport,Timber Creek Airport,,AU,-15.6200,130.4450,no,Australia/Darwin
TBL,small_airport,Tableland Homestead Airport,,AU,-17.2833,126.9000,no,Australia/Perth
TBM,small_airport,Tumbang Samba Airport,Tumbang Samba-Borneo Island,ID,-1.4690,113.0810,yes,Asia/Pontianak
TBN,medium_airport,Waynesville-St. Robert Regional Airport-Forney Field,Fort Leonard Wood,US,37.7416,-92.1407,yes,America/Chicago
TBO,small_airport,Tabora Airport,Tabora,TZ,-5.0764,32.8333,yes,Africa/Dar_es_Salaam
TBP,medium_airport,Captain Pedro Canga Rodríguez International Airport,Tumbes,PE,-3.5521,-80.3811,yes,America/Lima
TBQ,small_airport,Tarabo Airport,Tarabo,PG,-6.4667,145.5322,no,Pacific/Port_Moresby
TBR,small_airport,Statesboro Bulloch County Airport,Statesboro,US,32.4827,-81.7369,no,America/New_York
TBS,large_airport,Tbilisi International Airport,Tbilisi,GE,41.6692,44.9547,yes,Asia/Tbilisi
TBT,medium_airport,Tabatinga International Airport,Tabatinga,BR,-4.2557,-69.9358,yes,America/Manaus
TBU,large_airport,Fua'amotu International Airport,Nuku'alofa,TO,-21.2414,-175.1492,yes,Pacific/Tongatapu
TBV,small_airport,Tabal Airstrip,Tabal Island,MH,8.3027,171.1615,no,Pacific/Majuro
TBW,medium_airport,Donskoye Airport,Tambov,RU,52.8061,41.4828,no,Europe/Moscow
TBX,small_airport,Tambelan Airport,Tambelan,ID,0.9799,107.5647,no,Asia/Jakarta
TBY,small_airport,Tshabong Airport,Tshabong,BW,-26.0345,22.4013,no,Africa/Gaborone
TBZ,large_airport,Tabriz International Airport,Tabriz,IR,38.1339,46.2350,yes,Asia/Tehran
TCA,medium_airport,Tennant Creek Airport,Tennant Creek,AU,-19.6344,134.1830,yes,Australia/Darwin
TCB,medium_airport,Treasure Cay Airport,Treasure Cay,BS,26.7453,-77.3913,yes,America/Nassau
TCC,medium_airport,Tucumcari Municipal Airport,Tucumcari,US,35.1828,-103.6030,no,America/Denver
TCD,small_airport,Tarapacá Airport,Tarapacá,CO,-2.8958,-69.7498,yes,America/Bogota
TCE,medium_airport,Tulcea Danube Delta Airport,Mihail Kogălniceanu,RO,45.0625,28.7143,no,Europe/Bucharest
TCF,small_airport,Tocoa Airport,Tocoa,HN,15.6597,-85.9942,no,America/Tegucigalpa
TCG,small_airport,Tacheng Qianquan Airport,Tacheng,CN,46.6725,83.3408,yes,Asia/Shanghai
TCH,small_airport,Tchibanga Airport,Tchibanga,GA,-2.8885,10.9554,no,Africa/Libreville
TCJ,small_airport,Torembi Airport,Torembi,PG,-4.0165,143.1329,no,Pacific/Port_Moresby
TCK,small_airport,Tinboli Airport,Tinboli,PG,-4.0949,143.3838,no,Pacific/Port_Moresby
TCL,medium_airport,Tuscaloosa National Airport,Tuscaloosa,US,33.2206,-87.6114,no,America/Chicago
TCM,medium_airport,McChord Air Force Base,Tacoma,US,47.1377,-122.4760,no,America/Los_Angeles
TCN,small_airport,Tehuacán National Airport,Tehuacán,MX,18.4972,-97.4201,no,America/Mexico_City
TCO,medium_airport,La Florida Airport,Tumaco,CO,1.8144,-78.7492,yes,America/Bogota
TCP,medium_airport,Taba International Airport,Taba,EG,29.5945,34.7758,yes,Africa/Cairo
TCQ,medium_airport,Coronel FAP Carlos Ciriani Santa Rosa International Airport,Tacna,PE,-18.0533,-70.2758,yes,America/Lima
TCR,small_airport,Tuticorin Airport,Vagaikulam,IN,8.7242,78.0258,yes,Asia/Kolkata
TCS,medium_airport,Truth or Consequences Municipal Airport,Truth or Consequences,US,33.2369,-107.2720,no,America/Denver
TCT,small_airport,Takotna Airport,Takotna,US,62.9932,-156.0290,yes,America/Anchorage
TCU,small_airport,Thaba Nchu Tar Airport,Homeward,ZA,-29.3178,26.8228,no,Africa/Johannesburg
TCW,small_airport,Tocumwal Airport,,AU,-35.8117,145.6080,no,Australia/Sydney
TCX,medium_airport,Tabas Airport,Tabas,IR,33.6678,56.8927,no,Asia/Tehran
TCY,small_airport,Terrace Bay Airport,Terrace Bay,NA,-19.9721,13.0255,no,Africa/Windhoek
TCZ,medium_airport,Tengchong Tuofeng Airport,Baoshan (Tengchong),CN,24.9381,98.4858,yes,Asia/Shanghai
TDA,small_airport,Trinidad Airport,Trinidad,CO,5.4328,-71.6625,no,America/Bogota
TDB,small_airport,Tetebedi Airport,Tetebedi,PG,-9.1586,148.0686,no,Pacific/Port_Moresby
TDD,medium_airport,Teniente Av. Jorge Henrich Arauz Airport,Trinidad,BO,-14.8187,-64.9180,yes,America/La_Paz
TDG,medium_airport,Tandag Airport,Tandag,PH,9.0720,126.1713,no,Asia/Manila
TDJ,small_airport,Tadjoura Airport,Tadjoura,DJ,11.7870,42.9174,no,Africa/Djibouti
TDK,medium_airport,Taldykorgan Airport,Taldykorgan,KZ,45.1225,78.4428,yes,Asia/Almaty
TDL,medium_airport,Héroes de Malvinas Airport,Tandil,AR,-37.2346,-59.2286,no,America/Argentina/Buenos_Aires
TDN,small_airport,Theda Station Airport,Drysdale River,AU,-14.7906,126.4980,no,Australia/Perth
TDO,small_airport,Ed Carlson Memorial Field South Lewis County Airport,Toledo,US,46.4772,-122.8060,no,America/Los_Angeles
TDP,small_airport,Trompeteros Airport,Corrientes,PE,-3.8060,-75.0393,no,America/Lima
TDR,small_airport,Theodore Airport,,AU,-24.9868,150.0931,no,Australia/Brisbane
TDS,small_airport,Sasereme Airport,Sasereme,PG,-7.6217,142.8680,yes,Pacific/Port_Moresby
TDT,small_airport,Tanda Tula Airport,Timbavati,ZA,-24.5255,31.2897,no,Africa/Johannesburg
TDV,small_airport,Samangoky Airport,Tanandava,MG,-21.7000,43.7330,no,Indian/Antananarivo
TDW,small_airport,Tradewind Airport,Amarillo,US,35.1699,-101.8260,no,America/Chicago
TDX,medium_airport,Trat Airport,Laem Ngop,TH,12.2746,102.3190,yes,Asia/Bangkok
TDZ,small_airport,Toledo Executive Airport,Toledo,US,41.5649,-83.4823,no,America/New_York
TEA,medium_airport,Tela Airport,Tela,HN,15.7759,-87.4758,no,America/Tegucigalpa
TEB,medium_airport,Teterboro Airport,Teterboro,US,40.8501,-74.0608,yes,America/New_York
TEC,medium_airport,Telêmaco Borba Airport,Telêmaco Borba,BR,-24.3178,-50.6516,no,America/Sao_Paulo
TED,medium_airport,Thisted Airport,Thisted,DK,57.0688,8.7052,no,Europe/Copenhagen
TEE,medium_airport,Cheikh Larbi Tébessi Airport,Tébessi,DZ,35.4316,8.1207,yes,Africa/Algiers
TEF,medium_airport,Telfer Airport,,AU,-21.7150,122.2290,no,Australia/Perth
TEG,small_airport,Tenkodogo Airport,Tenkodogo,BF,11.8011,-0.3714,no,Africa/Ouagadougou
TEH,small_airport,Tetlin Airport,Tetlin,US,63.1246,-142.5180,no,America/Anchorage
TEI,small_airport,Tezu Airport,Tezu,IN,27.9412,96.1344,no,Asia/Kolkata
TEK,small_airport,Tatitlek Airport,Tatitlek,US,60.8714,-146.6903,yes,America/Anchorage
TEL,small_airport,Telupid Airport,Telupid,MY,5.6286,117.1260,no,Asia/Kuching
TEM,medium_airport,Temora Airport,Temora,AU,-34.4214,147.5120,no,Australia/Sydney
TEN,medium_airport,Tongren Fenghuang Airport,Tongren (Daxing),CN,27.8833,109.3089,yes,Asia/Shanghai
TEO,small_airport,Terapo Airport,Terapo Mission,PG,-8.1697,146.1944,no,Pacific/Port_Moresby
TEP,small_airport,Tep Tep Airport,Teptep,PG,-5.9553,146.5595,no,Pacific/Port_Moresby
TEQ,medium_airport,Tekirdağ Çorlu Airport,Çorlu,TR,41.1382,27.9191,yes,Europe/Istanbul
TER,medium_airport,Lajes Airport,Praia da Vitória,PT,38.7618,-27.0908,yes,Atlantic/Azores
TES,small_airport,Tessenei Airport,Tessenei,ER,15.1043,36.6817,no,Africa/Asmara
TET,large_airport,Tete Airport,Tete,MZ,-16.1048,33.6402,yes,Africa/Maputo
TEU,medium_airport,Manapouri Airport,,NZ,-45.5331,167.6500,no,Pacific/Auckland
TEV,medium_airport,Teruel Airport,Teruel,ES,40.4103,-1.2174,no,Europe/Madrid
TEX,medium_airport,Telluride Regional Airport,Telluride,US,37.9538,-107.9080,yes,America/Denver
TEY,small_airport,Þingeyri Airport,Þingeyri,IS,65.8703,-23.5600,no,Atlantic/Reykjavik
TEZ,medium_airport,Tezpur Airport,,IN,26.7091,92.7847,yes,Asia/Kolkata
TFB,small_airport,Tifalmin Airport,Tifalmin,PG,-5.1172,141.4181,no,Pacific/Port_Moresby
TFF,medium_airport,Tefé Airport,Tefé,BR,-3.3829,-64.7241,yes,America/Manaus
TFI,small_airport,Tufi Airport,Tufi,PG,-9.0760,149.3198,yes,Pacific/Port_Moresby
TFL,small_airport,Juscelino Kubitscheck Airport,Teófilo Otoni,BR,-17.8923,-41.5136,no,America/Sao_Paulo
TFM,small_airport,Telefomin Airport,Telefomin,PG,-5.1261,141.6419,no,Pacific/Port_Moresby
TFN,large_airport,Tenerife Norte-Ciudad de La Laguna Airport,Tenerife,ES,28.4828,-16.3417,yes,Atlantic/Canary
TFS,large_airport,Tenerife Sur Airport,Tenerife,ES,28.0445,-16.5725,yes,Atlantic/Canary
TFT,small_airport,Taftan Airport,Taftan,PK,28.9642,61.5954,no,Asia/Karachi
TFU,large_airport,Chengdu Tianfu International Airport,Chengdu (Jianyang),CN,30.3125,104.4413,yes,Asia/Shanghai
TFY,small_airport,Muhammad Taufiq Kiemas Airport,Krui,ID,-5.2116,103.9365,no,Asia/Jakarta
TGA,medium_airport,Tengah Air Base,Western Water Catchment,SG,1.3876,103.7083,no,Asia/Singapore
TGB,small_airport,Tagbita Airstrip,Rizal,PH,8.7149,117.3526,no,Asia/Manila
TGC,small_airport,Tanjung Manis Airport,Belawai,MY,2.1778,111.2020,no,Asia/Kuching
TGD,large_airport,Podgorica Airport / Podgorica Golubovci Airbase,Podgorica,ME,42.3594,19.2519,yes,Europe/Podgorica
TGG,medium_airport,Sultan Mahmud Airport,Kuala Terengganu,MY,5.3826,103.1030,yes,Asia/Kuala_Lumpur
TGH,small_airport,Tongoa Airport,Tongoa Island,VU,-16.8911,168.5510,yes,Pacific/Efate
TGI,small_airport,Tingo Maria Airport,Tingo Maria,PE,-9.2897,-76.0051,no,America/Lima
TGJ,medium_airport,Tiga Airport,Tiga,NC,-21.0964,167.8038,yes,Pacific/Noumea
TGK,medium_airport,Taganrog Yuzhny Airport,Taganrog,RU,47.1983,38.8492,yes,Europe/Moscow
TGL,small_airport,Tagula Airport,Sudest Island,PG,-11.3311,153.2029,no,Pacific/Port_Moresby
TGM,medium_airport,Târgu Mureş Transilvania International Airport,Recea,RO,46.4677,24.4125,yes,Europe/Bucharest
TGN,medium_airport,Latrobe Valley Airport,Morwell,AU,-38.2110,146.4708,no,Australia/Melbourne
TGO,medium_airport,Tongliao Airport,Tongliao,CN,43.5567,122.2000,yes,Asia/Shanghai
TGP,medium_airport,Podkamennaya Tunguska Airport,Bor,RU,61.5897,89.9940,no,Asia/Krasnoyarsk
TGQ,small_airport,Tangará da Serra Airport,Tangará da Serra,BR,-14.6620,-57.4437,yes,America/Cuiaba
TGR,medium_airport,Touggourt Sidi Madhi Airport,Touggourt,DZ,33.0678,6.0887,yes,Africa/Algiers
TGS,small_airport,Chokwé Airport,Chokwé,MZ,-24.5206,32.9653,no,Africa/Maputo
TGT,medium_airport,Tanga Airport,Tanga,TZ,-5.0924,39.0712,yes,Africa/Dar_es_Salaam
TGU,medium_airport,Toncontín Airport,Tegucigalpa,HN,14.0609,-87.2172,yes,America/Tegucigalpa
TGZ,medium_airport,Angel Albino Corzo International Airport,Tuxtla Gutiérrez,MX,16.5616,-93.0257,yes,America/Mexico_City
THA,small_airport,Tullahoma Regional Airport William Northern Field,Tullahoma,US,35.3801,-86.2464,no,America/Chicago
THB,small_airport,Thaba-Tseka Airport,Thaba-Tseka,LS,-29.5228,28.6158,no,Africa/Maseru
THC,small_airport,Tchien Airport,Zwedru,LR,6.0457,-8.1387,no,Africa/Monrovia
THD,small_airport,Tho Xuan Airport,Thanh Hóa,VN,19.9017,105.4678,yes,Asia/Bangkok
THE,medium_airport,Senador Petrônio Portela Airport,Teresina,BR,-5.0602,-42.8237,yes,America/Fortaleza
THG,medium_airport,Thangool Airport,Biloela,AU,-24.4949,150.5780,yes,Australia/Brisbane
THI,small_airport,Tichitt Airport,Tichitt,MR,18.4339,-9.4864,no,Africa/Nouakchott
THK,small_airport,Thakhek Airport,Thakhek,LA,17.3779,104.8574,no,Asia/Vientiane
THL,medium_airport,Tachileik Airport,Tachileik,MM,20.4838,99.9354,yes,Asia/Yangon
THM,small_airport,Thompson Falls Airport,Thompson Falls,US,47.5735,-115.2810,no,America/Denver
THN,medium_airport,Trollhättan-Vänersborg Airport,Trollhättan,SE,58.3181,12.3450,yes,Europe/Stockholm
THO,small_airport,Þórshöfn Airport,Þórshöfn,IS,66.2185,-15.3347,yes,Atlantic/Reykjavik
THP,small_airport,Hot Springs County Airport,Thermopolis,US,43.7136,-108.3897,no,America/Denver
THQ,medium_airport,Tianshui Maijishan Airport,Tianshui (Maiji),CN,34.5601,105.8603,yes,Asia/Shanghai
THR,large_airport,Mehrabad International Airport,Tehran,IR,35.6892,51.3144,yes,Asia/Tehran
THS,medium_airport,Sukhothai Airport,,TH,17.2380,99.8182,yes,Asia/Bangkok
THT,small_airport,Tamchakett Airport,Tamchakett,MR,17.2316,-10.7792,no,Africa/Nouakchott
THU,medium_airport,Pituffik Space Base,Pituffik,GL,76.5306,-68.7005,yes,America/Thule
THV,small_airport,York Airport,Thomasville,US,39.9170,-76.8730,no,America/New_York
THX,small_airport,Turukhansk Airport,Turukhansk,RU,65.7972,87.9353,yes,Asia/Krasnoyarsk
THY,small_airport,Thohoyandou Airport,Thohoyandou,ZA,-23.0769,30.3836,no,Africa/Johannesburg
THZ,medium_airport,Tahoua Airport,Tahoua,NE,14.8757,5.2654,no,Africa/Niamey
TIA,large_airport,Tirana International Airport Mother Teresa,Rinas,AL,41.4147,19.7206,yes,Europe/Tirane
TIB,small_airport,Tibú Airport,Tibú,CO,8.6315,-72.7304,no,America/Bogota
TIC,small_airport,Tinak Airport,Arno Atoll,MH,7.1218,171.9116,no,Pacific/Majuro
TID,medium_airport,Abdelhafid Boussouf Bou Chekif Airport,Tiaret,DZ,35.3411,1.4631,no,Africa/Algiers
TIE,small_airport,Tippi Airport,Tippi,ET,7.2024,35.4150,yes,Africa/Addis_Ababa
TIF,large_airport,Taif International Airport,Taif,SA,21.4847,40.5441,yes,Asia/Riyadh
TIH,medium_airport,Tikehau Airport,Tuherahera,PF,-15.1196,-148.2310,yes,Pacific/Tahiti
TII,small_airport,Tarinkot Airport,Tarinkot,AF,32.6042,65.8658,no,Asia/Kabul
TIJ,large_airport,General Abelardo L. Rodriguez International Airport,Tijuana,MX,32.5410,-116.9700,yes,America/Tijuana
TIK,medium_airport,Tinker Air Force Base,Oklahoma City,US,35.4147,-97.3866,no,America/Chicago
TIL,small_airport,Cheadle Airport,Cheadle,CA,51.0575,-113.6240,no,America/Edmonton
TIM,medium_airport,Mozes Kilangin Airport,Timika,ID,-4.5298,136.8874,yes,Asia/Jayapura
TIN,medium_airport,Tindouf Airport,Tindouf,DZ,27.7004,-8.1671,yes,Africa/Algiers
TIO,small_airport,Tilin Airport,Tilin,MM,21.7000,94.1000,no,Asia/Yangon
TIQ,medium_airport,Francisco Manglona Borja / Tinian International Airport,Tinian Island,MP,14.9992,145.6194,yes,Pacific/Saipan
TIR,large_airport,Tirupati International Airport,Tirupati,IN,13.6320,79.5399,yes,Asia/Kolkata
TIU,medium_airport,Timaru Airport,,NZ,-44.3028,171.2250,yes,Pacific/Auckland
TIV,medium_airport,Tivat Airport,Tivat,ME,42.4047,18.7233,yes,Europe/Podgorica
TIW,medium_airport,Tacoma Narrows Airport,Tacoma,US,47.2674,-122.5773,yes,America/Los_Angeles
TIX,medium_airport,Space Coast Regional Airport,Titusville,US,28.5148,-80.7992,no,America/New_York
TIY,small_airport,Tidjikja Airport,Tidjikja,MR,18.5701,-11.4235,no,Africa/Nouakchott
TIZ,small_airport,Tari Airport,Tari,PG,-5.8450,142.9480,yes,Pacific/Port_Moresby
TJA,medium_airport,Capitan Oriel Lea Plaza Airport,Tarija,BO,-21.5557,-64.7013,yes,America/La_Paz
TJB,small_airport,Raja Haji Abdullah Airport,Tanjung Balai-Karinmunbesar Island,ID,1.0529,103.3915,no,Asia/Jakarta
TJC,small_airport,Ticantiquí Airport,Ticantiquí,PA,9.4185,-78.4896,no,America/Panama
TJG,medium_airport,Warukin Airport,Tanta-Tabalong,ID,-2.2166,115.4360,yes,Asia/Makassar
TJH,medium_airport,Konotori Tajima Airport,Toyooka,JP,35.5128,134.7870,yes,Asia/Tokyo
TJI,medium_airport,Trujillo Airport,Trujillo,HN,15.9266,-85.9386,no,America/Tegucigalpa
TJK,medium_airport,Tokat Airport,Tokat,TR,40.3247,36.3906,yes,Europe/Istanbul
TJL,small_airport,Plínio Alarcom Airport,Três Lagoas,BR,-20.7526,-51.6820,yes,America/Campo_Grande
TJM,large_airport,Roshchino International Airport,Tyumen,RU,57.1790,65.3277,yes,Asia/Yekaterinburg
TJN,small_airport,Takume Airport,Takume,PF,-15.8574,-142.2665,no,Pacific/Tahiti
TJQ,small_airport,H A S Hanandjoeddin International Airport,Tanjung Pandan,ID,-2.7441,107.7545,yes,Asia/Jakarta
TJS,small_airport,Tanjung Harapan Airport,Tanjung Selor-Borneo Island,ID,2.8381,117.3746,yes,Asia/Makassar
TJU,large_airport,Kulob International Airport,Kulob,TJ,37.9881,69.8050,yes,Asia/Dushanbe
TJV,small_airport,Thanjavur Air Force Station,Thanjavur,IN,10.7238,79.1095,no,Asia/Kolkata
TKA,medium_airport,Talkeetna Airport,Talkeetna,US,62.3205,-150.0940,no,America/Anchorage
TKB,small_airport,Tekadu Airport,Tekadu,PG,-7.6808,146.5503,no,Pacific/Port_Moresby
TKC,medium_airport,Tiko Airport,Tiko,CM,4.0892,9.3605,no,Africa/Douala
TKD,medium_airport,Takoradi Airport,Sekondi-Takoradi,GH,4.8961,-1.7748,yes,Africa/Accra
TKF,medium_airport,Truckee Tahoe Airport,Truckee,US,39.3186,-120.1406,yes,America/Los_Angeles
TKG,medium_airport,Radin Inten II International Airport,Bandar Lampung,ID,-5.2468,105.1825,yes,Asia/Jakarta
TKH,medium_airport,Takhli Royal Thai Air Force Base,Takhli,TH,15.2773,100.2960,no,Asia/Bangkok
TKJ,small_airport,Tok Junction Airport,Tok,US,63.3295,-142.9540,yes,America/Anchorage
TKK,large_airport,Chuuk International Airport,Weno Island,FM,7.4619,151.8430,yes,Pacific/Chuuk
TKM,small_airport,Taksimo Airport,Taksimo,RU,56.3617,114.9300,yes,Asia/Irkutsk
TKN,medium_airport,Tokunoshima Airport,Amagi,JP,27.8364,128.8814,yes,Asia/Tokyo
TKO,small_airport,Tlokoeng Airport,Tlokoeng,LS,-29.2330,28.8830,no,Africa/Maseru
TKP,medium_airport,Takapoto Airport,,PF,-14.7095,-145.2460,yes,Pacific/Tahiti
TKQ,small_airport,Kigoma Airport,Kigoma,TZ,-4.8862,29.6709,yes,Africa/Dar_es_Salaam
TKR,small_airport,Thakurgaon Airport,Thakurgaon,BD,26.0164,88.4021,no,Asia/Dhaka
TKS,large_airport,Tokushima Awaodori Airport / JMSDF Tokushima Air Base,Tokushima,JP,34.1326,134.6078,yes,Asia/Tokyo
TKT,medium_airport,Tak Airport,,TH,16.8960,99.2533,no,Asia/Bangkok
TKU,large_airport,Turku Airport,Turku,FI,60.5141,22.2628,yes,Europe/Helsinki
TKV,small_airport,Tatakoto Airport,Tatakoto,PF,-17.3552,-138.4473,yes,Pacific/Tahiti
TKW,small_airport,Tekin Airport,Tekin,PG,-5.2437,142.1652,no,Pacific/Port_Moresby
TKX,medium_airport,Takaroa Airport,,PF,-14.4558,-145.0250,yes,Pacific/Tahiti
TKY,small_airport,Turkey Creek Airport,Turkey Creek,AU,-17.0408,128.2060,no,Australia/Perth
TKZ,small_airport,Tokoroa Airfield,Tokoroa,NZ,-38.2367,175.8920,no,Pacific/Auckland
TLA,small_airport,Teller Airport,Teller,US,65.2404,-166.3390,yes,America/Nome
TLB,small_airport,Tarbela Dam Airport,Tarbela,PK,33.9861,72.6114,no,Asia/Karachi
TLC,large_airport,Adolfo López Mateos International Airport,Toluca,MX,19.3369,-99.5658,yes,America/Mexico_City
TLD,small_airport,Tuli Lodge Airport,Tuli Lodge,BW,-22.1919,29.1312,no,Africa/Gaborone
TLE,medium_airport,Toliara Airport,Toliara,MG,-23.3834,43.7285,yes,Indian/Antananarivo
TLF,small_airport,Telida Airport,Telida,US,63.3939,-153.2690,no,America/Anchorage
TLH,medium_airport,Tallahassee International Airport,Tallahassee,US,30.4012,-84.3543,yes,America/New_York
TLI,small_airport,Sultan Bantilan Airport,Toli Toli-Celebes Island,ID,1.1234,120.7937,yes,Asia/Makassar
TLJ,medium_airport,Tatalina LRRS Airport,Takotna,US,62.8944,-155.9770,no,America/Anchorage
TLK,small_airport,Talakan Airport,Talakan Oil Field,RU,59.8764,111.0444,no,Asia/Yakutsk
TLL,large_airport,Lennart Meri Tallinn Airport,Tallinn,EE,59.4132,24.8326,yes,Europe/Tallinn
TLM,large_airport,Zenata – Messali El Hadj Airport,Zenata,DZ,35.0127,-1.4571,yes,Africa/Algiers
TLN,medium_airport,Toulon-Hyères Airport,"Hyères, Var",FR,43.0973,6.1460,yes,Europe/Paris
TLO,small_airport,Tol Airport,Tol,PG,-4.9808,152.0100,no,Pacific/Port_Moresby
TLP,small_airport,Tumolbil Airport,Tumolbil,PG,-4.7748,141.0133,no,Pacific/Port_Moresby
TLQ,medium_airport,Turpan Jiaohe Airport,Turpan,CN,43.0308,89.0987,yes,Asia/Shanghai
TLR,small_airport,Mefford Field,Tulare,US,36.1563,-119.3260,no,America/Los_Angeles
TLS,large_airport,Toulouse-Blagnac Airport,Toulouse/Blagnac,FR,43.6291,1.3638,yes,Europe/Paris
TLT,small_airport,Tuluksak Airport,Tuluksak,US,61.0870,-160.9228,yes,America/Anchorage
TLU,small_airport,Golfo de Morrosquillo Airport,Santiago de Tolú,CO,9.5094,-75.5854,yes,America/Bogota
TLV,large_airport,Ben Gurion International Airport,Tel Aviv,IL,32.0114,34.8867,yes,Asia/Jerusalem
TLW,small_airport,Talasea Airport,Talasea,PG,-5.2726,150.0089,no,Pacific/Port_Moresby
TLX,medium_airport,Panguilemo Airport,Talca,CL,-35.3778,-71.6017,no,America/Santiago
TLY,small_airport,Plastun Airport,Plastun,RU,44.8150,136.2920,yes,Asia/Vladivostok
TLZ,small_airport,Catalão Airport,Catalão,BR,-18.2168,-47.8997,no,America/Sao_Paulo
TMA,small_airport,Henry Tift Myers Airport,Tifton,US,31.4290,-83.4885,no,America/New_York
TMB,medium_airport,Miami Executive Airport,Miami,US,25.6479,-80.4328,no,America/New_York
TMC,small_airport,Tambolaka Airport,Radamata,ID,-9.4092,119.2426,yes,Asia/Makassar
TMD,small_airport,Timbedra Airport,Timbedra,MR,16.2337,-8.1635,no,Africa/Nouakchott
TME,medium_airport,Gustavo Vargas Airport,Tame,CO,6.4511,-71.7603,yes,America/Bogota
TMF,small_airport,Thimarafushi Airport,Thimarafushi,MV,2.2110,73.1533,yes,Indian/Maldives
TMG,small_airport,Tomanggong Airport,Tomanggong,MY,5.4026,118.6576,yes,Asia/Kuching
TMH,medium_airport,Tanah Merah Airport,Tanah Merah,ID,-6.0967,140.3035,yes,Asia/Jayapura
TMI,small_airport,Tumling Tar Airport,Tumling Tar,NP,27.3150,87.1933,yes,Asia/Kathmandu
TMJ,medium_airport,Termez Airport,Termez,UZ,37.2873,67.3119,yes,Asia/Samarkand
TML,large_airport,Yakubu Tali International Airport,Tamale,GH,9.5539,-0.8661,yes,Africa/Accra
TMM,large_airport,Toamasina Ambalamanasy Airport,Toamasina,MG,-18.1135,49.3923,yes,Indian/Antananarivo
TMN,small_airport,Tamana Island Airport,Tamana Island,KI,-2.4858,175.9700,no,Pacific/Tarawa
TMO,medium_airport,Tumeremo Airport,,VE,7.2494,-61.5289,no,America/Caracas
TMP,large_airport,Tampere-Pirkkala Airport,Tampere / Pirkkala,FI,61.4141,23.6044,yes,Europe/Helsinki
TMQ,small_airport,Tambao Airport,Tambao,BF,14.7909,0.0395,no,Africa/Ouagadougou
TMR,large_airport,Aguenar – Hadj Bey Akhamok Airport,Tamanrasset,DZ,22.8110,5.4508,yes,Africa/Algiers
TMS,large_airport,São Tomé International Airport,São Tomé,ST,0.3782,6.7122,yes,Africa/Sao_Tome
TMT,medium_airport,Trombetas Airport,Oriximiná,BR,-1.4896,-56.3968,yes,America/Santarem
TMU,small_airport,Tambor Airport,Nicoya,CR,9.7393,-85.0162,no,America/Costa_Rica
TMW,medium_airport,Tamworth Airport,Tamworth,AU,-31.0779,150.8455,yes,Australia/Sydney
TMX,medium_airport,Timimoun Airport,Timimoun,DZ,29.2371,0.2760,yes,Africa/Algiers
TMY,small_airport,Tiom Airport,Tiom-Papua Island,ID,-3.9256,138.4555,no,Asia/Jayapura
TMZ,small_airport,Thames Aerodrome,,NZ,-37.1567,175.5500,no,Pacific/Auckland
TNA,large_airport,Jinan Yaoqiang International Airport,Jinan (Licheng),CN,36.8572,117.2160,yes,Asia/Shanghai
TNB,small_airport,Tanah Grogot Airport,Tanah Grogot,ID,-1.8855,116.2568,no,Asia/Makassar
TNC,small_airport,Tin City Long Range Radar Station Airport,Tin City,US,65.5631,-167.9220,yes,America/Nome
TND,medium_airport,Alberto Delgado Airport,Trinidad,CU,21.7883,-79.9972,yes,America/Havana
TNE,medium_airport,New Tanegashima Airport,Tanegashima,JP,30.6051,130.9910,yes,Asia/Tokyo
TNF,medium_airport,Toussus-le-Noble Airport,"Toussus-le-Noble, Yvelines",FR,48.7519,2.1062,no,Europe/Paris
TNG,large_airport,Tangier Ibn Battuta Airport,Tangier,MA,35.7317,-5.9215,yes,Africa/Casablanca
TNH,medium_airport,Tonghua Sanyuanpu Airport,Tonghua,CN,42.0484,125.7340,yes,Asia/Shanghai
TNI,small_airport,Satna Airport,,IN,24.5626,80.8529,no,Asia/Kolkata
TNJ,medium_airport,Raja Haji Fisabilillah International Airport,Tanjung Pinang-Bintan Island,ID,0.9240,104.5334,yes,Asia/Jakarta
TNK,small_airport,Tununak Airport,Tununak,US,60.5696,-165.2466,yes,America/Nome
TNL,small_airport,Ternopil International Airport,Ternopil,UA,49.5242,25.7001,no,Europe/Kyiv
TNM,small_airport,Teniente Rodolfo Marsh Martin Airport,Villa Las Estrellas,AQ,-62.1910,-58.9867,yes,America/Punta_Arenas
TNN,large_airport,Tainan International Airport / Tainan Air Base,Tainan (Rende),TW,22.9504,120.2060,yes,Asia/Taipei
TNO,small_airport,Tamarindo Airport,Tamarindo,CR,10.3135,-85.8155,no,America/Costa_Rica
TNP,small_airport,Twentynine Palms Airport,Twentynine Palms,US,34.1339,-115.9473,no,America/Los_Angeles
TNQ,small_airport,Washington Island Airstrip,Teraina,KI,4.6984,-160.3944,no,Pacific/Kiritimati
TNR,large_airport,Ivato International Airport,Antananarivo,MG,-18.7969,47.4788,yes,Indian/Antananarivo
TNS,small_airport,Tungsten (Cantung) Airport,Tungsten,CA,61.9569,-128.2030,no,America/Whitehorse
TNT,small_airport,Dade Collier Training and Transition Airport,Miami,US,25.8618,-80.8970,no,America/New_York
TNU,small_airport,Newton Municipal Airport,Newton,US,41.6744,-93.0217,no,America/Chicago
TNV,small_airport,Tabuaeran Island Airport,Tabuaeran Island,KI,3.8994,-159.3890,no,Pacific/Kiritimati
TNW,medium_airport,Jumandy Airport,Ahuano,EC,-1.0602,-77.5805,no,America/Guayaquil
TNZ,small_airport,Tosontsengel Airport,Tosontsengel,MN,48.7389,98.2941,no,Asia/Ulaanbaatar
TOA,small_airport,Zamperini Field,Torrance,US,33.8034,-118.3400,no,America/Los_Angeles
TOB,small_airport,Tobruk International Airport,Adam,LY,31.8610,23.9070,no,Africa/Tripoli
TOC,small_airport,Toccoa Airport - R.G. Letourneau Field,Toccoa,US,34.5938,-83.2958,no,America/New_York
TOD,medium_airport,Tioman Airport,Tioman Island,MY,2.8182,104.1600,yes,Asia/Kuala_Lumpur
TOE,medium_airport,Tozeur Nefta International Airport,Tozeur,TN,33.9397,8.1106,yes,Africa/Tunis
TOF,large_airport,Tomsk Kamov Airport,Tomsk,RU,56.3803,85.2083,yes,Asia/Tomsk
TOG,small_airport,Togiak Airport,Togiak Village,US,59.0528,-160.3970,yes,America/Anchorage
TOH,small_airport,Torres Airstrip,Loh/Linua,VU,-13.3280,166.6380,no,Pacific/Efate
TOI,medium_airport,Troy Municipal Airport at N Kenneth Campbell Field,Troy,US,31.8604,-86.0121,no,America/Chicago
TOJ,medium_airport,Madrid–Torrejón Airport / Torrejón Air Base,Madrid,ES,40.4879,-3.4568,no,Europe/Madrid
TOK,small_airport,Torokina Airport,Torokina,PG,-6.2015,155.0630,no,Pacific/Bougainville
TOL,medium_airport,Eugene F. Kranz Toledo Express Airport,Toledo,US,41.5868,-83.8078,yes,America/New_York
TOM,large_airport,Tombouktou Airport,Timbuktu,ML,16.7305,-3.0076,yes,Africa/Bamako
TON,small_airport,Tonu Airport,Tonu,PG,-6.6552,155.4326,no,Pacific/Bougainville
TOO,small_airport,San Vito de Java Airport,Coto Brus,CR,8.8270,-82.9589,no,America/Costa_Rica
TOP,medium_airport,Philip Billard Municipal Airport,Topeka,US,39.0699,-95.6226,no,America/Chicago
TOQ,medium_airport,Barriles Airport,Tocopilla,CL,-22.1411,-70.0629,no,America/Santiago
TOR,small_airport,Torrington Municipal Airport,Torrington,US,42.0645,-104.1530,no,America/Denver
TOS,large_airport,Tromsø Airport,Tromsø,NO,69.6833,18.9189,yes,Europe/Oslo
TOT,small_airport,Totness Airport,Totness,SR,5.8658,-56.3275,no,America/Paramaribo
TOU,medium_airport,Touho Airport,Touho,NC,-20.7901,165.2595,yes,Pacific/Noumea
TOW,small_airport,Toledo - Luiz Dalcanale Filho Municipal Airport,Toledo,BR,-24.6863,-53.6975,yes,America/Sao_Paulo
TOX,small_airport,Tobolsk Airport,Tobolsk,RU,58.1358,68.2319,no,Asia/Yekaterinburg
TOY,medium_airport,Toyama Kitokito Airport,Toyama,JP,36.6484,137.1874,yes,Asia/Tokyo
TOZ,small_airport,Mahana Airport,Touba,CI,8.2934,-7.6740,no,Africa/Abidjan
TPA,large_airport,Tampa International Airport,Tampa,US,27.9755,-82.5332,yes,America/New_York
TPC,medium_airport,Tarapoa Airport,Tarapoa,EC,-0.1230,-76.3378,no,America/Guayaquil
TPE,large_airport,Taiwan Taoyuan International Airport,Taoyuan,TW,25.0777,121.2330,yes,Asia/Taipei
TPF,small_airport,Peter O Knight Airport,Tampa,US,27.9156,-82.4493,no,America/New_York
TPG,small_airport,Taiping (Tekah) Airport,Taiping,MY,4.8664,100.7154,no,Asia/Kuala_Lumpur
TPH,medium_airport,Tonopah Airport,Tonopah,US,38.0602,-117.0870,no,America/Los_Angeles
TPI,small_airport,Tapini Airport,Tapini,PG,-8.3567,146.9892,yes,Pacific/Port_Moresby
TPJ,medium_airport,Taplejung Airport,Taplejung,NP,27.3509,87.6953,yes,Asia/Kathmandu
TPK,small_airport,Teuku Cut Ali Airport,Tapaktuan,ID,3.1690,97.2883,no,Asia/Jakarta
TPL,medium_airport,Draughon Miller Central Texas Regional Airport,Temple,US,31.1525,-97.4078,no,America/Chicago
TPN,small_airport,Tiputini Airport,Tiputini,EC,-0.7761,-75.5264,no,America/Guayaquil
TPP,medium_airport,Cadete FAP Guillermo Del Castillo Paredes Airport,Tarapoto,PE,-6.5087,-76.3732,yes,America/Lima
TPQ,medium_airport,Amado Nervo National Airport,Tepic,MX,21.4198,-104.8425,yes,America/Mazatlan
TPR,small_airport,Tom Price Airport,Tom Price,AU,-22.7460,117.8690,no,Australia/Perth
TPS,medium_airport,Vincenzo Florio Airport Trapani-Birgi,Trapani (TP),IT,37.9114,12.4880,yes,Europe/Rome
TPT,small_airport,Tapeta Airport,Tapeta,LR,6.4948,-8.8730,no,Africa/Monrovia
TPU,small_airport,Tikapur Airport,Tikapur,NP,28.5219,81.1230,no,Asia/Kathmandu
TPX,small_airport,Tupai Airport,Tupai Atoll,PF,-16.2423,-151.8338,no,Pacific/Tahiti
TQD,medium_airport,Al Taqaddum Air Base,Al Habbaniyah,IQ,33.3381,43.5971,no,Asia/Baghdad
TQL,small_airport,Tarko-Sale Airport,Tarko-Sale,RU,64.9305,77.8113,no,Asia/Yekaterinburg
TQN,small_airport,Taleqan Airport,Taleqan,AF,36.7707,69.5320,no,Asia/Kabul
TQO,large_airport,Felipe Carrillo Puerto International Airport Tulum,Tulum,MX,20.1721,-87.6603,yes,America/Cancun
TQP,small_airport,Trepell Airport,Trepell,AU,-21.8350,140.8880,no,Australia/Brisbane
TQQ,small_airport,Maranggo Airport,Waha-Tomea Island,ID,-5.7664,123.9187,no,Asia/Makassar
TQS,medium_airport,Captain Ernesto Esguerra Cubides Air Base,Tres Esquinas,CO,0.7459,-75.2340,no,America/Bogota
TRA,medium_airport,Tarama Airport,Tarama,JP,24.6538,124.6755,yes,Asia/Tokyo
TRC,medium_airport,Francisco Sarabia Tinoco International Airport,Torreón,MX,25.5623,-103.4046,yes,America/Monterrey
TRD,large_airport,"Trondheim Airport, Værnes",Trondheim,NO,63.4578,10.9240,yes,Europe/Oslo
TRE,medium_airport,Tiree Airport,"Balemartine, Argyll and Bute",GB,56.4992,-6.8692,yes,Europe/London
TRF,large_airport,"Sandefjord Airport, Torp",Sandefjord(Torp),NO,59.1867,10.2586,yes,Europe/Oslo
TRG,medium_airport,Tauranga Airport,Tauranga,NZ,-37.6719,176.1960,yes,Pacific/Auckland
TRH,small_airport,Trona Airport,Trona,US,35.8125,-117.3270,no,America/Los_Angeles
TRI,medium_airport,Tri-Cities Regional TN/VA Airport,Blountville,US,36.4752,-82.4074,yes,America/New_York
TRJ,small_airport,Tarakbits Airport,Tarakbits,PG,-5.6140,141.0421,no,Pacific/Port_Moresby
TRK,medium_airport,Juwata International Airport / Suharnoko Harbani AFB,Tarakan,ID,3.3251,117.5642,yes,Asia/Makassar
TRL,small_airport,Terrell Municipal Airport,Terrell,US,32.7092,-96.2674,no,America/Chicago
TRM,medium_airport,Jacqueline Cochran Regional Airport,Palm Springs,US,33.6267,-116.1600,no,America/Los_Angeles
TRN,large_airport,Turin Airport,Caselle Torinese (TO),IT,45.2008,7.6496,yes,Europe/Rome
TRO,medium_airport,Taree Airport,Taree,AU,-31.8886,152.5140,no,Australia/Sydney
TRQ,medium_airport,Tarauacá Airport,Tarauacá,BR,-8.1555,-70.7830,no,America/Rio_Branco
TRR,medium_airport,China Bay Airport,Trincomalee,LK,8.5392,81.1813,yes,Asia/Colombo
TRS,large_airport,Trieste Airport,Ronchi dei Legionari/Trieste,IT,45.8279,13.4667,yes,Europe/Rome
TRT,medium_airport,Toraja Airport,Toraja,ID,-3.1858,119.9177,yes,Asia/Makassar
TRU,large_airport,Capitán FAP Carlos Martínez de Pinillos International Airport,Trujillo,PE,-8.0824,-79.1088,yes,America/Lima
TRV,large_airport,Thiruvananthapuram International Airport,Thiruvananthapuram,IN,8.4819,76.9200,yes,Asia/Kolkata
TRW,large_airport,Bonriki International Airport,South Tarawa,KI,1.3816,173.1470,yes,Pacific/Tarawa
TRX,small_airport,Trenton Municipal Airport,Trenton,US,40.0835,-93.5906,no,America/Chicago
TRY,small_airport,Tororo Airport,Tororo,UG,0.6830,34.1670,no,Africa/Kampala
TRZ,large_airport,Tiruchirappalli International Airport,Tiruchirappalli,IN,10.7629,78.7177,yes,Asia/Kolkata
TSA,large_airport,Taipei Songshan International Airport,Taipei (Songshan),TW,25.0672,121.5528,yes,Asia/Taipei
TSB,medium_airport,Tsumeb Airport,Tsumeb,NA,-19.2621,17.7325,no,Africa/Windhoek
TSC,small_airport,Taisha Airport,Taisha,EC,-2.3817,-77.5028,no,America/Guayaquil
TSD,small_airport,Tshipise Airport,Tshipise,ZA,-22.6193,30.1756,no,Africa/Johannesburg
TSF,large_airport,Treviso Airport,Treviso (TV),IT,45.6484,12.1944,yes,Europe/Rome
TSG,small_airport,Tanacross Airport,Tanacross,US,63.3744,-143.3360,no,America/Anchorage
TSH,small_airport,Tshikapa Airport,Tshikapa,CD,-6.4383,20.7947,no,Africa/Lubumbashi
TSI,small_airport,Tsile Tsile Airport,Tsile Tsile,PG,-6.8498,146.3554,no,Pacific/Port_Moresby
TSJ,medium_airport,Tsushima Airport,Tsushima,JP,34.2849,129.3310,yes,Asia/Tokyo
TSL,small_airport,Tamuín National Airport,Tamuín,MX,22.0383,-98.8065,no,America/Mexico_City
TSM,medium_airport,Taos Regional Airport,Taos,US,36.4525,-105.6775,yes,America/Denver
TSN,large_airport,Tianjin Binhai International Airport,Tianjin,CN,39.1244,117.3460,yes,Asia/Shanghai
TSP,small_airport,Tehachapi Municipal Airport,Tehachapi,US,35.1350,-118.4390,no,America/Los_Angeles
TSQ,small_airport,Torres Airport,Torres,BR,-29.4149,-49.8100,no,America/Sao_Paulo
TSR,large_airport,Timișoara Traian Vuia International Airport,Timişoara,RO,45.8099,21.3379,yes,Europe/Bucharest
TST,medium_airport,Trang Airport,Trang,TH,7.5087,99.6166,yes,Asia/Bangkok
TSU,small_airport,Tabiteuea South Airport,Tabiteuea South,KI,-1.4744,175.0640,no,Pacific/Tarawa
TSV,medium_airport,Townsville Airport / RAAF Base Townsville,Townsville,AU,-19.2529,146.7665,yes,Australia/Brisbane
TSW,small_airport,Tsewi Airport,Tsewi,PG,-7.0695,146.1272,no,Pacific/Port_Moresby
TSY,small_airport,Cibeureum Airport,Tasikmalaya-Java Island,ID,-7.3466,108.2460,no,Asia/Jakarta
TSZ,small_airport,Tsetserleg Airport,Tsetserleg,MN,47.4615,101.4838,no,Asia/Ulaanbaatar
TTA,medium_airport,Tan Tan Airport,Tan Tan,MA,28.4476,-11.1617,yes,Africa/Casablanca
TTC,medium_airport,Las Breas Airport,Taltal,CL,-25.5643,-70.3759,no,America/Santiago
TTD,medium_airport,Portland Troutdale Airport,Portland,US,45.5494,-122.4010,no,America/Los_Angeles
TTE,medium_airport,Sultan Babullah Airport,Ternate,ID,0.8310,127.3816,yes,Asia/Jayapura
TTG,medium_airport,General Enrique Mosconi Airport,Tartagal,AR,-22.6169,-63.7930,no,America/Argentina/Salta
TTH,medium_airport,Thumrait Air Base,Thumrait,OM,17.6660,54.0246,no,Asia/Muscat
TTI,small_airport,Tetiaroa Airport,Tetiaroa,PF,-17.0151,-149.5894,no,Pacific/Tahiti
TTJ,medium_airport,Tottori Sand Dunes Conan Airport,Tottori,JP,35.5301,134.1650,yes,Asia/Tokyo
TTM,small_airport,Tablón De Tamara Airport,Tablón De Tamara,CO,5.7267,-72.1006,no,America/Bogota
TTN,medium_airport,Trenton Mercer Airport,Ewing Township,US,40.2767,-74.8135,yes,America/New_York
TTO,small_airport,Britton Municipal Airport,Britton,US,45.8152,-97.7431,no,America/Chicago
TTR,small_airport,Pongtiku Airport,Makale,ID,-3.0447,119.8220,no,Asia/Makassar
TTS,small_airport,Tsaratanana Airport,Tsaratanana,MG,-16.7511,47.6190,yes,Indian/Antananarivo
TTT,medium_airport,Taitung Airport,Taitung City,TW,22.7549,121.1018,yes,Asia/Taipei
TTU,large_airport,Sania Ramel Airport,Tétouan,MA,35.5943,-5.3200,yes,Africa/Casablanca
TTX,small_airport,Truscott-Mungalalu Airport,Anjo Peninsula,AU,-14.0897,126.3810,no,Australia/Perth
TUA,medium_airport,Lieutenant Colonel Luis A. Mantilla International Airport,Tulcán,EC,0.8095,-77.7081,yes,America/Guayaquil
TUB,medium_airport,Tubuai Airport,,PF,-23.3654,-149.5240,yes,Pacific/Tahiti
TUC,large_airport,Teniente Benjamín Matienzo International Airport,San Miguel de Tucumán,AR,-26.8374,-65.1042,yes,America/Argentina/Tucuman
TUD,medium_airport,Tambacounda Airport,Tambacounda,SN,13.7368,-13.6531,no,Africa/Dakar
TUF,medium_airport,Tours Val de Loire Airport,"Tours, Indre-et-Loire",FR,47.4322,0.7276,yes,Europe/Paris
TUG,medium_airport,Tuguegarao Airport,Tuguegarao City,PH,17.6434,121.7332,yes,Asia/Manila
TUH,small_airport,Arnold Air Force Base,Manchester,US,35.3926,-86.0858,no,America/Chicago
TUI,medium_airport,Turaif Domestic Airport,Turaif,SA,31.6922,38.7315,yes,Asia/Riyadh
TUJ,small_airport,Tum Airport,Tum,ET,6.2600,35.5184,no,Africa/Addis_Ababa
TUK,large_airport,Turbat International Airport,Turbat,PK,25.9848,63.0289,yes,Asia/Karachi
TUL,large_airport,Tulsa International Airport,Tulsa,US,36.1971,-95.8862,yes,America/Chicago
TUM,medium_airport,Tumut Aerodrome,Tumut,AU,-35.2683,148.2405,no,Australia/Sydney
TUN,large_airport,Tunis Carthage International Airport,Tunis,TN,36.8510,10.2272,yes,Africa/Tunis
TUO,medium_airport,Taupo Airport,Taupo,NZ,-38.7397,176.0840,yes,Pacific/Auckland
TUP,medium_airport,Tupelo Regional Airport,Tupelo,US,34.2681,-88.7699,yes,America/Chicago
TUQ,small_airport,Tougan Airport,Tougan,BF,13.0591,-3.0773,no,Africa/Ouagadougou
TUR,medium_airport,Tucuruí Airport,Tucuruí,BR,-3.7860,-49.7203,yes,America/Belem
TUS,large_airport,Tucson International Airport,Tucson,US,32.1150,-110.9381,yes,America/Phoenix
TUU,large_airport,Prince Sultan bin Abdulaziz International Airport,Tabuk,SA,28.3711,36.6249,yes,Asia/Riyadh
TUV,medium_airport,Tucupita Airport,Tucupita,VE,9.0890,-62.0942,no,America/Caracas
TUW,small_airport,Tubualá Airport,Coetupo,PA,8.9186,-77.7092,no,America/Panama
TUX,small_airport,Tumbler Ridge Airport,Tumbler Ridge,CA,55.0250,-120.9350,no,America/Dawson_Creek
TUY,small_airport,Base Aeronaval de Tulum,Tulum,MX,20.2273,-87.4382,no,America/Cancun
TVA,small_airport,Morafenobe Airport,Morafenobe,MG,-17.8501,44.9205,no,Indian/Antananarivo
TVC,medium_airport,Cherry Capital Airport,Traverse City,US,44.7414,-85.5822,yes,America/Detroit
TVF,medium_airport,Thief River Falls Regional Airport,Thief River Falls,US,48.0657,-96.1850,yes,America/Chicago
TVI,small_airport,Thomasville Regional Airport,Thomasville,US,30.9016,-83.8813,no,America/New_York
TVL,medium_airport,Lake Tahoe Airport,South Lake Tahoe,US,38.8939,-119.9950,no,America/Los_Angeles
TVS,small_airport,Tangshan Sannühe Airport,Tangshan (Fengrun),CN,39.7178,118.0026,yes,Asia/Shanghai
TVT,medium_airport,Tashkent-Khumo International Airport,Tashkent,UZ,41.3129,69.3955,yes,Asia/Tashkent
TVU,small_airport,Matei Airport,Matei,FJ,-16.6906,-179.8770,yes,Pacific/Fiji
TVY,medium_airport,Dawei Airport,Dawei,MM,14.1039,98.2036,yes,Asia/Yangon
TWA,small_airport,Twin Hills Airport,Twin Hills,US,59.0747,-160.2750,yes,America/Anchorage
TWB,small_airport,Toowoomba Airport,Toowoomba,AU,-27.5434,151.9191,no,Australia/Brisbane
TWC,small_airport,Tumxuk Tangwangcheng Airport,Tumxuk,CN,39.8867,79.2334,yes,Asia/Shanghai
TWD,small_airport,Jefferson County International Airport,Port Townsend,US,48.0538,-122.8110,no,America/Los_Angeles
TWE,small_airport,Taylor Airport,Taylor,US,65.6793,-164.7990,no,America/Nome
TWF,medium_airport,Joslin Field Magic Valley Regional Airport,Twin Falls,US,42.4818,-114.4880,yes,America/Boise
TWP,small_airport,Torwood Airport,Torwood,AU,-17.3633,143.7500,no,Australia/Brisbane
TWT,medium_airport,Sanga Sanga Airport,Bongao,PH,5.0482,119.7433,yes,Asia/Manila
TWU,medium_airport,Tawau Airport,Tawau,MY,4.3134,118.1215,yes,Asia/Kuching
TWY,small_airport,Tawa Airport,Tawa,PG,-7.4463,146.1067,no,Pacific/Port_Moresby
TWZ,medium_airport,Pukaki Airport,Twitzel,NZ,-44.2350,170.1180,no,Pacific/Auckland
TXC,medium_airport,Orsha Airport - Balbasovo Air Base,Orsha,BY,54.4400,30.2967,no,Europe/Minsk
TXE,medium_airport,Rembele Airport,Takengon,ID,4.7211,96.8519,yes,Asia/Jakarta
TXF,small_airport,9 de Maio - Teixeira de Freitas Airport,Teixeira de Freitas,BR,-17.5244,-39.6685,no,America/Bahia
TXK,medium_airport,Texarkana Regional Airport (Webb Field),Texarkana,US,33.4537,-93.9910,yes,America/Chicago
TXM,small_airport,Teminabuan Airport,Atinjoe,ID,-1.4454,132.0211,no,Asia/Jayapura
TXN,large_airport,Huangshan Tunxi International Airport,Huangshan,CN,29.7333,118.2560,yes,Asia/Shanghai
TXR,small_airport,Tanbar Airport,Tanbar Station,AU,-25.8478,141.9280,no,Australia/Brisbane
TXU,small_airport,Tabou Airport,Tabou,CI,4.4378,-7.3627,no,Africa/Abidjan
TYA,small_airport,Klokovo Air Base,Tula,RU,54.2390,37.6000,no,Europe/Moscow
TYB,medium_airport,Tibooburra Airport,,AU,-29.4511,142.0580,no,Australia/Sydney
TYC,small_airport,Taiyuan Yaocheng Airport,Taiyuan,CN,37.5031,112.4241,no,Asia/Shanghai
TYD,small_airport,Tynda Airport,Tynda,RU,55.2849,124.7790,no,Asia/Yakutsk
TYE,small_airport,Tyonek Airport,Tyonek,US,61.0766,-151.1314,no,America/Anchorage
TYF,medium_airport,Torsby Airport,Torsby,SE,60.1576,12.9913,yes,Europe/Stockholm
TYG,small_airport,Thylungra Airport,,AU,-26.0930,143.4514,no,Australia/Brisbane
TYL,medium_airport,Captain Victor Montes Arias International Airport,Talara,PE,-4.5766,-81.2541,yes,America/Lima
TYM,medium_airport,Staniel Cay Airport,Staniel Cay,BS,24.1691,-76.4391,no,America/Nassau
TYN,large_airport,Taiyuan Wusu International Airport,Taiyuan,CN,37.7469,112.6280,yes,Asia/Shanghai
TYP,small_airport,Tobermorey Airport,Tobermorey,AU,-22.2558,137.9530,no,Australia/Darwin
TYR,medium_airport,Tyler Pounds Regional Airport,Tyler,US,32.3541,-95.4024,yes,America/Chicago
TYS,large_airport,McGhee Tyson Airport,Knoxville/Maryville,US,35.8110,-83.9940,yes,America/New_York
TYT,small_airport,Treinta y Tres Airport,Treinta y Tres,UY,-33.1957,-54.3472,no,America/Montevideo
TYZ,small_airport,Taylor Airport,Taylor,US,34.4528,-110.1150,no,America/Phoenix
TZA,medium_airport,Sir Barry Bowen Municipal Airport,Belize City,BZ,17.5172,-88.1958,yes,America/Belize
TZC,small_airport,Tuscola Area Airport,Caro,US,43.4588,-83.4455,no,America/Detroit
TZL,large_airport,Tuzla International Airport,Dubrave Gornje,BA,44.4599,18.7236,yes,Europe/Sarajevo
TZM,small_airport,Aeródromo de Cupul,Tizimin,MX,21.1557,-88.1729,no,America/Merida
TZN,medium_airport,Congo Town Airport,Andros,BS,24.1587,-77.5898,yes,America/Nassau
TZO,small_airport,Tsimiroro Airport,Ankisatra,MG,-18.3451,45.0156,no,Indian/Antananarivo
TZX,medium_airport,Trabzon International Airport,Trabzon,TR,40.9951,39.7897,yes,Europe/Istanbul
UAB,medium_airport,İncirlik Air Base,Sarıçam,TR,37.0021,35.4259,no,Europe/Istanbul
UAC,small_airport,San Luis Río Colorado Airport,San Luis Río Colorado,MX,32.4453,-114.7980,no,America/Hermosillo
UAE,small_airport,Mount Aue Airport,Aue,PG,-6.2300,144.6642,no,Pacific/Port_Moresby
UAH,small_airport,Ua Huka Airport,Ua Huka,PF,-8.9362,-139.5541,yes,Pacific/Marquesas
UAI,medium_airport,"Commander in Chief of FALINTIL, Kay Rala Xanana Gusmão, International Airport",Suai,TL,-9.3019,125.2863,yes,Asia/Dili
UAL,small_airport,Luau Airport,Luau,AO,-10.7158,22.2311,no,Africa/Luanda
UAM,medium_airport,Andersen Air Force Base,Yigo,GU,13.5840,144.9300,no,Pacific/Guam
UAP,small_airport,Ua Pou Airport,Ua Pou,PF,-9.3517,-140.0780,yes,Pacific/Marquesas
UAQ,medium_airport,Domingo Faustino Sarmiento Airport,San Juan,AR,-31.5715,-68.4182,yes,America/Argentina/San_Juan
UAR,medium_airport,Bouarfa Airport,Bouarfa,MA,32.5143,-1.9831,no,Africa/Casablanca
UAS,small_airport,Samburu Airport,Isiolo West,KE,0.5341,37.5320,no,Africa/Nairobi
UAX,small_airport,Uaxactun Airport,Uaxactun,GT,17.3939,-89.6327,no,America/Guatemala
UBA,medium_airport,Mário de Almeida Franco Airport,Uberaba,BR,-19.7650,-47.9648,yes,America/Sao_Paulo
UBB,small_airport,Mabuiag Island Airport,Mabuiag Island,AU,-9.9502,142.1952,yes,Australia/Brisbane
UBI,small_airport,Buin Airport,Buin,PG,-6.7292,155.6833,no,Pacific/Bougainville
UBJ,medium_airport,Yamaguchi Ube Airport,Ube,JP,33.9300,131.2790,yes,Asia/Tokyo
UBN,large_airport,Ulaanbaatar Chinggis Khaan International Airport,Ulaanbaatar (Sergelen),MN,47.6469,106.8198,yes,Asia/Ulaanbaatar
UBP,medium_airport,Ubon Ratchathani Airport,Ubon Ratchathani,TH,15.2513,104.8700,yes,Asia/Bangkok
UBS,small_airport,Columbus Lowndes County Airport,Columbus,US,33.4654,-88.3803,no,America/Chicago
UBT,small_airport,Ubatuba Gastão Madeira State Airport,Ubatuba,BR,-23.4411,-45.0758,no,America/Sao_Paulo
UBU,small_airport,Kalumburu Airport,Kalumburu,AU,-14.2878,126.6332,no,Australia/Perth
UCB,medium_airport,Ulanqab Jining Airport,Ulanqab,CN,41.1303,113.1073,yes,Asia/Shanghai
UCC,small_airport,Yucca Airstrip,Mercury,US,36.9347,-116.0060,no,America/Los_Angeles
UCE,small_airport,Eunice Airport,Eunice,US,30.4663,-92.4238,no,America/Chicago
UCK,small_airport,Lutsk Airport,Lutsk,UA,50.6784,25.4872,no,Europe/Kyiv
UCN,small_airport,Buchanan Airport,Buchanan,LR,5.9055,-10.0583,no,Africa/Monrovia
UCT,medium_airport,Ukhta Airport,Ukhta,RU,63.5669,53.8047,yes,Europe/Moscow
UCY,small_airport,Everett-Stewart Regional Airport,Union City,US,36.3818,-88.9854,no,America/Chicago
UCZ,small_airport,Uchiza Airport,Uchiza,PE,-8.4670,-76.3500,no,America/Lima
UDA,small_airport,Undara Airport,Undara,AU,-18.1913,144.6122,no,Australia/Brisbane
UDD,small_airport,Bermuda Dunes Airport,Bermuda Dunes,US,33.7485,-116.2750,no,America/Los_Angeles
UDE,medium_airport,Volkel Air Base,Uden,NL,51.6572,5.7078,no,Europe/Amsterdam
UDI,medium_airport,Ten. Cel. Aviador César Bombonato Airport,Uberlândia,BR,-18.8836,-48.2259,yes,America/Sao_Paulo
UDJ,large_airport,Uzhhorod International Airport,Uzhhorod,UA,48.6343,22.2634,yes,Europe/Kyiv
UDR,medium_airport,Maharana Pratap Airport,Udaipur,IN,24.6177,73.8961,yes,Asia/Kolkata
UEE,small_airport,Queenstown Airport,,AU,-42.0757,145.5301,no,Australia/Hobart
UEL,medium_airport,Quelimane Airport,Quelimane,MZ,-17.8555,36.8691,yes,Africa/Maputo
UEN,small_airport,Urengoy Airport,Urengoy,RU,65.9600,78.4370,no,Asia/Yekaterinburg
UEO,medium_airport,Kumejima Airport,Kumejima,JP,26.3634,126.7138,yes,Asia/Tokyo
UES,small_airport,Waukesha County Airport,Waukesha,US,43.0410,-88.2371,no,America/Chicago
UET,large_airport,Quetta International Airport,Quetta,PK,30.2514,66.9378,yes,Asia/Karachi
UFA,large_airport,Ufa International Airport,Ufa,RU,54.5575,55.8744,yes,Asia/Yekaterinburg
UGA,medium_airport,Bulgan Airport,Bulgan,MN,48.8550,103.4760,yes,Asia/Ulaanbaatar
UGB,small_airport,Ugashik Bay Airport,Pilot Point,US,57.4241,-157.7448,no,America/Anchorage
UGC,large_airport,Urgench International Airport,Urgench,UZ,41.5827,60.6434,yes,Asia/Samarkand
UGL,small_airport,Union Glacier Blue-Ice Runway,Union Glacier,AQ,-79.7778,-83.3208,no,Etc/GMT+6
UGN,small_airport,Waukegan National Airport,Chicago/Waukegan,US,42.4222,-87.8679,no,America/Chicago
UGO,medium_airport,Uige Airport,Uige,AO,-7.6031,15.0278,no,Africa/Luanda
UGS,small_airport,Ugashik Airport,Ugashik,US,57.5235,-157.3963,no,America/Anchorage
UGT,small_airport,Bulagtai Resort Airport,Khankhongor,MN,43.7493,104.1150,no,Asia/Ulaanbaatar
UGU,medium_airport,Bilorai Airport,Bilogai,ID,-3.7395,137.0312,yes,Asia/Jayapura
UHE,medium_airport,Kunovice Airport,Uherské Hradiště,CZ,49.0294,17.4397,no,Europe/Prague
UHS,small_airport,Aleksandrovsk-Sakhalinskiy Airport,Aleksandrovsk-Sakhalinskiy,RU,50.8771,142.1756,no,Asia/Sakhalin
UIB,medium_airport,El Caraño Airport,Quibdó,CO,5.6908,-76.6412,yes,America/Bogota
UIH,medium_airport,Phu Cat Airport,Quy Nohn,VN,13.9550,109.0420,yes,Asia/Ho_Chi_Minh
UII,small_airport,Utila Airport,Utila Island,HN,16.1131,-86.8803,yes,America/Tegucigalpa
UIK,small_airport,Ust-Ilimsk Airport,Ust-Ilimsk,RU,58.1354,102.5561,no,Asia/Irkutsk
UIL,small_airport,Quillayute Airport,Quillayute,US,47.9366,-124.5630,no,America/Los_Angeles
UIN,medium_airport,Quincy Regional Airport Baldwin Field,Quincy,US,39.9427,-91.1946,yes,America/Chicago
UIO,large_airport,Mariscal Sucre International Airport,Quito,EC,-0.1254,-78.3543,yes,America/Guayaquil
UIP,medium_airport,Quimper-Cornouaille Airport,Quimper/Pluguffan,FR,47.9730,-4.1697,no,Europe/Paris
UIR,small_airport,Quirindi Airport,,AU,-31.4982,150.5217,no,Australia/Sydney
UIT,small_airport,Jaluit Airport,Jabor Jaluit Atoll,MH,5.9092,169.6373,yes,Pacific/Majuro
UJE,small_airport,Ujae Atoll Airport,Ujae Atoll,MH,8.9281,165.7620,yes,Pacific/Majuro
UJN,small_airport,Uljin Airport,"Bongsan-ri, Uljin",KR,36.7770,129.4619,no,Asia/Seoul
UJU,small_airport,Uiju Airport,Uiju,KP,40.1500,124.5011,no,Asia/Pyongyang
UKA,small_airport,Ukunda Airstrip,Ukunda,KE,-4.2933,39.5711,no,Africa/Nairobi
UKB,large_airport,Kobe Airport,Kobe,JP,34.6328,135.2240,yes,Asia/Tokyo
UKE,medium_airport,Utkela Airport,Bhawanipatna,IN,20.0978,83.1833,yes,Asia/Kolkata
UKG,small_airport,Ust-Kuyga Airport,Ust-Kuyga,RU,70.0110,135.6450,yes,Asia/Vladivostok
UKH,small_airport,Mukhaizna Airport,Mukhaizna Oil Field,OM,19.3864,56.4014,no,Asia/Muscat
UKI,medium_airport,Ukiah Municipal Airport,Ukiah,US,39.1260,-123.2010,no,America/Los_Angeles
UKK,large_airport,Oskemen International Airport,Ust-Kamenogorsk (Oskemen),KZ,50.0350,82.4961,yes,Asia/Almaty
UKN,small_airport,Waukon Municipal Airport,Waukon,US,43.2805,-91.4695,no,America/Chicago
UKR,small_airport,Mukeiras Airport,Mukayras,YE,13.9368,45.6570,no,Asia/Aden
UKS,medium_airport,Sevastopol International Airport / Belbek Air Base,Sevastopol,UA,44.6918,33.5746,no,Europe/Simferopol
UKT,small_airport,Quakertown Airport,Quakertown,US,40.4352,-75.3819,no,America/New_York
UKU,small_airport,Nuku Airport,Nuku,PG,-3.6768,142.4849,no,Pacific/Port_Moresby
UKX,medium_airport,Ust-Kut Airport,Ust-Kut,RU,56.8567,105.7300,yes,Asia/Irkutsk
ULA,medium_airport,Capitan D Daniel Vazquez Airport,San Julian,AR,-49.3068,-67.8026,no,America/Argentina/Rio_Gallegos
ULB,small_airport,Uléi Airport,Ambrym Island,VU,-16.3297,168.3011,no,Pacific/Efate
ULD,medium_airport,Prince Mangosuthu Buthelezi Airport,Ulundi,ZA,-28.3206,31.4165,no,Africa/Johannesburg
ULE,small_airport,Sule Airport,Sule,PG,-4.9747,151.2970,no,Pacific/Port_Moresby
ULG,medium_airport,Ölgii Mongolei International Airport,Ölgii,MN,48.9933,89.9225,yes,Asia/Hovd
ULH,large_airport,Al-Ula International Airport,Al-Ula,SA,26.4836,38.1170,yes,Asia/Riyadh
ULI,small_airport,Ulithi Airport,Falalop Island,FM,10.0198,139.7900,no,Pacific/Chuuk
ULK,medium_airport,Lensk Airport,Lensk,RU,60.7236,114.8253,yes,Asia/Yakutsk
ULM,small_airport,New Ulm Municipal Airport,New Ulm,US,44.3196,-94.5023,no,America/Chicago
ULN,large_airport,Buyant-Ukhaa International Airport,Ulaanbaatar,MN,47.8431,106.7670,no,Asia/Ulaanbaatar
ULO,medium_airport,Ulaangom Airport,Ulaangom,MN,50.0666,91.9383,yes,Asia/Hovd
ULP,medium_airport,Quilpie Airport,,AU,-26.6092,144.2537,yes,Australia/Brisbane
ULQ,medium_airport,Heriberto Gíl Martínez Airport,Tuluá,CO,4.0884,-76.2351,no,America/Bogota
ULS,small_airport,Mulatos Airport,Mulatos,CO,8.6402,-76.7188,no,America/Bogota
ULU,medium_airport,Gulu Airport,Gulu,UG,2.8056,32.2718,yes,Africa/Kampala
ULV,medium_airport,Ulyanovsk Baratayevka Airport,Ulyanovsk,RU,54.2702,48.2256,yes,Europe/Ulyanovsk
ULX,small_airport,Ulusaba Airport,Ulusaba,ZA,-24.7854,31.3549,no,Africa/Johannesburg
ULY,medium_airport,Ulyanovsk Vostochny Airport,Cherdakly,RU,54.4010,48.8027,yes,Europe/Ulyanovsk
ULZ,small_airport,Donoi Airport,Uliastai,MN,47.7093,96.5258,yes,Asia/Ulaanbaatar
UMA,small_airport,Alfredo Noa Díaz Airport,Maisí,CU,20.2424,-74.1483,no,America/Havana
UMB,medium_airport,Kalumbila Airport,Kalumbila,ZM,-12.2536,25.4443,no,Africa/Lusaka
UMC,small_airport,Umba Airport,Umba,PG,-7.0214,145.9660,no,Pacific/Port_Moresby
UME,large_airport,Umeå Airport,Umeå,SE,63.7918,20.2828,yes,Europe/Stockholm
UMI,small_airport,Quincemil Air Base,Quince Mil,PE,-13.2314,-70.7515,no,America/Lima
UMM,small_airport,Summit Airport,Cantwell,US,63.3315,-149.1270,no,America/Anchorage
UMR,small_airport,Woomera Airfield,Woomera,AU,-31.1442,136.8170,no,Australia/Adelaide
UMS,small_airport,Ust-Maya Airport,Ust-Maya,RU,60.3574,134.4373,yes,Asia/Khandyga
UMT,small_airport,Umiat Airport,Umiat,US,69.3711,-152.1360,no,America/Anchorage
UMU,small_airport,Orlando de Carvalho Airport,Umuarama,BR,-23.7987,-53.3138,yes,America/Sao_Paulo
UMY,small_airport,Sumy Airport,Sumy,UA,50.8583,34.7625,no,Europe/Kyiv
UMZ,small_airport,Mena Intermountain Municipal Airport,Mena,US,34.5454,-94.2027,no,America/Chicago
UNA,small_airport,Una-Comandatuba Airport,Una,BR,-15.3544,-38.9987,yes,America/Bahia
UNC,small_airport,Unguía Airport,Unguía,CO,8.0327,-77.0918,no,America/Bogota
UND,medium_airport,Kunduz Airport,Kunduz,AF,36.6651,68.9108,no,Asia/Kabul
UNE,small_airport,Qacha's Nek Airport,Qacha's Nek,LS,-30.1117,28.6719,no,Africa/Maseru
UNG,small_airport,Kiunga Airport,Kiunga,PG,-6.1257,141.2820,yes,Pacific/Port_Moresby
UNI,medium_airport,Union Island International Airport,Union Island,VC,12.6001,-61.4119,yes,America/St_Vincent
UNK,medium_airport,Unalakleet Airport,Unalakleet,US,63.8884,-160.7990,yes,America/Anchorage
UNN,medium_airport,Ranong Airport,Ranong,TH,9.7776,98.5855,yes,Asia/Bangkok
UNR,small_airport,Öndörkhaan Airport,Öndörkhaan,MN,47.3049,110.6092,no,Asia/Ulaanbaatar
UNU,small_airport,Dodge County Airport,Juneau,US,43.4266,-88.7032,no,America/Chicago
UOA,small_airport,Moruroa Airport,Moruroa Atoll,PF,-21.8098,-138.8134,no,Pacific/Tahiti
UOL,small_airport,Buol - Pogogul Airport,Buol,ID,1.1023,121.4134,yes,Asia/Makassar
UOS,small_airport,Franklin County Airport,Sewanee,US,35.2048,-85.8991,no,America/Chicago
UOX,medium_airport,University Oxford Airport,Oxford,US,34.3843,-89.5368,no,America/Chicago
UPB,medium_airport,Playa Baracoa Airport,Havana,CU,23.0328,-82.5794,no,America/Havana
UPG,large_airport,Sultan Hasanuddin International Airport,Makassar,ID,-5.0755,119.5537,yes,Asia/Makassar
UPL,medium_airport,Upala Airport,Upala,CR,10.8922,-85.0162,no,America/Costa_Rica
UPN,medium_airport,Uruapan - Licenciado y General Ignacio Lopez Rayon International Airport,Uruapan,MX,19.3967,-102.0390,yes,America/Mexico_City
UPP,small_airport,Upolu Airport,Hawi,US,20.2653,-155.8600,no,Pacific/Honolulu
UPR,small_airport,Upiara Airport,Upiara,PG,-8.5411,142.6503,no,Pacific/Port_Moresby
UPV,small_airport,Upavon Aerodrome,"Pewsey, Wiltshire",GB,51.2866,-1.7822,no,Europe/London
URA,large_airport,Manshuk Mametova International Airport,Uralsk,KZ,51.1520,51.5437,yes,Asia/Oral
URC,large_airport,Ürümqi Tianshan International Airport,Ürümqi,CN,43.9136,87.4794,yes,Asia/Shanghai
URD,small_airport,Burg Feuerstein Airport,Ebermannstadt,DE,49.7942,11.1336,no,Europe/Berlin
URE,medium_airport,Kuressaare Airport,Kuressaare,EE,58.2299,22.5095,yes,Europe/Tallinn
URG,medium_airport,Rubem Berta Airport,Uruguaiana,BR,-29.7822,-57.0382,yes,America/Sao_Paulo
URI,small_airport,Uribe Airport,La Uribe,CO,3.2375,-74.3472,no,America/Bogota
URJ,medium_airport,Uray Airport,Uray,RU,60.1033,64.8267,yes,Asia/Yekaterinburg
URM,small_airport,Uriman Airport,Urimán,VE,5.3581,-62.6716,no,America/Caracas
URN,small_airport,Urgun Airport,Urgun,AF,32.9311,69.1532,no,Asia/Kabul
URO,medium_airport,Rouen Vallée de Seine Airport,Boos,FR,49.3849,1.1791,no,Europe/Paris
URR,small_airport,Urrao Airport,Urrao,CO,6.3288,-76.1425,no,America/Bogota
URS,medium_airport,Kursk East Airport,Kursk,RU,51.7506,36.2956,yes,Europe/Moscow
URT,medium_airport,Surat Thani Airport,Surat Thani,TH,9.1326,99.1356,yes,Asia/Bangkok
URU,small_airport,Uroubi Airport,Uroubi,PG,-9.5162,148.5591,no,Pacific/Port_Moresby
URY,medium_airport,Gurayat Domestic Airport,Gurayat,SA,31.4124,37.2789,yes,Asia/Riyadh
URZ,small_airport,Orūzgān Airport,Orūzgān,AF,32.9030,66.6309,no,Asia/Kabul
USA,medium_airport,Concord-Padgett Regional Airport,Concord,US,35.3878,-80.7091,yes,America/New_York
USC,small_airport,"Union County, Troy Shelton Field",Union,US,34.6870,-81.6411,no,America/New_York
USH,medium_airport,Ushuaia - Malvinas Argentinas International Airport,Ushuaia,AR,-54.8433,-68.2958,yes,America/Argentina/Ushuaia
USI,small_airport,Mabaruma Airport,Mabaruma,GY,8.2002,-59.7780,no,America/Guyana
USJ,small_airport,Usharal Airport,Usharal,KZ,46.1908,80.8309,yes,Asia/Almaty
USK,medium_airport,Usinsk Airport,Usinsk,RU,66.0047,57.3672,yes,Europe/Moscow
USL,small_airport,Useless Loop Airport,Useless Loop,AU,-26.1579,113.3948,no,Australia/Perth
USM,large_airport,Samui International Airport,Na Thon (Ko Samui Island),TH,9.5478,100.0620,yes,Asia/Bangkok
USN,medium_airport,Ulsan Airport,Ulsan,KR,35.5935,129.3520,yes,Asia/Seoul
USQ,medium_airport,Uşak Airport,Uşak,TR,38.6815,29.4717,no,Europe/Istanbul
USR,medium_airport,Ust-Nera Airport,Ust-Nera,RU,64.5500,143.1150,yes,Asia/Ust-Nera
USS,small_airport,Sancti Spiritus Airport,Sancti Spiritus,CU,21.9704,-79.4427,no,America/Havana
UST,medium_airport,Northeast Florida Regional Airport,St Augustine,US,29.9592,-81.3398,yes,America/New_York
USU,medium_airport,Francisco B. Reyes (Busuanga) Airport,Coron,PH,12.1219,120.1008,yes,Asia/Manila
UTA,small_airport,Mutare Airport,Mutare,ZW,-18.9975,32.6272,no,Africa/Harare
UTB,small_airport,Muttaburra Airport,,AU,-22.5833,144.5330,no,Australia/Brisbane
UTD,small_airport,Nutwood Downs Airport,Nutwood Downs,AU,-15.8074,134.1459,no,Australia/Darwin
UTE,small_airport,Bultfontein Airport,Bultfontein,ZA,-28.2734,26.1358,no,Africa/Johannesburg
UTG,small_airport,Quthing Airport,Quthing,LS,-30.4075,27.6933,no,Africa/Maseru
UTH,large_airport,Udon Thani International Airport,Udon Thani,TH,17.3862,102.7886,yes,Asia/Bangkok
UTI,medium_airport,Utti Air Base,Utti / Valkeala,FI,60.8964,26.9384,no,Europe/Helsinki
UTK,small_airport,Utirik Airport,Utirik Island,MH,11.2222,169.8514,yes,Pacific/Majuro
UTM,small_airport,Tunica Municipal Airport,Tunica,US,34.6850,-90.3478,no,America/Chicago
UTN,medium_airport,Upington Airport,Upington,ZA,-28.4002,21.2636,yes,Africa/Johannesburg
UTO,medium_airport,Indian Mountain LRRS Airport,Utopia Creek,US,65.9928,-153.7040,yes,America/Anchorage
UTP,large_airport,U-Tapao–Rayong–Pattaya International Airport,Rayong,TH,12.6799,101.0050,yes,Asia/Bangkok
UTS,medium_airport,Ust-Tsylma Airport,Ust-Tsylma,RU,65.4373,52.2003,no,Europe/Moscow
UTT,medium_airport,K. D. Matanzima Airport,Mthatha,ZA,-31.5464,28.6734,yes,Africa/Johannesburg
UTU,small_airport,Ustupu Airport,Ustupu,PA,9.1283,-77.9337,no,America/Panama
UTW,medium_airport,Queenstown Airport,Queenstown,ZA,-31.9202,26.8822,no,Africa/Johannesburg
UUA,medium_airport,Bugulma Airport,Bugulma,RU,54.6412,52.8002,yes,Europe/Moscow
UUD,large_airport,Baikal International Airport,Ulan Ude,RU,51.8086,107.4397,yes,Asia/Irkutsk
UUK,small_airport,Ugnu-Kuparuk Airport,Kuparuk,US,70.3308,-149.5980,no,America/Anchorage
UUN,medium_airport,Baruun Urt Airport,,MN,46.6603,113.2850,no,Asia/Ulaanbaatar
UUS,large_airport,Yuzhno-Sakhalinsk International Airport,Yuzhno-Sakhalinsk,RU,46.8855,142.7175,yes,Asia/Sakhalin
UUU,small_airport,Manumu Airport,Manumu,PG,-9.0746,147.5735,no,Pacific/Port_Moresby
UVA,small_airport,Garner Field,Uvalde,US,29.2113,-99.7436,no,America/Chicago
UVE,medium_airport,Ouvéa Airport,Ouvéa,NC,-20.6409,166.5730,yes,Pacific/Noumea
UVF,large_airport,Hewanorra International Airport,Vieux Fort,LC,13.7332,-60.9526,yes,America/St_Lucia
UVI,small_airport,José Cleto Airport,União da Vitória,BR,-26.2332,-51.0668,yes,America/Sao_Paulo
UVL,small_airport,El Kharja Airport,Kharja Oases,EG,25.4715,30.5885,no,Africa/Cairo
UVO,small_airport,Uvol Airport,Uvol,PG,-6.0178,150.9557,no,Pacific/Port_Moresby
UWA,small_airport,Ware Airport,Ware,US,42.2820,-72.2148,no,America/New_York
UYL,medium_airport,Nyala Airport,Nyala,SD,12.0535,24.9562,yes,Africa/Khartoum
UYN,medium_airport,Yulin Yuyang Airport,Yulin,CN,38.3597,109.5909,yes,Asia/Shanghai
UYU,large_airport,Joya Andina International Airport,Quijarro,BO,-20.4413,-66.8576,yes,America/La_Paz
UZC,medium_airport,Ponikve Airport,Stapari,RS,43.8989,19.6977,no,Europe/Belgrade
UZM,small_airport,Hope Bay Aerodrome,Hope Bay,CA,68.1560,-106.6180,no,America/Cambridge_Bay
UZR,small_airport,Urzhar Airport,Urzhar,KZ,47.0918,81.6682,yes,Asia/Almaty
UZU,medium_airport,Curuzu Cuatia Airport,Curuzu Cuatia,AR,-29.7706,-57.9789,no,America/Argentina/Cordoba
VAA,large_airport,Vaasa Airport,Vaasa,FI,63.0502,21.7625,yes,Europe/Helsinki
VAB,small_airport,Yavarate Airport,Yavarate,CO,0.6118,-69.2074,no,America/Bogota
VAC,small_airport,Varrelbusch Airfield,Cloppenburg,DE,52.9083,8.0406,no,Europe/Berlin
VAD,medium_airport,Moody Air Force Base,Valdosta,US,30.9678,-83.1930,no,America/New_York
VAF,medium_airport,Valence-Chabeuil Airport,"Chabeuil, Drôme",FR,44.9216,4.9699,no,Europe/Paris
VAG,medium_airport,Major Brigadeiro Trompowsky Airport,Varginha,BR,-21.5914,-45.4741,no,America/Sao_Paulo
VAH,small_airport,Capitán Av. Vidal Villagomez Toledo Airport,Vallegrande,BO,-18.4825,-64.0994,no,America/La_Paz
VAI,medium_airport,Vanimo Airport,Vanimo,PG,-2.6926,141.3028,yes,Pacific/Port_Moresby
VAK,small_airport,Chevak Airport,Chevak,US,61.5409,-165.6005,yes,America/Nome
VAL,small_airport,Valença Airport,Valença,BR,-13.2965,-38.9924,yes,America/Bahia
VAM,medium_airport,Villa International Airport Maamigili,Maamigili,MV,3.4718,72.8326,yes,Indian/Maldives
VAN,medium_airport,Van Ferit Melen Airport,Van,TR,38.4682,43.3323,yes,Europe/Istanbul
VAO,small_airport,Suavanao Airport,Suavanao,SB,-7.5856,158.7310,yes,Pacific/Guadalcanal
VAP,small_airport,Rodelillo Airport,Viña Del Mar,CL,-33.0681,-71.5575,no,America/Santiago
VAQ,medium_airport,Vanavara Airport,Vanavara,RU,60.3562,102.3096,yes,Asia/Krasnoyarsk
VAR,large_airport,Varna Airport,Varna,BG,43.2321,27.8251,yes,Europe/Sofia
VAS,small_airport,Sivas Nuri Demirağ Airport,Sivas,TR,39.8138,36.9035,yes,Europe/Istanbul
VAT,small_airport,Vatomandry Airport,Vatomandry,MG,-19.3833,48.9500,no,Indian/Antananarivo
VAV,large_airport,Vava'u International Airport,Vava'u Island,TO,-18.5853,-173.9620,yes,Pacific/Tongatapu
VAW,medium_airport,"Vardø Airport, Svartnes",Vardø,NO,70.3554,31.0449,yes,Europe/Oslo
VBA,small_airport,Ann Airport,Aeng,MM,19.7692,94.0261,no,Asia/Yangon
VBC,small_airport,Chanmyathazi Airport,Mandalay,MM,21.9405,96.0896,no,Asia/Yangon
VBG,medium_airport,Vandenberg Space Force Base,Lompoc,US,34.7373,-120.5840,no,America/Los_Angeles
VBP,small_airport,Bokpyinn Airport,Bokpyinn,MM,11.1494,98.7359,no,Asia/Yangon
VBS,medium_airport,Brescia Gabriele d'Annunzio Airport,Montichiari (BS),IT,45.4289,10.3306,yes,Europe/Rome
VBV,small_airport,Vanua Balavu Airport,Vanua Balavu,FJ,-17.2690,-178.9760,yes,Pacific/Fiji
VBY,large_airport,Visby Airport,Visby,SE,57.6628,18.3462,yes,Europe/Stockholm
VCA,large_airport,Can Tho International Airport,Can Tho,VN,10.0834,105.7094,yes,Asia/Ho_Chi_Minh
VCC,small_airport,Vacaria Airport,Vacaria,BR,-28.4325,-51.0233,no,America/Sao_Paulo
VCD,small_airport,Victoria River Downs Airport,Victoria River,AU,-16.4021,131.0050,no,Australia/Darwin
VCE,large_airport,Venice Marco Polo Airport,Venezia (VE),IT,45.5053,12.3519,yes,Europe/Rome
VCF,small_airport,Valcheta Airport,Valcheta,AR,-40.7000,-66.1500,no,America/Argentina/Salta
VCH,small_airport,Vichadero Airport,Vichadero,UY,-31.7392,-54.5878,no,America/Montevideo
VCL,small_airport,Chu Lai Airport,Tam Nghĩa,VN,15.4033,108.7060,yes,Asia/Ho_Chi_Minh
VCP,large_airport,Viracopos International Airport,Campinas,BR,-23.0074,-47.1345,yes,America/Sao_Paulo
VCS,medium_airport,Con Dao Airport,Con Dao,VN,8.7318,106.6330,yes,Asia/Ho_Chi_Minh
VCT,medium_airport,Victoria Regional Airport,Victoria,US,28.8526,-96.9185,yes,America/Chicago
VCV,small_airport,Southern California Logistics Airport,Victorville,US,34.5975,-117.3830,no,America/Los_Angeles
VDA,small_airport,Ovda Airport,Eilat,IL,29.9403,34.9358,no,Asia/Jerusalem
VDC,medium_airport,Glauber de Andrade Rocha Airport,Vitória da Conquista,BR,-14.9079,-40.9148,yes,America/Bahia
VDE,medium_airport,El Hierro Airport,El Hierro Island,ES,27.8148,-17.8871,yes,Atlantic/Canary
VDH,medium_airport,Dong Hoi Airport,Dong Hoi,VN,17.5150,106.5906,yes,Asia/Bangkok
VDI,small_airport,Vidalia Regional Airport,Vidalia,US,32.1927,-82.3712,no,America/New_York
VDM,medium_airport,Gobernador Castello Airport,Viedma / Carmen de Patagones,AR,-40.8692,-63.0004,yes,America/Argentina/Salta
VDO,medium_airport,Van Don International Airport,Van Don,VN,21.1207,107.4154,yes,Asia/Bangkok
VDP,medium_airport,Valle de La Pascua Airport,,VE,9.2220,-65.9936,no,America/Caracas
VDR,medium_airport,Villa Dolores Airport,Villa Dolores,AR,-31.9452,-65.1463,no,America/Argentina/Cordoba
VDS,medium_airport,Vadsø Airport,Vadsø,NO,70.0653,29.8447,yes,Europe/Oslo
VDY,small_airport,Jindal Vijaynagar Airport,Toranagallu,IN,15.1759,76.6330,no,Asia/Kolkata
VDZ,medium_airport,Valdez Pioneer Field,Valdez,US,61.1327,-146.2466,yes,America/Anchorage
VEE,small_airport,Venetie Airport,Venetie,US,67.0087,-146.3660,yes,America/Anchorage
VEG,small_airport,Maikwak Airport,Maikwak,GY,4.8982,-59.8170,no,America/Guyana
VEL,medium_airport,Vernal Regional Airport,Vernal,US,40.4362,-109.5117,yes,America/Denver
VEO,medium_airport,Severo-Yeniseysk Airport,Severo-Yeniseysk,RU,60.3733,93.0117,yes,Asia/Krasnoyarsk
VER,large_airport,General Heriberto Jara International Airport,Veracruz,MX,19.1396,-96.1886,yes,America/Mexico_City
VEV,small_airport,Barakoma Airport,Barakoma,SB,-7.9128,156.7060,no,Pacific/Guadalcanal
VEX,small_airport,Tioga Municipal Airport,Tioga,US,48.3805,-102.8980,no,America/Chicago
VEY,medium_airport,Vestmannaeyjar Airport,Vestmannaeyjar,IS,63.4243,-20.2789,no,Atlantic/Reykjavik
VFA,large_airport,Victoria Falls International Airport,Victoria Falls,ZW,-18.0974,25.8369,yes,Africa/Harare
VGA,large_airport,Vijayawada International Airport,Vijayawada,IN,16.5300,80.8049,yes,Asia/Kolkata
VGD,medium_airport,Vologda Airport,Vologda,RU,59.2825,39.9444,no,Europe/Moscow
VGO,medium_airport,Vigo Airport,Vigo,ES,42.2318,-8.6268,yes,Europe/Madrid
VGS,small_airport,General Villegas Airport,General Villegas,AR,-34.9957,-62.9997,no,America/Argentina/Buenos_Aires
VGT,medium_airport,North Las Vegas Airport,Las Vegas,US,36.2091,-115.1940,no,America/Los_Angeles
VGZ,small_airport,Villa Garzón Airport,Villa Garzón,CO,0.9788,-76.6056,no,America/Bogota
VHC,medium_airport,Saurimo Airport,Saurimo,AO,-9.6891,20.4319,no,Africa/Luanda
VHM,medium_airport,Vilhelmina South Lapland Airport,Vilhelmina,SE,64.5791,16.8336,yes,Europe/Stockholm
VHN,small_airport,Culberson County Airport,Van Horn,US,31.0578,-104.7840,no,America/Chicago
VHV,small_airport,Verkhnevilyuisk Airport,Verkhnevilyuisk,RU,63.4581,120.2692,yes,Asia/Yakutsk
VHY,medium_airport,Vichy-Charmeil Airport,"Charmeil, Allier",FR,46.1697,3.4036,no,Europe/Paris
VHZ,small_airport,Vahitahi Airport,Vahitahi,PF,-18.7807,-138.8557,no,Pacific/Tahiti
VIA,small_airport,Videira Airport,Videira,BR,-26.9997,-51.1419,no,America/Sao_Paulo
VIE,large_airport,Vienna International Airport,Vienna,AT,48.1103,16.5697,yes,Europe/Vienna
VIG,medium_airport,Juan Pablo Pérez Alfonso Airport,El Vigía,VE,8.6241,-71.6727,yes,America/Caracas
VIH,small_airport,Rolla National Airport,Vichy,US,38.1274,-91.7695,no,America/Chicago
VII,medium_airport,Vinh Airport,Vinh,VN,18.7376,105.6710,yes,Asia/Bangkok
VIJ,medium_airport,Virgin Gorda Airport,Spanish Town,VG,18.4466,-64.4279,yes,America/Tortola
VIL,large_airport,Dakhla Airport,Dakhla,EH,23.7183,-15.9320,yes,Africa/El_Aaiun
VIN,medium_airport,Vinnytsia/Gavyryshivka International Airport,Vinnitsa,UA,49.2425,28.6138,no,Europe/Kyiv
VIP,medium_airport,Payerne Air Base,Payerne,CH,46.8432,6.9151,no,Europe/Zurich
VIQ,small_airport,Viqueque Airport,Viqueque,TL,-8.8838,126.3730,no,Asia/Dili
VIR,medium_airport,Virginia Airport,Durban,ZA,-29.7706,31.0584,no,Africa/Johannesburg
VIS,medium_airport,Visalia Municipal Airport,Visalia,US,36.3187,-119.3930,no,America/Los_Angeles
VIT,medium_airport,Vitoria Airport,Alava,ES,42.8828,-2.7245,yes,Europe/Madrid
VIU,small_airport,Viru Harbour Airstrip,Viru,SB,-8.5085,157.6900,no,Pacific/Guadalcanal
VIV,small_airport,Vivigani Airfield,Vivigani,PG,-9.3033,150.3189,no,Pacific/Port_Moresby
VIX,large_airport,Eurico de Aguiar Salles International Airport,Vitória,BR,-20.2580,-40.2850,yes,America/Sao_Paulo
VIY,medium_airport,Vélizy-Villacoublay Air Base,"Vélizy-Villacoublay, Yvelines",FR,48.7744,2.2031,no,Europe/Paris
VJB,small_airport,Xai-Xai Chongoene Airport,Xai-Xai,MZ,-24.8929,33.7530,yes,Africa/Maputo
VJI,small_airport,Virginia Highlands Airport,Abingdon,US,36.6871,-82.0333,no,America/New_York
VJQ,small_airport,Gurue Airport,Gurue,MZ,-15.5062,36.9904,no,Africa/Maputo
VKG,medium_airport,Rach Gia Airport,Rach Gia,VN,9.9580,105.1324,yes,Asia/Ho_Chi_Minh
VKO,large_airport,Vnukovo International Airport,Moscow,RU,55.5915,37.2615,yes,Europe/Moscow
VKS,small_airport,Vicksburg Municipal Airport,Vicksburg,US,32.2393,-90.9284,no,America/Chicago
VKT,medium_airport,Vorkuta Airport,Vorkuta,RU,67.4886,63.9931,yes,Europe/Moscow
VKV,medium_airport,Vaskovo Airport,Arkhangelsk,RU,64.4417,40.4217,no,Europe/Moscow
VLA,small_airport,Vandalia Municipal Airport,Vandalia,US,38.9915,-89.1662,no,America/Chicago
VLC,large_airport,Valencia Airport,Valencia,ES,39.4892,-0.4810,yes,Europe/Madrid
VLD,medium_airport,Valdosta Regional Airport,Valdosta,US,30.7825,-83.2767,yes,America/New_York
VLE,small_airport,Valle Airport,Grand Canyon,US,35.6506,-112.1480,no,America/Phoenix
VLG,medium_airport,Villa Gesell Airport,Villa Gesell,AR,-37.2354,-57.0292,no,America/Argentina/Buenos_Aires
VLI,large_airport,Bauerfield International Airport,Port Vila,VU,-17.6993,168.3200,yes,Pacific/Efate
VLL,medium_airport,Valladolid Airport,Valladolid,ES,41.7061,-4.8519,yes,Europe/Madrid
VLM,medium_airport,Teniente Coronel Rafael Pabón Airport,Villamontes,BO,-21.2552,-63.4056,no,America/La_Paz
VLN,large_airport,Arturo Michelena International Airport,Valencia,VE,10.1497,-67.9284,yes,America/Caracas
VLP,small_airport,Vila Rica Airport,Vila Rica,BR,-9.9811,-51.1404,no,America/Cuiaba
VLR,medium_airport,Vallenar Airport,Vallenar,CL,-28.5964,-70.7560,no,America/Santiago
VLS,small_airport,Valesdir Airport,Epi Island,VU,-16.7961,168.1770,yes,Pacific/Efate
VLU,medium_airport,Velikiye Luki Airport,Velikiye Luki,RU,56.3811,30.6078,no,Europe/Moscow
VLV,medium_airport,Dr. Antonio Nicolás Briceño Airport,Valera,VE,9.3405,-70.5841,yes,America/Caracas
VLY,medium_airport,Anglesey Airport,Angelsey,GB,53.2481,-4.5353,no,Europe/London
VME,medium_airport,Villa Reynolds Airport,Villa Mercedes,AR,-33.7299,-65.3874,no,America/Argentina/San_Luis
VMI,medium_airport,Aeropuerto Nacional Doctor Juan Plate,Puerto Vallemi,PY,-22.1594,-57.9424,no,America/Asuncion
VMU,medium_airport,Baimuru Airport,Baimuru,PG,-7.4970,144.8218,yes,Pacific/Port_Moresby
VNA,small_airport,Salavan Airport,Salavan,LA,15.7090,106.4109,no,Asia/Vientiane
VNC,small_airport,Venice Municipal Airport,Venice,US,27.0705,-82.4408,no,America/New_York
VND,small_airport,Vangaindrano Airport,Vangaindrano,MG,-23.3508,47.5817,no,Indian/Antananarivo
VNE,medium_airport,Vannes-Meucon Airport,Vannes/Meucon,FR,47.7233,-2.7186,no,Europe/Paris
VNO,large_airport,Vilnius International Airport,Vilnius,LT,54.6341,25.2858,yes,Europe/Vilnius
VNR,small_airport,Vanrook Station Airport,,AU,-16.9615,141.9523,no,Australia/Brisbane
VNS,large_airport,Lal Bahadur Shastri International Airport,Varanasi,IN,25.4522,82.8625,yes,Asia/Kolkata
VNT,small_airport,Ventspils International Airport,Ventspils,LV,57.3578,21.5442,no,Europe/Riga
VNX,medium_airport,Vilankulo Airport,Vilanculo,MZ,-22.0184,35.3133,yes,Africa/Maputo
VNY,medium_airport,Van Nuys Airport,Van Nuys,US,34.2098,-118.4900,no,America/Los_Angeles
VOD,medium_airport,Vodochody Airport,Vodochody,CZ,50.2166,14.3958,no,Europe/Prague
VOG,large_airport,Volgograd International Airport,Volgograd,RU,48.7813,44.3392,yes,Europe/Volgograd
VOH,medium_airport,Vohemar Airport,Vohemar,MG,-13.3758,50.0028,no,Indian/Antananarivo
VOI,small_airport,Voinjama Airport,Voinjama,LR,8.3235,-9.7692,no,Africa/Monrovia
VOK,medium_airport,Volk Field,Camp Douglas,US,43.9390,-90.2534,no,America/Chicago
VOL,medium_airport,Nea Anchialos National Airport,Nea Anchialos,GR,39.2196,22.7943,yes,Europe/Athens
VOT,small_airport,Domingos Pignatari Airport,Votuporanga,BR,-20.4584,-50.0031,no,America/Sao_Paulo
VOZ,medium_airport,Voronezh International Airport,Voronezh,RU,51.8143,39.2309,yes,Europe/Moscow
VPE,medium_airport,Ngjiva Pereira Airport,Ngiva,AO,-17.0435,15.6838,yes,Africa/Luanda
VPG,small_airport,Vipingo Estate Airport,Kikambala,KE,-3.8084,39.7972,no,Africa/Nairobi
VPN,medium_airport,Vopnafjörður Airport,Vopnafjörður,IS,65.7206,-14.8506,yes,Atlantic/Reykjavik
VPS,medium_airport,Destin-Fort Walton Beach Airport,Valparaiso,US,30.4813,-86.5158,yes,America/Chicago
VPY,medium_airport,Chimoio Airport,Chimoio,MZ,-19.1513,33.4290,yes,Africa/Maputo
VPZ,medium_airport,Porter County Municipal Airport,Valparaiso,US,41.4540,-87.0071,no,America/Chicago
VQQ,medium_airport,Cecil Airport,Jacksonville,US,30.2187,-81.8767,no,America/New_York
VQS,medium_airport,Antonio Rivera Rodriguez Airport,Vieques,PR,18.1348,-65.4936,yes,America/Puerto_Rico
VRA,large_airport,Juan Gualberto Gomez International Airport,Matanzas,CU,23.0344,-81.4353,yes,America/Havana
VRB,medium_airport,Vero Beach Regional Airport,Vero Beach,US,27.6556,-80.4179,yes,America/New_York
VRC,medium_airport,Virac Airport,Virac,PH,13.5764,124.2060,yes,Asia/Manila
VRE,medium_airport,Vredendal Airport,Vredendal,ZA,-31.6410,18.5448,no,Africa/Johannesburg
VRI,small_airport,Varandey Airport,Varandey,RU,68.8485,58.2014,no,Europe/Moscow
VRK,medium_airport,Varkaus Airport,Varkaus / Joroinen,FI,62.1711,27.8686,no,Europe/Helsinki
VRL,medium_airport,Vila Real Airport,Vila Real,PT,41.2743,-7.7205,yes,Europe/Lisbon
VRN,large_airport,Verona Villafranca Valerio Catullo Airport,Caselle (VR),IT,45.3950,10.8873,yes,Europe/Rome
VRO,medium_airport,Kawama Airport,Santa Marta,CU,23.1240,-81.3016,no,America/Havana
VRS,small_airport,Roy Otten Memorial Airfield,Versailles,US,38.4278,-92.8752,no,America/Chicago
VRU,medium_airport,Vryburg Airport,Vryburg,ZA,-26.9824,24.7288,no,Africa/Johannesburg
VRZ,small_airport,Padre Israel Airport,Lavras,BR,-21.2406,-44.9639,no,America/Sao_Paulo
VSA,large_airport,Carlos Rovirosa Pérez International Airport,Villahermosa,MX,17.9943,-92.8182,yes,America/Mexico_City
VSE,medium_airport,Aerodromo Goncalves Lobato (Viseu Airport),Viseu,PT,40.7255,-7.8890,yes,Europe/Lisbon
VSF,small_airport,Hartness State Airport,North Springfield,US,43.3436,-72.5173,no,America/New_York
VST,large_airport,Stockholm Västerås Airport,Stockholm / Västerås,SE,59.5894,16.6336,yes,Europe/Stockholm
VSV,small_airport,Shravasti Airport,Shravasti,IN,27.4997,82.0329,yes,Asia/Kolkata
VTB,medium_airport,Vitebsk Vostochny Airport,Vitebsk,BY,55.1265,30.3496,no,Europe/Minsk
VTE,large_airport,Wattay International Airport,Vientiane,LA,17.9851,102.5667,yes,Asia/Vientiane
VTF,small_airport,Vatulele Airport,Vatulele,FJ,-18.5125,177.6390,no,Pacific/Fiji
VTG,small_airport,Vung Tau Airport,Vũng Tàu,VN,10.3751,107.0962,no,Asia/Ho_Chi_Minh
VTM,medium_airport,Nevatim Air Base,Beersheba,IL,31.2083,35.0123,no,Asia/Jerusalem
VTN,medium_airport,Miller Field,Valentine,US,42.8562,-100.5492,no,America/Chicago
VTU,medium_airport,Hermanos Ameijeiras Airport,Las Tunas,CU,20.9876,-76.9358,yes,America/Havana
VTZ,large_airport,Visakhapatnam International Airport,Visakhapatnam,IN,17.7235,83.2277,yes,Asia/Kolkata
VUP,medium_airport,Alfonso López Pumarejo Airport,Valledupar,CO,10.4350,-73.2495,yes,America/Bogota
VUS,medium_airport,Velikiy Ustyug Airport,Velikiy Ustyug,RU,60.7883,46.2600,yes,Europe/Moscow
VUU,small_airport,Mvuu Camp Airport,Liwonde National Park,MW,-14.8386,35.3014,no,Africa/Blantyre
VVB,small_airport,Mahanoro Airport,Mahanoro,MG,-19.8330,48.8000,no,Indian/Antananarivo
VVC,medium_airport,Vanguardia Airport,Villavicencio,CO,4.1679,-73.6138,yes,America/Bogota
VVI,large_airport,Viru Viru International Airport,Santa Cruz,BO,-17.6448,-63.1354,yes,America/La_Paz
VVK,small_airport,Västervik Airport,Västervik,SE,57.7800,16.5236,no,Europe/Stockholm
VVN,small_airport,Las Malvinas/Echarate Airport,Las Malvinas,PE,-11.8549,-72.9393,no,America/Lima
VVO,large_airport,Vladivostok International Airport,Artyom,RU,43.3963,132.1482,yes,Asia/Vladivostok
VVZ,medium_airport,Illizi Takhamalt Airport,Illizi,DZ,26.7235,8.6227,yes,Africa/Algiers
VXC,medium_airport,Lichinga Airport,Lichinga,MZ,-13.2740,35.2663,yes,Africa/Maputo
VXE,large_airport,Cesaria Evora International Airport,São Pedro,CV,16.8334,-25.0553,yes,Atlantic/Cape_Verde
VXO,medium_airport,Växjö Kronoberg Airport,Växjö,SE,56.9291,14.7280,yes,Europe/Stockholm
VYD,small_airport,Vryheid Airport,Vryheid,ZA,-27.7869,30.7964,no,Africa/Johannesburg
VYI,medium_airport,Vilyuisk Airport,Vilyuisk,RU,63.7567,121.6933,yes,Asia/Yakutsk
VYS,small_airport,Illinois Valley Regional Airport Walter A Duncan Field,Peru,US,41.3519,-89.1531,no,America/Chicago
WAA,small_airport,Wales Airport,Wales,US,65.6226,-168.0950,yes,America/Nome
WAD,small_airport,Andriamena Airport,Andriamena,MG,-17.6310,47.7233,no,Indian/Antananarivo
WAE,medium_airport,Wadi Al Dawasir Domestic Airport,Wadi Al Dawasir,SA,20.5043,45.1996,yes,Asia/Riyadh
WAF,small_airport,Wana Airport,Waana,PK,32.3047,69.5704,no,Asia/Karachi
WAG,medium_airport,Wanganui Airport,Wanganui,NZ,-39.9635,175.0244,yes,Pacific/Auckland
WAH,small_airport,Harry Stern Airport,Wahpeton,US,46.2441,-96.6074,no,America/Chicago
WAI,medium_airport,Ambalabe Airport,Antsohihy,MG,-14.8988,47.9939,no,Indian/Antananarivo
WAJ,small_airport,Wawoi Falls Airport,Wavoi Falls,PG,-6.9523,142.6557,no,Pacific/Port_Moresby
WAK,small_airport,Ankazoabo Airport,Ankazoabo,MG,-22.2964,44.5315,no,Indian/Antananarivo
WAL,small_airport,Wallops Flight Facility Airport,Wallops Island,US,37.9408,-75.4623,no,America/New_York
WAM,small_airport,Ambatondrazaka Airport,Ambatondrazaka,MG,-17.7954,48.4426,no,Indian/Antananarivo
WAO,small_airport,Wabo Airport,Wabo,PG,-6.9894,145.0751,no,Pacific/Port_Moresby
WAP,small_airport,Alto Palena Airport,Palena,CL,-43.6115,-71.8055,no,America/Santiago
WAQ,small_airport,Antsalova Airport,Antsalova,MG,-18.7013,44.6149,no,Indian/Antananarivo
WAT,medium_airport,Waterford Airport,Waterford,IE,52.1872,-7.0870,no,Europe/Dublin
WAU,small_airport,Wauchope Airport,Wauchope,AU,-20.6406,134.2153,no,Australia/Darwin
WAV,small_airport,Wave Hill Airport,,AU,-17.3933,131.1180,no,Australia/Darwin
WAW,large_airport,Warsaw Chopin Airport,Warsaw,PL,52.1657,20.9671,yes,Europe/Warsaw
WAX,small_airport,Zuwarah International Airport,Zuwarah,LY,32.9523,12.0155,no,Africa/Tripoli
WAY,small_airport,Greene County Airport,Waynesburg,US,39.9011,-80.1307,no,America/New_York
WAZ,small_airport,Warwick Airport,,AU,-28.1494,151.9430,no,Australia/Brisbane
WBA,small_airport,Wahai Airport,Wahai,ID,-2.8114,129.4840,no,Asia/Jayapura
WBB,small_airport,Stebbins Airport,Stebbins,US,63.5160,-162.2780,yes,America/Nome
WBC,small_airport,Wapolu Airport,Wapolu,PG,-9.3376,150.5093,no,Pacific/Port_Moresby
WBD,small_airport,Avaratra Airport,Befandriana,MG,-15.2000,48.4830,no,Indian/Antananarivo
WBE,small_airport,Ankaizina Airport,Bealanana,MG,-14.5443,48.6914,no,Indian/Antananarivo
WBG,medium_airport,Schleswig Air Base,Jagel,DE,54.4593,9.5163,no,Europe/Berlin
WBK,small_airport,West Branch Community Airport,West Branch,US,44.2448,-84.1798,no,America/Detroit
WBM,medium_airport,Wapenamanda Airport,Wapenamanda,PG,-5.6353,143.8922,yes,Pacific/Port_Moresby
WBO,small_airport,Antsoa Airport,Beroroha,MG,-21.6070,45.1360,no,Indian/Antananarivo
WBQ,small_airport,Beaver Airport,Beaver,US,66.3622,-147.4070,yes,America/Anchorage
WBR,small_airport,Roben Hood Airport,Big Rapids,US,43.7226,-85.5041,no,America/Detroit
WBU,small_airport,Boulder Municipal Airport,Boulder,US,40.0391,-105.2260,no,America/Denver
WBW,small_airport,Wilkes Barre Wyoming Valley Airport,Wilkes-Barre,US,41.2972,-75.8512,no,America/New_York
WCA,small_airport,Gamboa Airport,Castro,CL,-42.4903,-73.7728,no,America/Santiago
WCD,small_airport,Carosue Dam Airport,Cundeelee,AU,-30.1736,122.3222,no,Australia/Perth
WCH,medium_airport,Nuevo Chaitén Airport,Chaitén,CL,-42.7819,-72.8350,no,America/Santiago
WCR,small_airport,Chandalar Lake Airport,Chandalar Lake,US,67.5045,-148.4830,no,America/Anchorage
WDA,small_airport,"Al Ain Airport Ain District, Shabwah Governorate, Yemen",Ain District,YE,14.8596,45.5457,no,Asia/Aden
WDB,small_airport,Weda Bay Airport,Weda,ID,0.4679,127.9482,no,Asia/Jayapura
WDG,small_airport,Enid Woodring Regional Airport,Enid,US,36.3792,-97.7911,no,America/Chicago
WDH,large_airport,Hosea Kutako International Airport,Windhoek,NA,-22.4799,17.4709,yes,Africa/Windhoek
WDI,small_airport,Wondai Airport,,AU,-26.2774,151.8617,no,Australia/Brisbane
WDN,small_airport,Waldron Airstrip,Eastsound,US,48.7114,-123.0182,yes,America/Los_Angeles
WDR,small_airport,Barrow County Airport,Winder,US,33.9829,-83.6674,no,America/New_York
WDS,medium_airport,Shiyan Wudangshan Airport,Shiyan (Maojian),CN,32.5929,110.9063,yes,Asia/Shanghai
WEA,small_airport,Parker County Airport,Weatherford,US,32.7463,-97.6824,no,America/Chicago
WED,small_airport,Wedau Airport,Wedau,PG,-10.0954,150.0826,no,Pacific/Port_Moresby
WEF,medium_airport,Weifang Nanyuan Airport,Weifang (Kuiwen),CN,36.6467,119.1190,yes,Asia/Shanghai
WEH,medium_airport,Weihai Dashuibo Airport,Weihai,CN,37.1871,122.2290,yes,Asia/Shanghai
WEI,medium_airport,Weipa Airport,Weipa,AU,-12.6775,141.9226,yes,Australia/Brisbane
WEL,small_airport,Welkom Airport,Welkom,ZA,-27.9968,26.6633,no,Africa/Johannesburg
WEP,small_airport,Weam Airport,Weam,PG,-8.6184,141.1381,no,Pacific/Port_Moresby
WET,small_airport,Deiyai / Waghete Baru Airport,Tigi,ID,-4.0592,136.2817,no,Asia/Jayapura
WEW,small_airport,Wee Waa Airport,,AU,-30.2583,149.4080,no,Australia/Sydney
WFI,medium_airport,Fianarantsoa Airport,Fianarantsoa,MG,-21.4416,47.1117,no,Indian/Antananarivo
WFK,small_airport,Northern Aroostook Regional Airport,Frenchville,US,47.2855,-68.3128,no,America/New_York
WFR,medium_airport,[Duplicate] Wolf's Fang Runway,Queen Maud Island,AQ,-71.5264,8.7995,no,Antarctica/Troll
WGA,medium_airport,Wagga Wagga Airport,Forest Hill,AU,-35.1635,147.4683,yes,Australia/Sydney
WGB,small_airport,Bahawalnagar Airport,Bahawalnagar,PK,29.9463,73.2491,no,Asia/Karachi
WGC,small_airport,Warangal Airport,Warangal,IN,17.9144,79.6022,no,Asia/Kolkata
WGE,medium_airport,Walgett Airport,,AU,-30.0328,148.1260,yes,Australia/Sydney
WGN,medium_airport,Shaoyang Wugang Airport,Shaoyang (Wugang),CN,26.8061,110.6410,yes,Asia/Shanghai
WGO,small_airport,Winchester Regional Airport,Winchester,US,39.1435,-78.1444,no,America/New_York
WGP,small_airport,Umbu Mehang Kunda Airport,Waingapu-Sumba Island,ID,-9.6692,120.3020,yes,Asia/Makassar
WGT,medium_airport,Wangaratta Airport,Laceby,AU,-36.4179,146.3069,no,Australia/Melbourne
WHA,medium_airport,Wuhu Xuanzhou Airport,Wuhu,CN,31.1045,118.6669,yes,Asia/Shanghai
WHB,medium_airport,Eliwana,,AU,-22.4284,116.8879,no,Australia/Perth
WHF,small_airport,Wadi Halfa Airport,Wadi Halfa,SD,21.8027,31.5216,no,Africa/Khartoum
WHK,medium_airport,Whakatāne Airport,Whakatāne,NZ,-37.9222,176.9170,yes,Pacific/Auckland
WHL,small_airport,Welshpool Airport,Welshpool,AU,-38.6824,146.4453,no,Australia/Melbourne
WHN,medium_airport,Wuhan Hannan Municipal Airport,Wuhan (Hannan),CN,30.2552,114.0628,no,Asia/Shanghai
WHO,small_airport,Franz Josef Aerodrome,,NZ,-43.3631,170.1340,no,Pacific/Auckland
WHP,small_airport,Whiteman Airport,Pacoima,US,34.2593,-118.4130,no,America/Los_Angeles
WHS,small_airport,Whalsay Airstrip,"Whalsay, Shetlands",GB,60.3768,-0.9272,no,Europe/London
WHT,small_airport,Wharton Regional Airport,Wharton,US,29.2543,-96.1544,no,America/Chicago
WHU,small_airport,Wuhu Wanli Airport / Wuhu Air Base,Wuhu,CN,31.3906,118.4090,no,Asia/Shanghai
WIB,small_airport,Wilbarger County Airport,Vernon,US,34.2257,-99.2838,no,America/Chicago
WIC,medium_airport,Wick John O'Groats Airport,Wick,GB,58.4589,-3.0931,yes,Europe/London
WIE,medium_airport,Wiesbaden Army Airfield,Wiesbaden,DE,50.0498,8.3254,no,Europe/Berlin
WIK,small_airport,Waiheke Island Aerodrome,Waiheke Island,NZ,-36.8089,175.0860,no,Pacific/Auckland
WIL,medium_airport,Nairobi Wilson Airport,Nairobi,KE,-1.3217,36.8148,yes,Africa/Nairobi
WIN,medium_airport,Winton Airport,,AU,-22.3636,143.0860,yes,Australia/Brisbane
WIO,small_airport,Wilcannia Airport,,AU,-31.5221,143.3784,no,Australia/Sydney
WIR,medium_airport,Wairoa Airport,Wairoa,NZ,-39.0119,177.4044,no,Pacific/Auckland
WIU,small_airport,Witu Airport,Garove Island,PG,-4.6895,149.4401,no,Pacific/Port_Moresby
WJA,small_airport,Woja Airport,Woja,MH,7.4508,168.5500,no,Pacific/Majuro
WJF,medium_airport,General William J Fox Airfield,Lancaster,US,34.7411,-118.2190,no,America/Los_Angeles
WJR,medium_airport,Wajir Airport,Wajir,KE,1.7332,40.0916,yes,Africa/Nairobi
WJU,medium_airport,Wonju Airport / Hoengseong Air Base (K-38/K-46),Wonju,KR,37.4371,127.9601,yes,Asia/Seoul
WKA,medium_airport,Wanaka Airport,Wanaka,NZ,-44.7221,169.2463,yes,Pacific/Auckland
WKB,medium_airport,Warracknabeal Airport,,AU,-36.3211,142.4190,no,Australia/Melbourne
WKF,medium_airport,Waterkloof Air Force Base,Pretoria,ZA,-25.8300,28.2225,no,Africa/Johannesburg
WKI,small_airport,Hwange (Town) Airport,Hwange,ZW,-18.3630,26.5198,no,Africa/Harare
WKJ,medium_airport,Wakkanai Airport,Wakkanai,JP,45.4042,141.8010,yes,Asia/Tokyo
WKK,medium_airport,Aleknagik / New Airport,Aleknagik,US,59.2826,-158.6180,yes,America/Anchorage
WKN,small_airport,Wakunai Airport,Wakunai,PG,-5.8603,155.2223,no,Pacific/Bougainville
WKR,small_airport,Walkers Cay Airport,Walkers Cay,BS,27.2597,-78.4005,no,America/Nassau
WLA,small_airport,Wallal Downs Airport,Eighty Mile Beach,AU,-19.7736,120.6490,no,Australia/Perth
WLC,small_airport,Walcha Airport,,AU,-31.0095,151.5474,no,Australia/Sydney
WLD,small_airport,Strother Field,Winfield / Arkansas City,US,37.1686,-97.0376,no,America/Chicago
WLE,small_airport,Miles Airport,,AU,-26.8064,150.1690,no,Australia/Brisbane
WLG,large_airport,Wellington International Airport,Wellington,NZ,-41.3268,174.8069,yes,Pacific/Auckland
WLH,small_airport,Walaha Airport,Walaha,VU,-15.4120,167.6910,yes,Pacific/Efate
WLK,small_airport,Selawik Airport,Selawik,US,66.6001,-159.9860,yes,America/Anchorage
WLL,small_airport,Wollogorang Airport,,AU,-17.2199,137.9345,no,Australia/Darwin
WLO,small_airport,Waterloo Airport,,AU,-16.6300,129.3200,no,Australia/Darwin
WLP,small_airport,West Angelas Airport,,AU,-23.1356,118.7072,no,Australia/Perth
WLS,large_airport,Hihifo Airport,Wallis Island,WF,-13.2394,-176.1986,yes,Pacific/Wallis
WLU,small_airport,Walluanda Airport,Puri,PG,-6.4752,143.9872,no,Pacific/Port_Moresby
WLW,small_airport,Willows Glenn County Airport,Willows,US,39.5164,-122.2180,no,America/Los_Angeles
WMA,small_airport,Mandritsara Airport,Mandritsara,MG,-15.8460,48.8347,no,Indian/Antananarivo
WMB,small_airport,Warrnambool Airport,,AU,-38.2953,142.4470,no,Australia/Melbourne
WMC,medium_airport,Winnemucca Municipal Airport,Winnemucca,US,40.8966,-117.8060,no,America/Los_Angeles
WMD,small_airport,Mandabe Airport,Mandabe,MG,-21.0463,44.9404,no,Indian/Antananarivo
WME,medium_airport,Mount Keith Airport,,AU,-27.2873,120.5549,no,Australia/Perth
WMH,medium_airport,Ozark Regional Airport,Mountain Home,US,36.3689,-92.4705,no,America/Chicago
WMI,large_airport,Warsaw Modlin Airport,Nowy Dwór Mazowiecki,PL,52.4511,20.6518,yes,Europe/Warsaw
WML,small_airport,Malaimbandy Airport,Malaimbandy,MG,-20.3554,45.5434,no,Indian/Antananarivo
WMN,medium_airport,Maroantsetra Airport,Maroantsetra,MG,-15.4377,49.6891,yes,Indian/Antananarivo
WMO,small_airport,White Mountain Airport,White Mountain,US,64.6892,-163.4130,yes,America/Nome
WMP,small_airport,Mampikony Airport,Mampikony,MG,-16.0719,47.6430,no,Indian/Antananarivo
WMR,medium_airport,Mananara Nord Airport,Mananara Nord,MG,-16.1639,49.7738,no,Indian/Antananarivo
WMT,medium_airport,Zunyi Maotai Airport,Zunyi,CN,27.9618,106.4354,yes,Asia/Shanghai
WMX,medium_airport,Wamena Airport,Wamena,ID,-4.0973,138.9524,yes,Asia/Jayapura
WNA,small_airport,Napakiak Airport,Napakiak,US,60.6903,-161.9790,yes,America/Anchorage
WND,small_airport,Windarra Airport,Laverton,AU,-28.4806,122.2444,no,Australia/Perth
WNH,small_airport,Wenshan Puzhehei Airport,Wenshan,CN,23.5583,104.3255,yes,Asia/Shanghai
WNI,medium_airport,Matahora Airport,Wangi-wangi Island,ID,-5.2921,123.6362,yes,Asia/Makassar
WNN,small_airport,Wunnumin Lake Airport,Wunnumin Lake,CA,52.8939,-89.2892,yes,America/Winnipeg
WNP,medium_airport,Naga Airport,Naga,PH,13.5849,123.2700,yes,Asia/Manila
WNR,medium_airport,Windorah Airport,Windorah,AU,-25.4106,142.6684,yes,Australia/Brisbane
WNS,medium_airport,Shaheed Benazirabad Airport,Nawabashah,PK,26.2194,68.3901,yes,Asia/Karachi
WNU,small_airport,Wanuma Airport,Wanuma,PG,-4.8961,145.3213,no,Pacific/Port_Moresby
WNZ,large_airport,Wenzhou Longwan International Airport,Wenzhou (Longwan),CN,27.9106,120.8535,yes,Asia/Shanghai
WOA,small_airport,Wonenara Airport,Wonenara,PG,-6.7969,145.8919,no,Pacific/Port_Moresby
WOE,medium_airport,Woensdrecht Air Base,Hoogerheide,NL,51.4491,4.3420,no,Europe/Amsterdam
WOK,small_airport,Uon Quen Airport,Uonquén,VE,4.9840,-61.7301,no,America/Caracas
WOL,medium_airport,Shellharbour Airport,Albion Park Rail,AU,-34.5611,150.7890,no,Australia/Sydney
WON,small_airport,Wondoola Airport,Wondoola,AU,-18.5750,140.8920,no,Australia/Brisbane
WOS,medium_airport,Wonsan Kalma Airport,Wonsan,KP,39.1652,127.4879,yes,Asia/Pyongyang
WOT,small_airport,Wang'an Airport,Wang'an,TW,23.3691,119.5036,no,Asia/Taipei
WOW,small_airport,Willow Airport,Willow,US,61.7542,-150.0520,no,America/Anchorage
WPA,small_airport,Cabo Juan Román Airfield,Puerto Aysén,CL,-45.3992,-72.6703,no,America/Coyhaique
WPB,small_airport,Port Bergé Airport,Port Bergé,MG,-15.5843,47.6236,no,Indian/Antananarivo
WPC,medium_airport,Pincher Creek Airport,Pincher Creek,CA,49.5204,-113.9970,no,America/Edmonton
WPK,small_airport,Wrotham Park Airport,Wrotham Park,AU,-16.6589,143.9993,no,Australia/Brisbane
WPM,small_airport,Wipim Airport,Wipim,PG,-8.7882,142.8820,no,Pacific/Port_Moresby
WPO,small_airport,North Fork Valley Airport,Paonia,US,38.8314,-107.6458,no,America/Denver
WPR,medium_airport,Captain Fuentes Martinez Airport,Porvenir,CL,-53.2537,-70.3192,no,America/Punta_Arenas
WPU,medium_airport,Guardia Marina Zañartu Airport,Puerto Williams,CL,-54.9311,-67.6263,no,America/Punta_Arenas
WRA,small_airport,Warder Airport,Warder,ET,6.9724,45.3334,no,Africa/Addis_Ababa
WRB,medium_airport,Robins Air Force Base,Warner Robins,US,32.6401,-83.5919,no,America/New_York
WRE,medium_airport,Whangarei Airport,Whangarei,NZ,-35.7693,174.3637,yes,Pacific/Auckland
WRG,medium_airport,Wrangell Airport,Wrangell,US,56.4843,-132.3700,yes,America/Sitka
WRH,small_airport,Wuerhe Airport,Orku,CN,46.0176,85.6574,no,Asia/Shanghai
WRI,medium_airport,Mc Guire Air Force Base,Wrightstown,US,40.0156,-74.5917,no,America/New_York
WRL,medium_airport,Worland Municipal Airport,Worland,US,43.9657,-107.9510,no,America/Denver
WRN,small_airport,Windarling Airport,Windarling Mine,AU,-30.0323,119.3865,no,Australia/Perth
WRO,large_airport,Copernicus Wrocław Airport,Wrocław,PL,51.1037,16.8821,yes,Europe/Warsaw
WRT,medium_airport,Warton Aerodrome,Warton,GB,53.7451,-2.8831,no,Europe/London
WRW,small_airport,Warrawagine Airport,,AU,-20.8442,120.7020,no,Australia/Perth
WRY,small_airport,Westray Airport,"Westray, Orkney Islands",GB,59.3505,-2.9501,yes,Europe/London
WRZ,small_airport,Weerawila Airport,Weerawila,LK,6.2545,81.2352,no,Asia/Colombo
WSA,small_airport,Wasua Airport,Wasua,PG,-8.2836,142.8697,no,Pacific/Port_Moresby
WSF,small_airport,Cape Sarichef Airport,Cape Sarichef,US,54.5839,-164.9057,no,America/Nome
WSG,small_airport,Washington County Airport,Washington,US,40.1365,-80.2902,no,America/New_York
WSH,small_airport,Brookhaven Calabro Airport,Shirley,US,40.8219,-72.8694,no,America/New_York
WSI,large_airport,Western Sydney International (Nancy-Bird Walton) Airport,Sydney,AU,-33.8835,150.7130,no,Australia/Sydney
WSK,small_airport,Chongqing Wushan Airport,Wushan,CN,31.0690,109.7090,yes,Asia/Shanghai
WSM,small_airport,Wiseman Airport,Wiseman,US,67.4046,-150.1230,no,America/Anchorage
WSN,small_airport,South Naknek Number 2 Airport,South Naknek,US,58.7024,-157.0054,yes,America/Anchorage
WSO,small_airport,Washabo Airport,Washabo,SR,5.2153,-57.1853,no,America/Paramaribo
WSP,small_airport,Waspam Airport,Waspam,NI,14.7392,-83.9694,no,America/Managua
WSR,small_airport,Wasior Airport,Wasior,ID,-2.7204,134.5059,no,Asia/Jayapura
WST,medium_airport,Westerly State Airport,Westerly,US,41.3496,-71.8034,yes,America/New_York
WSU,small_airport,Wasu Airport,Wasu,PG,-5.9617,147.1982,no,Pacific/Port_Moresby
WSY,small_airport,Shute Harbour/Whitsunday Airport,Shute Harbour,AU,-20.2761,148.7550,no,Australia/Brisbane
WSZ,medium_airport,Westport Airport,Westport,NZ,-41.7371,171.5790,yes,Pacific/Auckland
WTA,small_airport,Tambohorano Airport,Tambohorano,MG,-17.4761,43.9728,yes,Indian/Antananarivo
WTB,large_airport,Toowoomba Wellcamp Airport,Toowoomba,AU,-27.5583,151.7933,yes,Australia/Brisbane
WTD,small_airport,West End Airport,West End,BS,26.6853,-78.9750,no,America/Nassau
WTE,small_airport,Wotje Airport,Wotje,MH,9.4583,170.2386,yes,Pacific/Majuro
WTK,small_airport,Noatak Airport,Noatak,US,67.5612,-162.9805,yes,America/Nome
WTL,small_airport,Tuntutuliak Airport,Tuntutuliak,US,60.3512,-162.6545,yes,America/Nome
WTN,medium_airport,RAF Waddington,"Lincoln, Lincolnshire",GB,53.1662,-0.5238,no,Europe/London
WTO,small_airport,Wotho Island Airport,Wotho Island,MH,10.1733,166.0030,yes,Pacific/Majuro
WTP,small_airport,Woitape Airport,Fatima Mission,PG,-8.5458,147.2525,no,Pacific/Port_Moresby
WTR,small_airport,Whiteriver Airport,Whiteriver,US,33.8102,-109.9866,no,America/Phoenix
WTS,small_airport,Tsiroanomandidy Airport,Tsiroanomandidy,MG,-18.7597,46.0541,no,Indian/Antananarivo
WTT,small_airport,Wantoat Airport,Wantoat,PG,-6.1325,146.4678,no,Pacific/Port_Moresby
WTZ,small_airport,Whitianga Airport,Whitianga,NZ,-36.8287,175.6828,no,Pacific/Auckland
WUA,medium_airport,Wuhai Airport,Wuhai,CN,39.7934,106.7993,yes,Asia/Shanghai
WUD,small_airport,Wudinna Airport,,AU,-33.0433,135.4470,no,Australia/Adelaide
WUG,small_airport,Wau Airport,Wau,PG,-7.3456,146.7186,no,Pacific/Port_Moresby
WUH,large_airport,Wuhan Tianhe International Airport,Wuhan (Huangpi),CN,30.7748,114.2137,yes,Asia/Shanghai
WUI,small_airport,Murrin Murrin Airport,Murrin Murrin,AU,-28.7053,121.8910,no,Australia/Perth
WUM,small_airport,Wasum Airport,Wasum,PG,-6.0491,149.3370,no,Pacific/Port_Moresby
WUN,medium_airport,Wiluna Airport,,AU,-26.6292,120.2210,yes,Australia/Perth
WUS,medium_airport,Nanping Wuyishan Airport,Wuyishan,CN,27.7019,118.0010,yes,Asia/Shanghai
WUT,small_airport,Xinzhou Wutaishan Airport,Xinzhou,CN,38.5975,112.9692,yes,Asia/Shanghai
WUU,medium_airport,Wau Airport,Wau,SS,7.7258,27.9750,yes,Africa/Juba
WUV,small_airport,Wuvulu Island Airport,Wuvulu Island,PG,-1.7361,142.8367,no,Pacific/Port_Moresby
WUX,large_airport,Sunan Shuofang International Airport,Wuxi,CN,31.4970,120.4304,yes,Asia/Shanghai
WUZ,medium_airport,Wuzhou Xijiang Airport,Tangbu,CN,23.4032,111.0933,yes,Asia/Shanghai
WVB,large_airport,Walvis Bay International Airport,Walvis Bay(Rooikop),NA,-22.9793,14.6471,yes,Africa/Windhoek
WVI,small_airport,Watsonville Municipal Airport,Watsonville,US,36.9357,-121.7900,no,America/Los_Angeles
WVK,medium_airport,Manakara Airport,Manakara,MG,-22.1197,48.0217,no,Indian/Antananarivo
WVL,small_airport,Waterville Robert Lafleur Airport,Waterville,US,44.5332,-69.6755,no,America/New_York
WVN,small_airport,JadeWeser Airport,Wilhelmshaven,DE,53.5022,8.0522,no,Europe/Berlin
WWA,medium_airport,Wasilla Airport,Wasilla,US,61.5717,-149.5400,no,America/Anchorage
WWD,medium_airport,Cape May County Airport,Wildwood,US,39.0085,-74.9083,no,America/New_York
WWI,small_airport,Woodie Woodie Airport,Woodie Woodie,AU,-21.6455,121.1912,no,Australia/Perth
WWK,medium_airport,Wewak International Airport,Wewak,PG,-3.5838,143.6690,yes,Pacific/Port_Moresby
WWR,medium_airport,West Woodward Airport,Woodward,US,36.4380,-99.5227,no,America/Chicago
WWT,small_airport,Mertarvik Airport,Mertarvik,US,60.8104,-164.4995,yes,America/Nome
WWY,medium_airport,West Wyalong Airport,West Wyalong,AU,-33.9372,147.1910,no,Australia/Sydney
WXN,small_airport,Wanzhou Wuqiao Airport,Wanzhou,CN,30.8017,108.4330,yes,Asia/Shanghai
WYA,medium_airport,Whyalla Airport,Whyalla,AU,-33.0589,137.5140,yes,Australia/Adelaide
WYE,medium_airport,Yengema Airport,Yengema,SL,8.6105,-11.0454,no,Africa/Freetown
WYN,small_airport,Wyndham Airport,,AU,-15.5114,128.1530,no,Australia/Perth
WYS,medium_airport,Yellowstone Airport,West Yellowstone,US,44.6884,-111.1180,yes,America/Denver
WZA,small_airport,Wa Airport,Wa,GH,10.0827,-2.5077,no,Africa/Accra
WZQ,small_airport,Urad Middle Banner Airport,Urad Middle Banner,CN,41.4603,108.5391,no,Asia/Shanghai
XAI,medium_airport,Xinyang Minggang Airport,Xinyang,CN,32.5408,114.0791,yes,Asia/Shanghai
XAL,small_airport,Álamos Airport,Álamos,MX,27.0390,-108.9490,no,America/Hermosillo
XAP,medium_airport,Serafin Enoss Bertaso Airport,Chapecó,BR,-27.1342,-52.6566,yes,America/Sao_Paulo
XAR,small_airport,Aribinda Airport,Aribinda,BF,14.2170,-0.8830,no,Africa/Ouagadougou
XAU,small_airport,Saül Airport,Saül,GF,3.6136,-53.2042,no,America/Cayenne
XBE,small_airport,Bearskin Lake Airport,Bearskin Lake,CA,53.9656,-91.0272,yes,America/Winnipeg
XBG,small_airport,Bogande Airport,Bogande,BF,12.9830,-0.1670,no,Africa/Ouagadougou
XBJ,large_airport,Birjand International Airport,Birjand,IR,32.8965,59.2813,yes,Asia/Tehran
XBN,small_airport,Biniguni Airport,Biniguni,PG,-9.6425,149.3039,no,Pacific/Port_Moresby
XBO,small_airport,Boulsa Airport,Boulsa,BF,12.6500,-0.5670,no,Africa/Ouagadougou
XBR,small_airport,Brockville - Thousand Islands Regional Tackaberry Airport,Brockville,CA,44.6394,-75.7503,no,America/Toronto
XCH,medium_airport,Christmas Island International Airport,Flying Fish Cove,CX,-10.4504,105.6911,yes,Indian/Christmas
XCL,small_airport,Cluff Lake Airport,Cluff Lake,CA,58.3911,-109.5160,no,America/Regina
XCM,small_airport,Chatham Kent Airport,Chatham-Kent,CA,42.3064,-82.0819,no,America/Toronto
XCO,small_airport,Colac Airport,Colac Otway Shire,AU,-38.2867,143.6800,no,Australia/Melbourne
XCR,medium_airport,Chalons Vatry airport,Chalons en Champagne,FR,48.7733,4.2061,yes,Europe/Paris
XDE,small_airport,Diebougou Airport,Diebougou,BF,10.9500,-3.2500,no,Africa/Ouagadougou
XDJ,small_airport,Djibo Airport,Djibo,BF,14.1250,-1.6247,no,Africa/Ouagadougou
XEN,medium_airport,Xingcheng Air Base,Huludao (Xingcheng),CN,40.5803,120.7004,no,Asia/Shanghai
XES,small_airport,Grand Geneva Resort Airport,Lake Geneva,US,42.6149,-88.3896,no,America/Chicago
XFN,medium_airport,Xiangyang Liuji Airport,Xiangyang (Xiangzhou),CN,32.1522,112.2917,yes,Asia/Shanghai
XFT,small_airport,Big Pine Sands STOLGround,"Big Pine Key, Florida",US,24.7237,-81.3879,no,America/New_York
XFW,medium_airport,Hamburg-Finkenwerder Airport,Hamburg,DE,53.5353,9.8356,no,Europe/Berlin
XGA,small_airport,Gaoua Airport,Gaoua,BF,10.3841,-3.1635,no,Africa/Ouagadougou
XGG,small_airport,Gorom-Gorom Airport,Gorom-Gorom,BF,14.4542,-0.2186,no,Africa/Ouagadougou
XGN,medium_airport,Xangongo Airport,Xangongo,AO,-16.7554,14.9653,no,Africa/Luanda
XGR,small_airport,Kangiqsualujjuaq (Georges River) Airport,Kangiqsualujjuaq,CA,58.7114,-65.9928,yes,America/Toronto
XIC,medium_airport,Xichang Qingshan Airport,Liangshan (Xichang),CN,27.9891,102.1840,yes,Asia/Shanghai
XIE,small_airport,Xienglom Airport,Xienglom,LA,19.6203,100.8153,no,Asia/Vientiane
XIG,small_airport,Xinguara Municipal Airport,Xinguara,BR,-7.0906,-49.9765,no,America/Belem
XIJ,medium_airport,Ahmed Al Jaber Air Base,Ahmed Al Jaber AB,KW,28.9348,47.7919,no,Asia/Kuwait
XIL,medium_airport,Xilinhot Airport,Xilinhot,CN,43.9156,115.9640,yes,Asia/Shanghai
XIN,small_airport,Xingning Air Base,Meizhou (Xingning),CN,24.1492,115.7580,no,Asia/Shanghai
XIY,large_airport,Xi'an Xianyang International Airport,Xi'an,CN,34.4422,108.7624,yes,Asia/Shanghai
XJD,medium_airport,Al Udeid Air Base,Ar Rayyan,QA,25.1173,51.3150,no,Asia/Qatar
XJM,medium_airport,Mangla Airport,Mangla,PK,33.0501,73.6384,no,Asia/Karachi
XKA,small_airport,Kantchari Airport,Kantchari,BF,12.4640,1.4929,no,Africa/Ouagadougou
XKH,small_airport,Xieng Khouang Airport,Xieng Khouang,LA,19.4500,103.1580,yes,Asia/Vientiane
XKS,medium_airport,Kasabonika Airport,Kasabonika,CA,53.5247,-88.6428,yes,America/Winnipeg
XKY,small_airport,Kaya Airport,Kaya,BF,13.0774,-1.1003,no,Africa/Ouagadougou
XLB,small_airport,Lac Brochet Airport,Lac Brochet,CA,58.6143,-101.4690,yes,America/Winnipeg
XLS,medium_airport,Saint Louis Airport,Saint Louis,SN,16.0498,-16.4610,no,Africa/Dakar
XLU,small_airport,Leo Airport,Leo,BF,11.1000,-2.1000,no,Africa/Ouagadougou
XMA,small_airport,Maramag Airport,Maramag,PH,7.7538,125.0333,no,Asia/Manila
XMC,small_airport,Mallacoota Airport,,AU,-37.5983,149.7200,no,Australia/Melbourne
XMD,small_airport,Madison Municipal Airport,Madison,US,44.0160,-97.0859,no,America/Chicago
XMG,small_airport,Mahendranagar Airport,Mahendranagar,NP,28.9632,80.1479,no,Asia/Kathmandu
XMH,medium_airport,Manihi Airport,,PF,-14.4368,-146.0700,yes,Pacific/Tahiti
XMI,small_airport,Masasi Airport,Masasi,TZ,-10.7330,38.7670,no,Africa/Dar_es_Salaam
XML,small_airport,Minlaton Airport,,AU,-34.7438,137.5291,no,Australia/Adelaide
XMN,large_airport,Xiamen Gaoqi International Airport,Xiamen,CN,24.5439,118.1275,yes,Asia/Shanghai
XMP,small_airport,Macmillan Pass Airport,Macmillan Pass,CA,63.1811,-130.2020,no,America/Whitehorse
XMS,medium_airport,Coronel E Carvajal Airport,Macas,EC,-2.2992,-78.1208,yes,America/Guayaquil
XMY,small_airport,Yam Island Airport,Yam Island,AU,-9.8992,142.7743,yes,Australia/Brisbane
XNA,medium_airport,Northwest Arkansas National Airport,Fayetteville/Springdale/Rogers,US,36.2819,-94.3068,yes,America/Chicago
XNH,medium_airport,Ali Air Base,Nasiriyah,IQ,30.9358,46.0901,no,Asia/Baghdad
XNN,large_airport,Xining Caojiabao International Airport,Haidong (Huzhu Tu Autonomous County),CN,36.5277,102.0402,yes,Asia/Shanghai
XNT,small_airport,Xingtai Dalian Airport,Xingtai,CN,36.8831,114.4293,no,Asia/Shanghai
XNU,small_airport,Nouna Airport,Nouna,BF,12.7500,-3.8670,no,Africa/Ouagadougou
XPA,small_airport,Pama Airport,Pama,BF,11.2500,0.7000,no,Africa/Ouagadougou
XPK,small_airport,Pukatawagan Airport,Pukatawagan,CA,55.7492,-101.2660,yes,America/Winnipeg
XPL,large_airport,Palmerola International Airport,Palmerola,HN,14.3824,-87.6212,yes,America/Tegucigalpa
XPP,small_airport,Poplar River Airport,Poplar River,CA,52.9965,-97.2742,no,America/Winnipeg
XPR,small_airport,Pine Ridge Airport,Pine Ridge,US,43.0209,-102.5061,no,America/Denver
XQP,medium_airport,Quepos Managua Airport,Quepos,CR,9.4432,-84.1298,yes,America/Costa_Rica
XQU,medium_airport,Qualicum Beach Airport,Qualicum Beach,CA,49.3375,-124.3931,yes,America/Vancouver
XRH,medium_airport,RAAF Base Richmond,Richmond,AU,-33.6047,150.7831,no,Australia/Sydney
XRQ,small_airport,New Barag Right Banner Baogede Airport,New Barag Right Banner,CN,48.5756,116.9394,no,Asia/Shanghai
XRR,medium_airport,Ross River Airport,Ross River,CA,61.9706,-132.4230,no,America/Whitehorse
XRY,medium_airport,Jerez Airport,Jerez de la Frontera,ES,36.7446,-6.0601,yes,Europe/Madrid
XSB,medium_airport,Sir Bani Yas Airport,Sir Bani Yas,AE,24.2836,52.5803,no,Asia/Dubai
XSC,medium_airport,South Caicos Airport,South Caicos,TC,21.5157,-71.5285,yes,America/Grand_Turk
XSD,small_airport,Tonopah Test Range Airport,Tonopah,US,37.7988,-116.7810,no,America/Los_Angeles
XSE,small_airport,Sebba Airport,Sebba,BF,13.4500,0.5170,no,Africa/Ouagadougou
XSI,small_airport,South Indian Lake Airport,South Indian Lake,CA,56.7928,-98.9072,yes,America/Winnipeg
XSO,small_airport,Siocon Airport,Siocon,PH,7.7100,122.1620,no,Asia/Manila
XSP,medium_airport,Seletar Airport,Seletar,SG,1.4156,103.8667,yes,Asia/Singapore
XTG,medium_airport,Thargomindah Airport,Thargomindah,AU,-27.9864,143.8121,yes,Australia/Brisbane
XTL,small_airport,Tadoule Lake Airport,Tadoule Lake,CA,58.7063,-98.5111,yes,America/Winnipeg
XTO,small_airport,Taroom Airport,,AU,-25.8017,149.9000,no,Australia/Brisbane
XTR,small_airport,Tara Airport,,AU,-27.1631,150.4764,no,Australia/Brisbane
XUZ,medium_airport,Xuzhou Guanyin International Airport,Xuzhou,CN,34.0591,117.5553,yes,Asia/Shanghai
XWA,medium_airport,Williston Basin International Airport,Williston,US,48.2609,-103.7512,yes,America/Chicago
XYA,small_airport,Yandina Airport,Yandina,SB,-9.0928,159.2184,yes,Pacific/Guadalcanal
XYE,small_airport,Ye Airport,Ye,MM,15.3014,97.8643,no,Asia/Yangon
XYR,small_airport,Edwaki Airport,Yellow River Mission,PG,-3.8840,141.7922,no,Pacific/Port_Moresby
XZA,small_airport,Zabré Airport,Zabré,BF,11.1670,-0.6170,no,Africa/Ouagadougou
YAA,medium_airport,Anahim Lake Airport,Anahim Lake,CA,52.4515,-125.3038,yes,America/Vancouver
YAB,small_airport,Arctic Bay Airport,Arctic Bay,CA,73.0061,-85.0462,yes,America/Rankin_Inlet
YAC,small_airport,Cat Lake Airport,Cat Lake,CA,51.7272,-91.8244,yes,America/Winnipeg
YAE,small_airport,Yartsevo Airport,Yartsevo,RU,60.2550,90.1950,no,Asia/Krasnoyarsk
YAG,medium_airport,Fort Frances Municipal Airport,Fort Frances,CA,48.6557,-93.4435,yes,America/Winnipeg
YAH,medium_airport,La Grande-4 Airport,La Grande-4,CA,53.7547,-73.6753,no,America/Toronto
YAI,medium_airport,Gral. Bernardo O´Higgins Airport,Chillan,CL,-36.5825,-72.0314,no,America/Santiago
YAK,medium_airport,Yakutat Airport,Yakutat,US,59.5087,-139.6604,yes,America/Yakutat
YAL,small_airport,Alert Bay Airport,Alert Bay,CA,50.5822,-126.9160,yes,America/Vancouver
YAM,medium_airport,Sault Ste Marie Airport,Sault Ste Marie,CA,46.4832,-84.5085,yes,America/Toronto
YAN,small_airport,Yangambi Airport,Yangambi,CD,0.7830,24.4670,no,Africa/Lubumbashi
YAO,medium_airport,Yaoundé Ville Airport,Yaoundé,CM,3.8360,11.5235,no,Africa/Douala
YAP,large_airport,Yap International Airport,Yap Island,FM,9.4989,138.0830,yes,Pacific/Chuuk
YAR,small_airport,La Grande-3 Airport,La Grande-3,CA,53.5717,-76.1964,no,America/Toronto
YAS,small_airport,Yasawa Island Airport,Yasawa Island,FJ,-16.7589,177.5450,yes,Pacific/Fiji
YAT,small_airport,Attawapiskat Airport,Attawapiskat,CA,52.9275,-82.4319,yes,America/Toronto
YAU,small_airport,Donaldson Airport,Kattiniq,CA,61.6622,-73.3214,no,America/Toronto
YAX,small_airport,Wapekeka Airport,Angling Lake,CA,53.8492,-89.5794,yes,America/Winnipeg
YAY,medium_airport,St. Anthony Airport,St. Anthony,CA,51.3919,-56.0832,yes,America/St_Johns
YAZ,medium_airport,Tofino / Long Beach Airport,Tofino,CA,49.0798,-125.7756,yes,America/Vancouver
YBA,small_airport,Banff Airport,Banff,CA,51.2082,-115.5406,no,America/Edmonton
YBB,small_airport,Kugaaruk Airport,Kugaaruk,CA,68.5357,-89.8055,yes,America/Cambridge_Bay
YBC,medium_airport,Baie-Comeau Airport,Baie-Comeau,CA,49.1325,-68.2044,yes,America/Toronto
YBE,small_airport,Uranium City Airport,Uranium City,CA,59.5614,-108.4810,yes,America/Regina
YBG,medium_airport,Saguenay-Bagotville Airport,Saguenay,CA,48.3301,-70.9920,yes,America/Toronto
YBI,small_airport,Black Tickle Airport,Black Tickle,CA,53.4698,-55.7875,yes,America/St_Johns
YBK,medium_airport,Baker Lake Airport,Baker Lake,CA,64.2989,-96.0778,yes,America/Rankin_Inlet
YBL,medium_airport,Campbell River Airport,Campbell River,CA,49.9508,-125.2710,yes,America/Vancouver
YBO,small_airport,Bob Quinn Lake Airport,Bob Quinn Lake,CA,56.9667,-130.2500,no,America/Vancouver
YBP,medium_airport,Yibin Wuliangye Airport,Yibin (Cuiping),CN,28.8584,104.5262,yes,Asia/Shanghai
YBR,medium_airport,Brandon Municipal Airport,Brandon,CA,49.9100,-99.9519,yes,America/Winnipeg
YBS,small_airport,Opapimiskan Lake Airport,Opapimiskan Lake,CA,52.6067,-90.3769,no,America/Winnipeg
YBT,small_airport,Brochet Airport,Brochet,CA,57.8894,-101.6790,yes,America/Winnipeg
YBV,small_airport,Berens River Airport,Berens River,CA,52.3589,-97.0183,yes,America/Winnipeg
YBX,medium_airport,Lourdes-de-Blanc-Sablon Airport,Blanc-Sablon,CA,51.4436,-57.1853,yes,America/Blanc-Sablon
YBY,medium_airport,Bonnyville Airport,Bonnyville,CA,54.3042,-110.7440,yes,America/Edmonton
YCA,small_airport,Courtenay Airpark,Courtenay,CA,49.6792,-124.9806,no,America/Vancouver
YCB,medium_airport,Cambridge Bay Airport,Cambridge Bay,CA,69.1081,-105.1380,yes,America/Cambridge_Bay
YCC,medium_airport,Cornwall Regional Airport,Cornwall,CA,45.0926,-74.5677,no,America/Toronto
YCD,medium_airport,Nanaimo Airport,Nanaimo,CA,49.0550,-123.8699,yes,America/Vancouver
YCE,medium_airport,Centralia / James T. Field Memorial Aerodrome,Huron Park,CA,43.2856,-81.5083,no,America/Toronto
YCG,medium_airport,Castlegar/West Kootenay Regional Airport,Castlegar,CA,49.2964,-117.6320,yes,America/Vancouver
YCH,medium_airport,Miramichi Airport,Miramichi,CA,47.0078,-65.4492,no,America/Moncton
YCK,small_airport,Tommy Kochon Airport,Colville Lake,CA,67.0202,-126.1284,yes,America/Inuvik
YCL,medium_airport,Charlo Airport,Charlo,CA,47.9908,-66.3303,yes,America/Moncton
YCM,medium_airport,Niagara District Airport,Niagara-on-the-Lake,CA,43.1916,-79.1717,yes,America/Toronto
YCN,medium_airport,Cochrane Airport,Cochrane,CA,49.1056,-81.0136,no,America/Toronto
YCO,small_airport,Kugluktuk Airport,Kugluktuk,CA,67.8164,-115.1431,yes,America/Cambridge_Bay
YCQ,medium_airport,Chetwynd Airport,Chetwynd,CA,55.6872,-121.6270,no,America/Dawson_Creek
YCR,small_airport,Cross Lake (Charlie Sinclair Memorial) Airport,Cross Lake,CA,54.6098,-97.7624,yes,America/Winnipeg
YCS,small_airport,Chesterfield Inlet Airport,Chesterfield Inlet,CA,63.3469,-90.7311,yes,America/Rankin_Inlet
YCT,small_airport,Coronation Airport,Coronation,CA,52.0750,-111.4450,no,America/Edmonton
YCU,large_airport,Yuncheng Yanhu International Airport,Yuncheng (Yanhu),CN,35.1178,111.0340,yes,Asia/Shanghai
YCW,small_airport,Chilliwack Airport,Chilliwack,CA,49.1532,-121.9393,no,America/Vancouver
YCY,small_airport,Clyde River Airport,Clyde River,CA,70.4861,-68.5167,yes,America/Iqaluit
YCZ,small_airport,Fairmont Hot Springs Airport,Fairmont Hot Springs,CA,50.3311,-115.8737,no,America/Edmonton
YDA,medium_airport,Dawson City Airport,Dawson City,CA,64.0431,-139.1280,yes,America/Dawson
YDB,medium_airport,Burwash Airport,Burwash Landing,CA,61.3711,-139.0410,no,America/Dawson
YDC,small_airport,Drayton Valley Industrial Airport,Drayton Valley,CA,53.2658,-114.9600,no,America/Edmonton
YDF,medium_airport,Deer Lake Airport,Deer Lake,CA,49.2082,-57.3961,yes,America/St_Johns
YDG,medium_airport,Digby / Annapolis Regional Airport,Digby,CA,44.5458,-65.7854,no,America/Halifax
YDJ,small_airport,Hatchet Lake Airport,Hatchet Lake,CA,58.6625,-103.5380,no,America/Regina
YDL,small_airport,Dease Lake Airport,Dease Lake,CA,58.4222,-130.0320,yes,America/Vancouver
YDN,medium_airport,Dauphin Barker Airport,Dauphin,CA,51.1008,-100.0520,yes,America/Winnipeg
YDO,medium_airport,Dolbeau-Saint-Felicien Airport,Dolbeau-Saint-Felicien,CA,48.7785,-72.3750,no,America/Toronto
YDP,small_airport,Nain Airport,Nain,CA,56.5508,-61.6822,yes,America/Goose_Bay
YDQ,medium_airport,Dawson Creek Airport,Dawson Creek,CA,55.7412,-120.1833,no,America/Dawson_Creek
YDT,medium_airport,Boundary Bay Airport,Delta,CA,49.0743,-123.0069,no,America/Vancouver
YDU,small_airport,Kasba Lake Airport,Kasba Lake,CA,60.2919,-102.5020,no,America/Edmonton
YDV,small_airport,Bloodvein River Airport,Bloodvein River,CA,51.7846,-96.6923,yes,America/Winnipeg
YDW,small_airport,North of Sixty Airport,Obre Lake,CA,60.3157,-103.1313,no,America/Edmonton
YEB,small_airport,Bar River Airport,Echo Bay,CA,46.4212,-84.0965,no,America/Toronto
YEC,medium_airport,Yecheon Airbase,Yecheon-ri,KR,36.6304,128.3497,no,Asia/Seoul
YEG,large_airport,Edmonton International Airport,Edmonton,CA,53.3097,-113.5800,yes,America/Edmonton
YEH,small_airport,Yinchuan Yueyahu Airport,Yinchuan,CN,38.5881,106.5398,no,Asia/Shanghai
YEI,medium_airport,Bursa Yenişehir Airport,Yenişehir,TR,40.2552,29.5626,yes,Europe/Istanbul
YEK,small_airport,Arviat Airport,Arviat,CA,61.0942,-94.0708,yes,America/Rankin_Inlet
YEL,medium_airport,Elliot Lake Municipal Airport,Elliot Lake,CA,46.3514,-82.5614,no,America/Toronto
YEM,medium_airport,Manitoulin East Municipal Airport,Sheguiandah,CA,45.8424,-81.8576,no,America/Toronto
YEN,medium_airport,Estevan Airport,Estevan,CA,49.2103,-102.9660,no,America/Regina
YEO,medium_airport,RNAS Yeovilton,"Yeovil, Somerset",GB,51.0094,-2.6388,no,Europe/London
YEQ,small_airport,Yenkis(Yankisa) Airport,,PG,-5.1097,143.9177,no,Pacific/Port_Moresby
YER,small_airport,Fort Severn Airport,Fort Severn,CA,56.0189,-87.6761,yes,America/Toronto
YES,medium_airport,Yasuj Airport,Yasuj,IR,30.7022,51.5430,no,Asia/Tehran
YET,medium_airport,Edson Airport,Edson,CA,53.5789,-116.4650,no,America/Edmonton
YEU,small_airport,Eureka Airport,Eureka,CA,79.9947,-85.8142,no,America/Atikokan
YEV,medium_airport,Inuvik Mike Zubko Airport,Inuvik,CA,68.3042,-133.4830,yes,America/Inuvik
YEY,medium_airport,Amos/Magny Airport,Amos,CA,48.5639,-78.2497,no,America/Toronto
YFA,small_airport,Fort Albany Airport,Fort Albany,CA,52.2035,-81.6952,yes,America/Toronto
YFB,medium_airport,Iqaluit Airport,Iqaluit,CA,63.7564,-68.5558,yes,America/Iqaluit
YFC,medium_airport,Fredericton International Airport,Fredericton,CA,45.8687,-66.5299,yes,America/Moncton
YFE,medium_airport,Forestville Airport,Forestville,CA,48.7461,-69.0972,no,America/Toronto
YFG,small_airport,Fontanges Airport,Fontanges,CA,54.5539,-71.1733,no,America/Toronto
YFH,small_airport,Fort Hope Airport,Fort Hope,CA,51.5619,-87.9078,yes,America/Toronto
YFI,small_airport,Fort Mackay / Firebag,Suncor Energy Site,CA,57.2758,-110.9767,no,America/Edmonton
YFJ,small_airport,Wekweètì Airport,Wekweètì,CA,64.1908,-114.0770,yes,America/Edmonton
YFO,small_airport,Flin Flon Airport,Flin Flon,CA,54.6781,-101.6820,yes,America/Winnipeg
YFR,medium_airport,Fort Resolution Airport,Fort Resolution,CA,61.1808,-113.6900,no,America/Edmonton
YFS,medium_airport,Fort Simpson Airport,Fort Simpson,CA,61.7602,-121.2370,yes,America/Inuvik
YFX,small_airport,St. Lewis (Fox Harbour) Airport,St. Lewis,CA,52.3728,-55.6739,yes,America/St_Johns
YGA,small_airport,Yongchuan Da'an General Airport,Chongqing,CN,29.3567,106.0104,no,Asia/Shanghai
YGB,small_airport,Texada Gillies Bay Airport,Texada,CA,49.6943,-124.5181,no,America/Vancouver
YGH,small_airport,Fort Good Hope Airport,Fort Good Hope,CA,66.2407,-128.6478,yes,America/Inuvik
YGJ,medium_airport,Yonago Kitaro Airport / JASDF Miho Air Base,Yonago,JP,35.4922,133.2360,yes,Asia/Tokyo
YGK,medium_airport,Kingston Norman Rogers Airport,Kingston,CA,44.2253,-76.5969,no,America/Toronto
YGL,medium_airport,La Grande Rivière Airport,La Grande Rivière,CA,53.6253,-77.7042,yes,America/Toronto
YGM,medium_airport,Gimli Industrial Park Airport,Gimli,CA,50.6281,-97.0433,no,America/Winnipeg
YGO,small_airport,Gods Lake Narrows Airport,Gods Lake Narrows,CA,54.5577,-94.4901,yes,America/Winnipeg
YGP,medium_airport,Michel-Pouliot Gaspé Airport,Gaspé,CA,48.7749,-64.4819,yes,America/Toronto
YGQ,medium_airport,Geraldton Greenstone Regional Airport,Geraldton,CA,49.7783,-86.9394,no,America/Toronto
YGR,medium_airport,Îles-de-la-Madeleine Airport,Les Îles-de-la-Madeleine,CA,47.4252,-61.7786,yes,America/Halifax
YGT,small_airport,Igloolik Airport,Igloolik,CA,69.3647,-81.8161,yes,America/Iqaluit
YGV,medium_airport,Havre-Saint-Pierre Airport,Havre-Saint-Pierre,CA,50.2819,-63.6114,yes,America/Toronto
YGW,medium_airport,Kuujjuarapik Airport,Kuujjuarapik,CA,55.2819,-77.7653,yes,America/Toronto
YGX,small_airport,Gillam Airport,Gillam,CA,56.3571,-94.7115,yes,America/Winnipeg
YGZ,small_airport,Grise Fiord Airport,Grise Fiord,CA,76.4258,-82.9086,yes,America/Iqaluit
YHA,small_airport,Port Hope Simpson Airport,Port Hope Simpson,CA,52.5281,-56.2861,yes,America/St_Johns
YHB,small_airport,Hudson Bay Airport,Hudson Bay,CA,52.8167,-102.3110,no,America/Regina
YHD,medium_airport,Dryden Regional Airport,Dryden,CA,49.8317,-92.7442,no,America/Winnipeg
YHE,small_airport,Hope Airport / FVRD Regional Airpark,Hope,CA,49.3689,-121.4950,no,America/Vancouver
YHF,medium_airport,Hearst René Fontaine Municipal Airport,Hearst,CA,49.7142,-83.6861,no,America/Toronto
YHG,small_airport,Charlottetown Airport,Charlottetown,CA,52.7658,-56.1124,yes,America/St_Johns
YHI,small_airport,Ulukhaktok Holman Airport,Ulukhaktok,CA,70.7628,-117.8060,yes,America/Edmonton
YHJ,small_airport,Nanchang Yaohu Airport,Nanchang,CN,28.7010,116.1077,no,Asia/Shanghai
YHK,small_airport,Gjoa Haven Airport,Gjoa Haven,CA,68.6356,-95.8497,yes,America/Cambridge_Bay
YHM,medium_airport,John C. Munro Hamilton International Airport,Hamilton,CA,43.1735,-79.9312,yes,America/Toronto
YHN,medium_airport,Hornepayne Municipal Airport,Hornepayne,CA,49.1931,-84.7589,no,America/Toronto
YHO,small_airport,Hopedale Airport,Hopedale,CA,55.4488,-60.2281,yes,America/Goose_Bay
YHP,small_airport,Poplar Hill Airport,Poplar Hill,CA,52.1133,-94.2556,yes,America/Winnipeg
YHR,small_airport,Chevery Airport,Chevery,CA,50.4683,-59.6378,yes,America/Blanc-Sablon
YHS,small_airport,Sechelt-Gibsons Airport,Sechelt,CA,49.4606,-123.7190,no,America/Vancouver
YHT,medium_airport,Haines Junction Airport,Haines Junction,CA,60.7892,-137.5460,no,America/Whitehorse
YHU,medium_airport,Montréal / Saint-Hubert Metropolitan Airport,Montréal,CA,45.5175,-73.4169,yes,America/Toronto
YHY,medium_airport,Hay River / Merlyn Carter Airport,Hay River,CA,60.8397,-115.7830,yes,America/Edmonton
YHZ,large_airport,Halifax / Stanfield International Airport,Halifax,CA,44.8808,-63.5086,yes,America/Halifax
YIA,large_airport,Yogyakarta International Airport,Yogyakarta,ID,-7.9053,110.0573,yes,Asia/Jakarta
YIB,medium_airport,Atikokan Municipal Airport,Atikokan,CA,48.7739,-91.6386,no,America/Atikokan
YIC,medium_airport,Yichun Mingyueshan Airport,Yichun,CN,27.8025,114.3062,yes,Asia/Shanghai
YIE,medium_airport,Arxan Yi'ershi Airport,Arxan,CN,47.3106,119.9117,yes,Asia/Shanghai
YIF,medium_airport,St Augustin Airport,St-Augustin,CA,51.2117,-58.6583,yes,America/Blanc-Sablon
YIH,medium_airport,Yichang Sanxia Airport,Yichang (Xiaoting),CN,30.5541,111.4826,yes,Asia/Shanghai
YIK,small_airport,Ivujivik Airport,Ivujivik,CA,62.4173,-77.9253,yes,America/Toronto
YIN,medium_airport,Ili Yining International Airport,Ili (Yining / Ghulja),CN,43.9558,81.3303,yes,Asia/Shanghai
YIO,small_airport,Pond Inlet Airport,Pond Inlet,CA,72.6895,-77.9689,yes,America/Iqaluit
YIP,medium_airport,Willow Run Airport,Detroit,US,42.2379,-83.5304,no,America/Detroit
YIV,medium_airport,Island Lake Airport,Island Lake,CA,53.8572,-94.6536,yes,America/Winnipeg
YIW,large_airport,Yiwu Airport,Yiwu/Jinhua,CN,29.3421,120.0312,yes,Asia/Shanghai
YJA,small_airport,Jasper Airport,Jasper,CA,52.9964,-118.0602,no,America/Edmonton
YJF,medium_airport,Fort Liard Airport,Fort Liard,CA,60.2358,-123.4690,no,America/Inuvik
YJN,medium_airport,St Jean Airport,St Jean,CA,45.2944,-73.2811,no,America/Toronto
YJP,small_airport,Jasper-Hinton Airport,Hinton,CA,53.3192,-117.7530,no,America/Edmonton
YJS,small_airport,Samjiyŏn Airport,Samjiyŏn,KP,41.9071,128.4098,no,Asia/Pyongyang
YJT,medium_airport,Stephenville Dymond International Airport,Stephenville,CA,48.5434,-58.5529,yes,America/St_Johns
YKA,medium_airport,Kamloops John Moose Fulton Field Regional Airport,Kamloops,CA,50.7030,-120.4486,yes,America/Vancouver
YKC,small_airport,Collins Bay Airport,Collins Bay,CA,58.2361,-103.6780,no,America/Regina
YKD,medium_airport,Kincardine Municipal Airport,Kincardine,CA,44.2014,-81.6067,no,America/Toronto
YKE,small_airport,Knee Lake Airport,Knee Lake,CA,54.9153,-94.7981,no,America/Winnipeg
YKF,medium_airport,Region of Waterloo International Airport,Breslau,CA,43.4608,-80.3786,yes,America/Toronto
YKG,small_airport,Kangirsuk Airport,Kangirsuk,CA,60.0272,-69.9992,yes,America/Toronto
YKH,medium_airport,Yingkou Lanqi Airport,Yingkou (Laobian),CN,40.5425,122.3586,yes,Asia/Shanghai
YKJ,medium_airport,Key Lake Airport,Key Lake,CA,57.2561,-105.6180,no,America/Regina
YKL,medium_airport,Schefferville Airport,Schefferville,CA,54.8053,-66.8053,yes,America/Toronto
YKM,medium_airport,Yakima Air Terminal McAllister Field,Yakima,US,46.5682,-120.5440,yes,America/Los_Angeles
YKN,medium_airport,Chan Gurney Municipal Airport,Yankton,US,42.9167,-97.3859,no,America/Chicago
YKO,medium_airport,Hakkari Yüksekova Airport,Hakkari,TR,37.5497,44.2381,yes,Europe/Istanbul
YKQ,small_airport,Waskaganish Airport,Waskaganish,CA,51.4733,-78.7583,yes,America/Toronto
YKS,large_airport,Platon Oyunsky Yakutsk International Airport,Yakutsk,RU,62.0933,129.7710,yes,Asia/Yakutsk
YKU,small_airport,Chisasibi Airport,Chisasibi,CA,53.8056,-78.9169,yes,America/Toronto
YKX,medium_airport,Kirkland Lake Airport,Kirkland Lake,CA,48.2103,-79.9814,no,America/Toronto
YKY,medium_airport,Kindersley Airport,Kindersley,CA,51.5175,-109.1810,no,America/Swift_Current
YLB,small_airport,Lac La Biche Airport,Lac La Biche,CA,54.7703,-112.0320,no,America/Edmonton
YLC,small_airport,Kimmirut Airport,Kimmirut,CA,62.8483,-69.8779,yes,America/Iqaluit
YLD,medium_airport,Chapleau Airport,Chapleau,CA,47.8200,-83.3467,no,America/Toronto
YLE,small_airport,Whatì Airport,Whatì,CA,63.1317,-117.2460,yes,America/Edmonton
YLG,small_airport,Yalgoo Airport,Yalgoo,AU,-28.3553,116.6840,no,Australia/Perth
YLH,small_airport,Lansdowne House Airport,Lansdowne House,CA,52.1956,-87.9342,yes,America/Toronto
YLI,medium_airport,Ylivieska Airfield,Ylivieska,FI,64.0547,24.7253,no,Europe/Helsinki
YLJ,medium_airport,Meadow Lake Airport,Meadow Lake,CA,54.1253,-108.5230,no,America/Swift_Current
YLK,medium_airport,Barrie-Lake Simcoe Regional Airport,Barrie,CA,44.4851,-79.5547,yes,America/Toronto
YLL,medium_airport,Lloydminster Airport,Lloydminster,CA,53.3092,-110.0730,yes,America/Edmonton
YLP,small_airport,Mingan Airport,Longue-Pointe-de-Mingan,CA,50.2869,-64.1528,no,America/Toronto
YLQ,small_airport,La Tuque Airport,La Tuque,CA,47.4097,-72.7889,no,America/Toronto
YLR,medium_airport,Leaf Rapids Airport,Leaf Rapids,CA,56.5133,-99.9853,no,America/Winnipeg
YLS,small_airport,Lebel-sur-Quevillon Airport,Lebel-sur-Quévillon,CA,49.0303,-77.0172,no,America/Toronto
YLT,medium_airport,Alert Airport,Alert,CA,82.5173,-62.2830,no,America/Iqaluit
YLV,small_airport,Yevlakh Airport,Yevlakh,AZ,40.6319,47.1419,no,Asia/Baku
YLW,large_airport,Kelowna International Airport,Kelowna,CA,49.9561,-119.3780,yes,America/Vancouver
YLX,medium_airport,Yulin Fumian Airport,Yulin,CN,22.4330,110.1200,yes,Asia/Shanghai
YLY,medium_airport,Langley Airport,Langley,CA,49.1008,-122.6310,no,America/Vancouver
YMA,medium_airport,Mayo Airport,Mayo,CA,63.6164,-135.8680,no,America/Whitehorse
YMB,small_airport,Merritt Airport,Merritt,CA,50.1225,-120.7454,no,America/Vancouver
YME,medium_airport,Matane Airport,Matane,CA,48.8569,-67.4533,no,America/Toronto
YMG,medium_airport,Manitouwadge Airport,Manitouwadge,CA,49.0839,-85.8606,no,America/Toronto
YMH,small_airport,Mary's Harbour Airport,Mary's Harbour,CA,52.3028,-55.8474,yes,America/St_Johns
YMJ,medium_airport,Moose Jaw Air Vice Marshal C. M. McEwen Airport,Moose Jaw,CA,50.3303,-105.5590,no,America/Regina
YMK,small_airport,Mys Kamenny Airport,Mys Kamennyi,RU,68.4677,73.5967,no,Asia/Yekaterinburg
YML,medium_airport,Charlevoix Airport,Charlevoix,CA,47.5975,-70.2239,no,America/Toronto
YMM,medium_airport,Fort McMurray International Airport,Fort McMurray,CA,56.6533,-111.2220,yes,America/Edmonton
YMN,small_airport,Makkovik Airport,Makkovik,CA,55.0773,-59.1879,yes,America/Goose_Bay
YMO,medium_airport,Moosonee Airport,Moosonee,CA,51.2911,-80.6078,yes,America/Toronto
YMP,small_airport,Port McNeill Airport,Port McNeill,CA,50.5735,-127.0277,yes,America/Vancouver
YMS,medium_airport,Moises Benzaquen Rengifo Airport,Yurimaguas,PE,-5.8938,-76.1182,yes,America/Lima
YMT,medium_airport,Chapais Airport,Chibougamau,CA,49.7719,-74.5281,yes,America/Toronto
YMV,small_airport,Mary River Aerodrome,Mary River,CA,71.3242,-79.3569,no,America/Iqaluit
YMW,small_airport,Maniwaki Airport,Messines,CA,46.2728,-75.9906,no,America/Toronto
YMX,medium_airport,Montreal Mirabel International Airport,Montréal,CA,45.6795,-74.0387,yes,America/Toronto
YNA,medium_airport,Natashquan Airport,Natashquan,CA,50.1901,-61.7890,yes,America/Blanc-Sablon
YNB,large_airport,Prince Abdulmohsen Bin Abdulaziz International Airport,Yanbu,SA,24.1442,38.0634,yes,Asia/Riyadh
YNC,small_airport,Wemindji Airport,Wemindji,CA,53.0106,-78.8311,yes,America/Toronto
YND,medium_airport,Ottawa / Gatineau Airport,Gatineau,CA,45.5217,-75.5636,yes,America/Toronto
YNE,small_airport,Norway House Airport,Norway House,CA,53.9583,-97.8442,yes,America/Winnipeg
YNG,medium_airport,Youngstown Warren Regional Airport,Youngstown/Warren,US,41.2607,-80.6791,no,America/New_York
YNH,small_airport,Hudson's Hope Airport,Hudson's Hope,CA,56.0351,-121.9783,no,America/Dawson_Creek
YNJ,medium_airport,Yanji Chaoyangchuan Airport,Yanji,CN,42.8828,129.4510,yes,Asia/Shanghai
YNL,medium_airport,Points North Landing Airport,Points North Landing,CA,58.2767,-104.0820,yes,America/Regina
YNM,medium_airport,Matagami Airport,Matagami,CA,49.7617,-77.8028,no,America/Toronto
YNO,small_airport,North Spirit Lake Airport,North Spirit Lake,CA,52.4900,-92.9711,yes,America/Winnipeg
YNP,small_airport,Natuashish Airport,Natuashish,CA,55.9139,-61.1844,yes,America/Goose_Bay
YNS,small_airport,Nemiscau Airport,Nemiscau,CA,51.6911,-76.1356,yes,America/Toronto
YNT,large_airport,Yantai Penglai International Airport,Yantai,CN,37.6597,120.9781,yes,Asia/Shanghai
YNX,small_airport,Snap Lake Airport,Snap Lake Mine,CA,63.5936,-110.9060,no,America/Edmonton
YNY,large_airport,Yangyang International Airport,Gonghang-ro,KR,38.0605,128.6698,yes,Asia/Seoul
YNZ,large_airport,Yancheng Nanyang International Airport,Yancheng (Tinghu),CN,33.4283,120.2054,yes,Asia/Shanghai
YOA,medium_airport,Ekati Airport,Ekati,CA,64.6989,-110.6150,no,America/Edmonton
YOC,small_airport,Old Crow Airport,Old Crow,CA,67.5706,-139.8390,yes,America/Dawson
YOD,medium_airport,CFB Cold Lake,Cold Lake,CA,54.4050,-110.2790,no,America/Edmonton
YOE,small_airport,Donnelly Airport,Donnelly,CA,55.7094,-117.0940,no,America/Edmonton
YOG,small_airport,Ogoki Post Airport,Ogoki Post,CA,51.6586,-85.9017,yes,America/Toronto
YOH,small_airport,Oxford House Airport,Oxford House,CA,54.9333,-95.2789,yes,America/Winnipeg
YOI,small_airport,Opinaca Aerodrome,Éléonore Mine,CA,52.2219,-76.6119,no,America/Toronto
YOJ,medium_airport,High Level Airport,High Level,CA,58.6214,-117.1650,yes,America/Edmonton
YOL,medium_airport,Yola Airport,Yola,NG,9.2576,12.4304,yes,Africa/Lagos
YON,small_airport,Yongphulla Airport,Yongphulla,BT,27.2563,91.5146,yes,Asia/Thimphu
YOO,medium_airport,Oshawa Executive Airport,Oshawa,CA,43.9228,-78.8950,no,America/Toronto
YOP,medium_airport,Rainbow Lake Airport,Rainbow Lake,CA,58.4914,-119.4080,no,America/Edmonton
YOS,medium_airport,Owen Sound / Billy Bishop Regional Airport,Owen Sound,CA,44.5903,-80.8375,no,America/Toronto
YOW,large_airport,Ottawa Macdonald-Cartier International Airport,Ottawa,CA,45.3225,-75.6692,yes,America/Toronto
YPA,medium_airport,Prince Albert Glass Field,Prince Albert,CA,53.2142,-105.6730,yes,America/Regina
YPB,small_airport,Alberni Valley Regional Airport,Port Alberni,CA,49.3219,-124.9310,no,America/Vancouver
YPC,small_airport,Paulatuk (Nora Aliqatchialuk Ruben) Airport,Paulatuk,CA,69.3608,-124.0755,yes,America/Inuvik
YPD,small_airport,Parry Sound Area Municipal Airport,Parry Sound,CA,45.2575,-79.8297,no,America/Toronto
YPE,medium_airport,Peace River Airport,Peace River,CA,56.2269,-117.4470,yes,America/Edmonton
YPG,medium_airport,Portage-la-Prairie / Southport Airport,Portage la Prairie,CA,49.9031,-98.2738,no,America/Winnipeg
YPH,small_airport,Inukjuak Airport,Inukjuak,CA,58.4719,-78.0769,yes,America/Toronto
YPJ,small_airport,Aupaluk Airport,Aupaluk,CA,59.2967,-69.5997,yes,America/Toronto
YPL,medium_airport,Pickle Lake Airport,Pickle Lake,CA,51.4464,-90.2142,yes,America/Atikokan
YPM,small_airport,Pikangikum Airport,Pikangikum,CA,51.8197,-93.9733,yes,America/Winnipeg
YPN,medium_airport,Port-Menier Airport,Port-Menier,CA,49.8364,-64.2886,yes,America/Toronto
YPO,small_airport,Peawanuck Airport,Peawanuck,CA,54.9879,-85.4426,yes,America/Toronto
YPQ,medium_airport,Peterborough Regional Airport,Peterborough,CA,44.2323,-78.3621,yes,America/Toronto
YPR,medium_airport,Prince Rupert Airport,Prince Rupert,CA,54.2861,-130.4450,yes,America/Vancouver
YPS,medium_airport,Port Hawkesbury Airport,Port Hawkesbury,CA,45.6567,-61.3681,no,America/Glace_Bay
YPW,medium_airport,Powell River Airport,Powell River,CA,49.8342,-124.5000,yes,America/Vancouver
YPX,medium_airport,Puvirnituq Airport,Puvirnituq,CA,60.0506,-77.2869,yes,America/Toronto
YPY,medium_airport,Fort Chipewyan Airport,Fort Chipewyan,CA,58.7672,-111.1170,yes,America/Edmonton
YPZ,medium_airport,Burns Lake Airport,Burns Lake,CA,54.3764,-125.9510,yes,America/Vancouver
YQA,medium_airport,Muskoka Airport,Gravenhurst,CA,44.9754,-79.3065,yes,America/Toronto
YQB,large_airport,Quebec Jean Lesage International Airport,Quebec,CA,46.7911,-71.3933,yes,America/Toronto
YQC,small_airport,Quaqtaq Airport,Quaqtaq,CA,61.0464,-69.6178,yes,America/Toronto
YQD,medium_airport,The Pas Airport,The Pas,CA,53.9714,-101.0910,yes,America/Winnipeg
YQF,medium_airport,Red Deer Regional Airport,Springbrook,CA,52.1822,-113.8940,no,America/Edmonton
YQG,medium_airport,Windsor International Airport,Windsor,CA,42.2756,-82.9556,yes,America/Toronto
YQH,medium_airport,Watson Lake Airport,Watson Lake,CA,60.1168,-128.8220,yes,America/Whitehorse
YQI,medium_airport,Yarmouth Airport,Yarmouth,CA,43.8269,-66.0881,no,America/Halifax
YQK,medium_airport,Kenora Airport,Kenora,CA,49.7883,-94.3631,yes,America/Winnipeg
YQL,medium_airport,Lethbridge County Airport,Lethbridge,CA,49.6303,-112.8000,yes,America/Edmonton
YQM,medium_airport,Greater Moncton Roméo LeBlanc International Airport,Moncton,CA,46.1132,-64.6772,yes,America/Moncton
YQN,medium_airport,Nakina Airport,Nakina,CA,50.1828,-86.6964,yes,America/Toronto
YQQ,medium_airport,Comox Valley International Airport / CFB Comox,Comox,CA,49.7108,-124.8870,yes,America/Vancouver
YQR,medium_airport,Regina International Airport,Regina,CA,50.4319,-104.6609,yes,America/Regina
YQS,medium_airport,St Thomas Municipal Airport,St Thomas,CA,42.7700,-81.1108,no,America/Toronto
YQT,medium_airport,Thunder Bay International Airport,Thunder Bay,CA,48.3719,-89.3239,yes,America/Toronto
YQU,medium_airport,Grande Prairie Airport,Grande Prairie,CA,55.1797,-118.8850,yes,America/Edmonton
YQV,medium_airport,Yorkton Municipal Airport,Yorkton,CA,51.2647,-102.4620,no,America/Regina
YQW,medium_airport,North Battleford Airport,North Battleford,CA,52.7694,-108.2437,no,America/Swift_Current
YQX,medium_airport,Gander International Airport,Gander,CA,48.9363,-54.5677,yes,America/St_Johns
YQY,medium_airport,Sydney / J.A. Douglas McCurdy Airport,Sydney,CA,46.1611,-60.0498,yes,America/Glace_Bay
YQZ,medium_airport,Quesnel Airport,Quesnel,CA,53.0261,-122.5100,yes,America/Vancouver
YRA,small_airport,Rae Lakes Airport,Gamètì,CA,64.1161,-117.3100,yes,America/Edmonton
YRB,medium_airport,Resolute Bay Airport,Resolute Bay,CA,74.7169,-94.9694,yes,America/Resolute
YRD,small_airport,Dean River Airport,Kimsquit Valley,CA,52.8237,-126.9650,no,America/Vancouver
YRF,small_airport,Cartwright Airport,Cartwright,CA,53.6825,-57.0423,yes,America/Goose_Bay
YRG,small_airport,Rigolet Airport,Rigolet,CA,54.1797,-58.4575,yes,America/Goose_Bay
YRI,medium_airport,Rivière-du-Loup Airport,Rivière-du-Loup,CA,47.7644,-69.5847,no,America/Toronto
YRJ,medium_airport,Roberval Airport,Roberval,CA,48.5197,-72.2657,yes,America/Toronto
YRL,medium_airport,Red Lake Airport,Red Lake,CA,51.0669,-93.7931,yes,America/Winnipeg
YRM,small_airport,Rocky Mountain House Airport,Rocky Mountain House,CA,52.4297,-114.9040,no,America/Edmonton
YRO,medium_airport,Ottawa / Rockcliffe Airport,Ottawa,CA,45.4605,-75.6440,yes,America/Toronto
YRQ,medium_airport,Trois-Rivières Airport,Trois-Rivières,CA,46.3528,-72.6794,no,America/Toronto
YRR,small_airport,Stuart Island Airstrip,Big Bay,CA,50.4094,-125.1316,no,America/Vancouver
YRS,small_airport,Red Sucker Lake Airport,Red Sucker Lake,CA,54.1672,-93.5572,yes,America/Winnipeg
YRT,medium_airport,Rankin Inlet Airport,Rankin Inlet,CA,62.8114,-92.1158,yes,America/Rankin_Inlet
YRV,medium_airport,Revelstoke Airport,Revelstoke,CA,50.9622,-118.1843,no,America/Vancouver
YSA,small_airport,Sable Island Airport.,Sable Island,CA,43.9282,-59.9490,no,America/Halifax
YSB,medium_airport,Sudbury Airport,Sudbury,CA,46.6250,-80.7989,yes,America/Toronto
YSC,medium_airport,Sherbrooke Airport,Sherbrooke,CA,45.4386,-71.6914,no,America/Toronto
YSE,small_airport,Squamish Airport,Squamish,CA,49.7817,-123.1620,no,America/Vancouver
YSF,medium_airport,Stony Rapids Airport,Stony Rapids,CA,59.2503,-105.8410,yes,America/Regina
YSG,small_airport,Lutselk'e Airport,Lutselk'e,CA,62.4178,-110.6828,yes,America/Edmonton
YSH,medium_airport,Smiths Falls-Montague (Russ Beach) Airport,Smiths Falls,CA,44.9458,-75.9406,no,America/Toronto
YSJ,medium_airport,Saint John Airport,Saint John,CA,45.3161,-65.8903,yes,America/Moncton
YSK,small_airport,Sanikiluaq Airport,Sanikiluaq,CA,56.5369,-79.2502,yes,America/Iqaluit
YSL,medium_airport,Saint-Léonard Airport,Saint-Léonard,CA,47.1571,-67.8362,yes,America/Moncton
YSM,medium_airport,Fort Smith Airport,Fort Smith,CA,60.0203,-111.9620,yes,America/Edmonton
YSN,medium_airport,Shuswap Regional Airport,Salmon Arm,CA,50.6828,-119.2290,no,America/Vancouver
YSO,small_airport,Postville Airport,Postville,CA,54.9105,-59.7851,yes,America/Goose_Bay
YSP,medium_airport,Marathon Airport,Marathon,CA,48.7553,-86.3444,no,America/Toronto
YSQ,medium_airport,Songyuan Chaganhu Airport,Qian Gorlos Mongol Autonomous County,CN,44.9311,124.5521,yes,Asia/Shanghai
YST,small_airport,St. Theresa Point Airport,St. Theresa Point,CA,53.8453,-94.8520,yes,America/Winnipeg
YSU,medium_airport,Summerside Airport,Slemon Park,CA,46.4406,-63.8336,no,America/Halifax
YSV,small_airport,Saglek Airport,Saglek,CA,58.4743,-62.6540,no,America/Goose_Bay
YSY,small_airport,Sachs Harbour (David Nasogaluak Jr. Saaryuaq) Airport,Sachs Harbour,CA,71.9939,-125.2430,yes,America/Inuvik
YTA,medium_airport,Pembroke Airport,Pembroke,CA,45.8644,-77.2517,no,America/Toronto
YTD,medium_airport,Thicket Portage Airport,Thicket Portage,CA,55.3189,-97.7078,no,America/Winnipeg
YTE,small_airport,Cape Dorset Airport,Kinngait,CA,64.2300,-76.5267,yes,America/Iqaluit
YTF,medium_airport,Alma Airport,Alma,CA,48.5089,-71.6419,no,America/Toronto
YTH,medium_airport,Thompson Airport,Thompson,CA,55.8011,-97.8642,yes,America/Winnipeg
YTL,small_airport,Big Trout Lake Airport,Big Trout Lake,CA,53.8178,-89.8969,yes,America/Winnipeg
YTM,medium_airport,Mont-Tremblant International Airport,La Macaza,CA,46.4094,-74.7800,no,America/Toronto
YTQ,small_airport,Tasiujaq Airport,Tasiujaq,CA,58.6678,-69.9558,yes,America/Toronto
YTR,medium_airport,CFB Trenton,Trenton,CA,44.1189,-77.5281,no,America/Toronto
YTS,medium_airport,Timmins/Victor M. Power,Timmins,CA,48.5697,-81.3767,yes,America/Toronto
YTT,small_airport,Tisdale Airport,Tisdale,CA,52.8367,-104.0670,no,America/Regina
YTW,small_airport,Yutian Wanfang Airport,Hotan (Yutian),CN,36.8085,81.7827,yes,Asia/Shanghai
YTY,medium_airport,Yangzhou Taizhou Airport,Yangzhou,CN,32.5634,119.7198,yes,Asia/Shanghai
YTZ,medium_airport,Billy Bishop Toronto City Airport,Toronto,CA,43.6279,-79.3955,yes,America/Toronto
YUA,medium_airport,Yuanmou Air Base,Chuxiong (Yuanmou),CN,25.7375,101.8820,no,Asia/Shanghai
YUB,small_airport,Tuktoyaktuk / James Gruben Airport,Tuktoyaktuk,CA,69.4333,-133.0260,no,America/Inuvik
YUD,small_airport,Umiujaq Airport,Umiujaq,CA,56.5361,-76.5183,yes,America/Toronto
YUE,small_airport,Yuendumu Airport,,AU,-22.2542,131.7820,no,Australia/Darwin
YUK,small_airport,Syunik Airport,Kapan,AM,39.2023,46.4552,no,Asia/Yerevan
YUL,large_airport,Montreal / Pierre Elliott Trudeau International Airport,Montréal,CA,45.4678,-73.7423,yes,America/Toronto
YUM,medium_airport,Yuma International Airport / Marine Corps Air Station Yuma,Yuma,US,32.6509,-114.6094,yes,America/Phoenix
YUS,medium_airport,Yushu Batang Airport,Yushu (Batang),CN,32.8364,97.0364,yes,Asia/Shanghai
YUT,small_airport,Naujaat Airport,Repulse Bay,CA,66.5210,-86.2252,yes,America/Rankin_Inlet
YUX,medium_airport,Hall Beach Airport,Sanirajak,CA,68.7761,-81.2425,yes,America/Iqaluit
YUY,medium_airport,Rouyn Noranda Airport,Rouyn-Noranda,CA,48.2061,-78.8356,yes,America/Toronto
YVB,medium_airport,Bonaventure Airport,Bonaventure,CA,48.0711,-65.4603,yes,America/Toronto
YVC,medium_airport,La Ronge Airport,La Ronge,CA,55.1514,-105.2620,yes,America/Regina
YVD,small_airport,Yeva Airport,Yeva,PG,-7.5480,146.1880,no,Pacific/Port_Moresby
YVE,medium_airport,Vernon Regional Airport,Vernon,CA,50.2462,-119.3310,no,America/Vancouver
YVG,small_airport,Vermilion Airport,Vermilion,CA,53.3577,-110.8274,no,America/Edmonton
YVM,small_airport,Qikiqtarjuaq Airport,Qikiqtarjuaq,CA,67.5466,-64.0314,yes,America/Iqaluit
YVO,medium_airport,Val-d'Or Airport,Val-d'Or,CA,48.0533,-77.7828,yes,America/Toronto
YVP,medium_airport,Kuujjuaq Airport,Kuujjuaq,CA,58.0961,-68.4269,yes,America/Toronto
YVQ,medium_airport,Norman Wells Airport,Norman Wells,CA,65.2816,-126.7980,yes,America/Inuvik
YVR,large_airport,Vancouver International Airport,Vancouver,CA,49.1939,-123.1840,yes,America/Vancouver
YVT,small_airport,Buffalo Narrows Airport,Buffalo Narrows,CA,55.8419,-108.4180,no,America/Regina
YVV,medium_airport,Wiarton Airport,Wiarton,CA,44.7458,-81.1072,yes,America/Toronto
YVZ,small_airport,Deer Lake Airport,Deer Lake,CA,52.6556,-94.0612,yes,America/Winnipeg
YWB,small_airport,Kangiqsujuaq (Wakeham Bay) Airport,Kangiqsujuaq,CA,61.5886,-71.9294,yes,America/Toronto
YWG,large_airport,Winnipeg / James Armstrong Richardson International Airport,Winnipeg,CA,49.9100,-97.2399,yes,America/Winnipeg
YWJ,small_airport,Déline Airport,Déline,CA,65.2111,-123.4360,yes,America/Inuvik
YWK,medium_airport,Wabush Airport,Wabush,CA,52.9219,-66.8644,yes,America/Goose_Bay
YWL,medium_airport,Williams Lake Airport,Williams Lake,CA,52.1831,-122.0540,yes,America/Vancouver
YWM,small_airport,Williams Harbour Airport,Williams Harbour,CA,52.5674,-55.7849,yes,America/St_Johns
YWP,small_airport,Webequie Airport,Webequie,CA,52.9594,-87.3749,yes,America/Toronto
YWY,medium_airport,Wrigley Airport,Wrigley,CA,63.2094,-123.4370,no,America/Inuvik
YXC,medium_airport,Cranbrook/Canadian Rockies International Airport,Cranbrook,CA,49.6108,-115.7820,yes,America/Edmonton
YXE,large_airport,Saskatoon John G. Diefenbaker International Airport,Saskatoon,CA,52.1707,-106.7008,yes,America/Regina
YXH,medium_airport,Medicine Hat Regional Airport,Medicine Hat,CA,50.0189,-110.7210,yes,America/Edmonton
YXJ,medium_airport,Fort St John / North Peace Regional Airport,Fort Saint John,CA,56.2381,-120.7400,yes,America/Dawson_Creek
YXK,medium_airport,Rimouski Airport,Rimouski,CA,48.4776,-68.4963,yes,America/Toronto
YXL,medium_airport,Sioux Lookout Airport,Sioux Lookout,CA,50.1139,-91.9053,yes,America/Winnipeg
YXN,small_airport,Whale Cove Airport,Whale Cove,CA,62.2400,-92.5981,yes,America/Rankin_Inlet
YXP,small_airport,Pangnirtung Airport,Pangnirtung,CA,66.1449,-65.7136,yes,America/Iqaluit
YXQ,medium_airport,Beaver Creek Airport,Beaver Creek,CA,62.4103,-140.8670,no,America/Dawson
YXR,medium_airport,Earlton (Timiskaming Regional) Airport,Earlton,CA,47.6974,-79.8473,no,America/Toronto
YXS,medium_airport,Prince George (International) Airport,Prince George,CA,53.8843,-122.6666,yes,America/Vancouver
YXT,medium_airport,Northwest Regional Airport Terrace-Kitimat,Terrace,CA,54.4685,-128.5760,yes,America/Vancouver
YXU,medium_airport,London International Airport,London,CA,43.0328,-81.1490,yes,America/Toronto
YXX,medium_airport,Abbotsford International Airport,Abbotsford,CA,49.0253,-122.3610,yes,America/Vancouver
YXY,medium_airport,Whitehorse / Erik Nielsen International Airport,Whitehorse,CA,60.7085,-135.0657,yes,America/Whitehorse
YXZ,medium_airport,Wawa Airport,Wawa,CA,47.9667,-84.7867,no,America/Toronto
YYA,medium_airport,Yueyang Sanhe Airport,Yueyang (Yueyanglou),CN,29.3117,113.2816,yes,Asia/Shanghai
YYB,medium_airport,North Bay Jack Garland Airport,North Bay,CA,46.3636,-79.4228,yes,America/Toronto
YYC,large_airport,Calgary International Airport,Calgary,CA,51.1188,-114.0099,yes,America/Edmonton
YYD,medium_airport,Smithers Airport,Smithers,CA,54.8247,-127.1830,yes,America/Vancouver
YYE,medium_airport,Fort Nelson Airport,Fort Nelson,CA,58.8364,-122.5970,yes,America/Fort_Nelson
YYF,medium_airport,Penticton Airport,Penticton,CA,49.4631,-119.6020,yes,America/Vancouver
YYG,medium_airport,Charlottetown Airport,Charlottetown,CA,46.2889,-63.1252,yes,America/Halifax
YYH,small_airport,Taloyoak Airport,Taloyoak,CA,69.5467,-93.5767,yes,America/Cambridge_Bay
YYJ,large_airport,Victoria International Airport,Victoria,CA,48.6472,-123.4278,yes,America/Vancouver
YYL,medium_airport,Lynn Lake Airport,Lynn Lake,CA,56.8639,-101.0760,yes,America/Winnipeg
YYM,small_airport,Cowley Airport,Cowley,CA,49.6364,-114.0940,no,America/Edmonton
YYN,medium_airport,Swift Current Airport,Swift Current,CA,50.2919,-107.6910,no,America/Swift_Current
YYQ,medium_airport,Churchill Airport,Churchill,CA,58.7392,-94.0650,yes,America/Winnipeg
YYR,medium_airport,Goose Bay Airport,Goose Bay,CA,53.3192,-60.4258,yes,America/Goose_Bay
YYT,large_airport,St. John's International Airport,St. John's,CA,47.6186,-52.7519,yes,America/St_Johns
YYU,medium_airport,Kapuskasing Airport,Kapuskasing,CA,49.4116,-82.4696,no,America/Toronto
YYW,medium_airport,Armstrong Airport,Armstrong,CA,50.2903,-88.9097,no,America/Toronto
YYY,medium_airport,Mont Joli Airport,Mont-Joli,CA,48.6086,-68.2081,yes,America/Toronto
YYZ,large_airport,Toronto Pearson International Airport,Toronto,CA,43.6759,-79.6294,yes,America/Toronto
YZA,medium_airport,Cache Creek-Ashcroft Regional Airport,Cache Creek,CA,50.7753,-121.3213,no,America/Vancouver
YZE,medium_airport,Gore Bay Manitoulin Airport,Gore Bay,CA,45.8853,-82.5678,no,America/Toronto
YZF,medium_airport,Yellowknife International Airport,Yellowknife,CA,62.4628,-114.4400,yes,America/Edmonton
YZG,small_airport,Salluit Airport,Salluit,CA,62.1794,-75.6672,yes,America/Toronto
YZH,medium_airport,Slave Lake Airport,Slave Lake,CA,55.2929,-114.7773,no,America/Edmonton
YZP,medium_airport,Sandspit Airport,Sandspit,CA,53.2543,-131.8140,yes,America/Vancouver
YZR,medium_airport,Chris Hadfield Airport,Sarnia,CA,42.9994,-82.3089,no,America/Toronto
YZS,medium_airport,Coral Harbour Airport,Coral Harbour,CA,64.1933,-83.3594,yes,America/Atikokan
YZT,medium_airport,Port Hardy Airport,Port Hardy,CA,50.6806,-127.3670,yes,America/Vancouver
YZU,medium_airport,Whitecourt Airport,Whitecourt,CA,54.1439,-115.7870,yes,America/Edmonton
YZV,medium_airport,Sept-Îles Airport,Sept-Îles,CA,50.2233,-66.2656,yes,America/Toronto
YZW,medium_airport,Teslin Airport,Teslin,CA,60.1728,-132.7430,no,America/Whitehorse
YZX,medium_airport,CFB Greenwood,Greenwood,CA,44.9844,-64.9169,no,America/Halifax
YZY,medium_airport,Zhangye Ganzhou Airport,Zhangye (Ganzhou),CN,38.8019,100.6750,yes,Asia/Shanghai
YZZ,small_airport,Trail Regional Airport,Trail,CA,49.0556,-117.6090,yes,America/Vancouver
ZAC,small_airport,York Landing Airport,York Landing,CA,56.0894,-96.0892,no,America/Winnipeg
ZAD,large_airport,Zadar Airport,Zadar,HR,44.0970,15.3536,yes,Europe/Zagreb
ZAG,large_airport,Zagreb Franjo Tuđman International Airport,Velika Gorica,HR,45.7429,16.0688,yes,Europe/Zagreb
ZAH,large_airport,Zahedan International Airport,Zahedan,IR,29.4757,60.9062,yes,Asia/Tehran
ZAL,medium_airport,Pichoy Airport,Valdivia,CL,-39.6500,-73.0861,yes,America/Santiago
ZAM,large_airport,Zamboanga International Airport,Zamboanga,PH,6.9224,122.0600,yes,Asia/Manila
ZAO,medium_airport,Cahors Lalbenque airport,Cahors,FR,44.3514,1.4753,no,Europe/Paris
ZAR,medium_airport,Zaria Airport,Zaria,NG,11.1302,7.6858,no,Africa/Lagos
ZAT,medium_airport,Zhaotong Zhaoyang Airport （Not fully opened),Zhaotong,CN,27.2058,103.6915,no,Asia/Shanghai
ZAZ,large_airport,Zaragoza Airport,Zaragoza,ES,41.6662,-1.0415,yes,Europe/Madrid
ZBE,small_airport,Zábřeh Dolní Benešov Airfield,Dolní Benešov,CZ,49.9283,18.0756,no,Europe/Prague
ZBF,medium_airport,Bathurst Airport,South Tetagouche,CA,47.6297,-65.7389,yes,America/Moncton
ZBL,small_airport,Biloela Airport,Biloela,AU,-24.3208,150.5096,no,Australia/Brisbane
ZBM,medium_airport,Bromont (Roland Désourdy) Airport,Bromont,CA,45.2908,-72.7414,no,America/Toronto
ZBO,small_airport,Bowen Airport,Bowen,AU,-20.0180,148.2152,no,Australia/Brisbane
ZBR,medium_airport,Chabahar Konarak International Airport,Konarak,IR,25.4432,60.3822,yes,Asia/Tehran
ZBY,small_airport,Sayaboury Airport,Sainyabuli,LA,19.2436,101.7093,no,Asia/Vientiane
ZCL,medium_airport,General Leobardo C. Ruiz International Airport,Zacatecas,MX,22.8949,-102.6872,yes,America/Mexico_City
ZCO,large_airport,La Araucanía International Airport,Temuco,CL,-38.9259,-72.6515,yes,America/Santiago
ZDY,small_airport,Delma Airport,Delma Island,AE,24.5100,52.3352,yes,Asia/Dubai
ZEC,medium_airport,Secunda Airport,Secunda,ZA,-26.5241,29.1701,no,Africa/Johannesburg
ZEG,small_airport,Senggo Airport,Senggo-Papua Island,ID,-5.6907,139.3504,no,Asia/Jayapura
ZEL,medium_airport,Bella Bella (Campbell Island) Airport,Bella Bella,CA,52.1850,-128.1570,yes,America/Vancouver
ZEM,small_airport,Eastmain River Airport,Eastmain River,CA,52.2264,-78.5225,yes,America/Toronto
ZEN,small_airport,Zenag Airport,Zenag,PG,-6.9522,146.6163,no,Pacific/Port_Moresby
ZER,medium_airport,Ziro Airport,Ziro,IN,27.5883,93.8281,no,Asia/Kolkata
ZFA,medium_airport,Faro Airport,Faro,CA,62.2075,-133.3760,no,America/Whitehorse
ZFD,small_airport,Fond-du-Lac Airport,Fond-du-Lac,CA,59.3344,-107.1820,yes,America/Regina
ZFL,small_airport,Zhaosu Tianma Airport,Zhaosu,CN,43.0885,81.2230,yes,Asia/Shanghai
ZFM,small_airport,Fort Mcpherson Airport,Fort Mcpherson,CA,67.4070,-134.8602,yes,America/Inuvik
ZFN,small_airport,Tulita Airport,Tulita,CA,64.9095,-125.5703,yes,America/Inuvik
ZFW,small_airport,Fairview Airport,Fairview,CA,56.0814,-118.4350,no,America/Edmonton
ZGF,medium_airport,Grand Forks Airport,Grand Forks,CA,49.0156,-118.4310,no,America/Vancouver
ZGI,small_airport,Gods River Airport,Gods River,CA,54.8397,-94.0786,yes,America/Winnipeg
ZGL,small_airport,South Galway Airport,,AU,-25.6746,142.0892,no,Australia/Brisbane
ZGM,small_airport,Ngoma Airport,Ngoma,ZM,-15.9658,25.9333,no,Africa/Lusaka
ZGR,small_airport,Little Grand Rapids Airport,Little Grand Rapids,CA,52.0454,-95.4662,no,America/Winnipeg
ZGS,small_airport,La Romaine Airport,Le Golfe-du-Saint-Laurent,CA,50.2596,-60.6744,yes,America/Blanc-Sablon
ZGU,medium_airport,Gaua Island Airport,Gaua Island,VU,-14.2181,167.5870,no,Pacific/Efate
ZHA,large_airport,Zhanjiang Wuchuan International Airport,Zhanjiang,CN,21.4817,110.5903,yes,Asia/Shanghai
ZHM,small_airport,Shamshernagar Airport,Shamshernagar,BD,24.3983,91.9169,no,Asia/Dhaka
ZHP,small_airport,High Prairie Airport,High Prairie,CA,55.3936,-116.4750,no,America/Edmonton
ZHY,medium_airport,Zhongwei Shapotou Airport,Zhongwei (Shapotou),CN,37.5731,105.1545,yes,Asia/Shanghai
ZIA,large_airport,Zhukovsky International Airport,Moscow,RU,55.5533,38.1500,yes,Europe/Moscow
ZIC,medium_airport,Victoria Airport,Victoria,CL,-38.2456,-72.3486,no,America/Santiago
ZIG,medium_airport,Ziguinchor Airport,Ziguinchor,SN,12.5556,-16.2833,yes,Africa/Dakar
ZIH,large_airport,Ixtapa-Zihuatanejo International Airport,Ixtapa,MX,17.6018,-101.4606,yes,America/Mexico_City
ZIS,small_airport,Alzintan Airport,Zintan,LY,31.7749,12.2501,no,Africa/Tripoli
ZIX,medium_airport,Zhigansk Airport,Zhigansk,RU,66.7965,123.3610,yes,Asia/Yakutsk
ZJG,medium_airport,Jenpeg Airport,Jenpeg,CA,54.5189,-98.0461,no,America/Winnipeg
ZJN,medium_airport,Swan River Airport,Swan River,CA,52.1206,-101.2360,no,America/Winnipeg
ZKB,small_airport,Kasaba Bay Airport,Kasaba Bay,ZM,-8.5250,30.6630,no,Africa/Lusaka
ZKE,small_airport,Kashechewan Airport,Kashechewan,CA,52.2825,-81.6778,yes,America/Toronto
ZKG,small_airport,Kégashka Airport,Côte-Nord-du-Golfe-du-Saint-Laurent,CA,50.1958,-61.2658,no,America/Blanc-Sablon
ZKL,small_airport,Zigong Fengming Airport,Zigong (Gongjing),CN,29.3765,104.6258,no,Asia/Shanghai
ZKP,medium_airport,Zyryanka Airport,Zyryanka,RU,65.7485,150.8889,yes,Asia/Srednekolymsk
ZLO,medium_airport,Playa de Oro International Airport,Manzanillo,MX,19.1448,-104.5590,yes,America/Mexico_City
ZLR,small_airport,Municipal de Linares Airport,Linares,CL,-35.8617,-71.5486,no,America/Santiago
ZLT,small_airport,La Tabatière Airport,La Tabatière,CA,50.8308,-58.9756,yes,America/Blanc-Sablon
ZLX,small_airport,Zalingei Airport,Zalingei,SD,12.9437,23.5631,no,Africa/Khartoum
ZMD,small_airport,Sena Madureira Airport,Sena Madureira,BR,-9.1160,-68.6108,no,America/Rio_Branco
ZMH,small_airport,South Cariboo Region / 108 Mile Airport,108 Mile,CA,51.7361,-121.3330,no,America/Vancouver
ZMM,small_airport,Zamora Airport,Zamora,MX,20.0450,-102.2760,no,America/Mexico_City
ZMT,medium_airport,Masset Airport,Masset,CA,54.0275,-132.1250,yes,America/Vancouver
ZNC,small_airport,Nyac Airport,Nyac,US,60.9807,-159.9940,no,America/Anchorage
ZND,medium_airport,Zinder Airport,Zinder,NE,13.7790,8.9838,yes,Africa/Niamey
ZNE,medium_airport,Newman Airport,Newman,AU,-23.4178,119.8030,yes,Australia/Perth
ZNZ,large_airport,Abeid Amani Karume International Airport,Zanzibar,TZ,-6.2220,39.2249,yes,Africa/Dar_es_Salaam
ZOS,medium_airport,Cañal Bajo Carlos Hott Siebert Airport,Osorno,CL,-40.6112,-73.0610,yes,America/Santiago
ZPB,small_airport,Sachigo Lake Airport,Sachigo Lake,CA,53.8909,-92.1959,yes,America/Winnipeg
ZPC,small_airport,Pucón Airport,Pucon,CL,-39.2928,-71.9159,yes,America/Santiago
ZPH,small_airport,Zephyrhills Municipal Airport,Zephyrhills,US,28.2282,-82.1559,no,America/New_York
ZPO,small_airport,Pinehouse Lake Airport,Pinehouse Lake,CA,55.5281,-106.5820,no,America/Regina
ZQN,large_airport,Queenstown Airport,Queenstown,NZ,-45.0192,168.7464,yes,Pacific/Auckland
ZQW,small_airport,Zweibrücken Airport,Zweibrücken,DE,49.2094,7.4006,no,Europe/Berlin
ZQZ,medium_airport,Zhangjiakou Ningyuan Airport,Zhangjiakou,CN,40.7387,114.9334,yes,Asia/Shanghai
ZRH,large_airport,Zürich Airport,Zurich,CH,47.4581,8.5481,yes,Europe/Zurich
ZRI,medium_airport,Stevanus Rumbewas Airport,Serui,ID,-1.8284,136.0624,no,Asia/Jayapura
ZRJ,small_airport,Round Lake (Weagamow Lake) Airport,Round Lake,CA,52.9436,-91.3128,yes,America/Winnipeg
ZRM,small_airport,Mararena Sarmi Airport,Sarmi,ID,-1.8731,138.7533,no,Asia/Jayapura
ZSA,large_airport,San Salvador International Airport,San Salvador,BS,24.0630,-74.5232,yes,America/Nassau
ZSE,large_airport,Saint-Pierre Pierrefonds Airport,Saint-Pierre,RE,-21.3194,55.4225,yes,Indian/Reunion
ZSJ,medium_airport,Sandy Lake Airport,Sandy Lake,CA,53.0642,-93.3444,yes,America/Winnipeg
ZSS,small_airport,Sassandra Airport,Sassandra,CI,4.9289,-6.1332,no,Africa/Abidjan
ZST,medium_airport,Stewart Airport,Stewart,CA,55.9354,-129.9824,no,America/Vancouver
ZTA,small_airport,Tureia Airport,Tureia,PF,-20.7843,-138.5680,no,Pacific/Tahiti
ZTB,small_airport,Tête-à-la-Baleine Airport,Tête-à-la-Baleine,CA,50.6744,-59.3836,yes,America/Blanc-Sablon
ZTH,medium_airport,Zakynthos International Airport Dionysios Solomos,Zakynthos,GR,37.7509,20.8843,yes,Europe/Athens
ZTM,small_airport,Shamattawa Airport,Shamattawa,CA,55.8636,-92.0811,yes,America/Winnipeg
ZTR,small_airport,Zhytomyr Airport,Zhytomyr,UA,50.2706,28.7386,no,Europe/Kyiv
ZTU,medium_airport,Zaqatala International Airport,Zaqatala,AZ,41.5578,46.6695,no,Asia/Baku
ZUC,medium_airport,Ignace Municipal Airport,Ignace,CA,49.4282,-91.7204,no,America/Winnipeg
ZUD,small_airport,Pupelde Airport,Ancud,CL,-41.9043,-73.7966,no,America/Santiago
ZUH,large_airport,Zhuhai Jinwan Airport,Zhuhai (Jinwan),CN,22.0064,113.3760,yes,Asia/Shanghai
ZUL,small_airport,Zilfi Airport,Zilfi,SA,26.3500,44.8330,no,Asia/Riyadh
ZUM,small_airport,Churchill Falls Airport,Churchill Falls,CA,53.5619,-64.1064,yes,America/Goose_Bay
ZVA,medium_airport,Miandrivazo Airport,Miandrivazo,MG,-19.5628,45.4508,no,Indian/Antananarivo
ZVG,small_airport,Springvale Airport,Springvale,AU,-17.7869,127.6700,no,Australia/Perth
ZVK,medium_airport,Savannakhet Airport,,LA,16.5566,104.7600,no,Asia/Vientiane
ZWA,medium_airport,Andapa Airport,,MG,-14.6517,49.6206,no,Indian/Antananarivo
ZWL,small_airport,Wollaston Lake Airport,Wollaston Lake,CA,58.1069,-103.1720,yes,America/Regina
ZXT,medium_airport,Zabrat Airport,Zabrat,AZ,40.4949,49.9771,no,Asia/Baku
ZYI,medium_airport,Zunyi Xinzhou Airport,Zunyi,CN,27.8107,107.2472,yes,Asia/Shanghai
ZYL,large_airport,Osmany International Airport,Sylhet,BD,24.9640,91.8647,yes,Asia/Dhaka
ZZE,small_airport,Zangilan International Airport,Zangilan,AZ,39.1144,46.7439,no,Asia/Baku
ZZO,small_airport,Zonalnoye Airport,Tymovskoye,RU,50.6699,142.7601,no,Asia/Sakhalin
ZZU,medium_airport,Mzuzu Airport,Mzuzu,MW,-11.4447,34.0118,no,Africa/Blantyre
ZZV,medium_airport,Zanesville Municipal Airport,Zanesville,US,39.9444,-81.8921,no,America/New_York
